Date,Visitor,visitorPTS,Home,homePTS
Tue Oct 19 2021,Brooklyn Nets,104,Milwaukee Bucks,127
Tue Oct 19 2021,Golden State Warriors,121,Los Angeles Lakers,114
Wed Oct 20 2021,Indiana Pacers,122,Charlotte Hornets,123
Wed Oct 20 2021,Chicago Bulls,94,Detroit Pistons,88
Wed Oct 20 2021,Boston Celtics,134,New York Knicks,138
Wed Oct 20 2021,Washington Wizards,98,Toronto Raptors,83
Wed Oct 20 2021,Cleveland Cavaliers,121,Memphis Grizzlies,132
Wed Oct 20 2021,Houston Rockets,106,Minnesota Timberwolves,124
Wed Oct 20 2021,Philadelphia 76ers,117,New Orleans Pelicans,97
Wed Oct 20 2021,Orlando Magic,97,San Antonio Spurs,123
Wed Oct 20 2021,Oklahoma City Thunder,86,Utah Jazz,107
Wed Oct 20 2021,Sacramento Kings,124,Portland Trail Blazers,121
Wed Oct 20 2021,Denver Nuggets,110,Phoenix Suns,98
Thu Oct 21 2021,Dallas Mavericks,87,Atlanta Hawks,113
Thu Oct 21 2021,Milwaukee Bucks,95,Miami Heat,137
Thu Oct 21 2021,Los Angeles Clippers,113,Golden State Warriors,115
Fri Oct 22 2021,New York Knicks,121,Orlando Magic,96
Fri Oct 22 2021,Indiana Pacers,134,Washington Wizards,135
Fri Oct 22 2021,Charlotte Hornets,123,Cleveland Cavaliers,112
Fri Oct 22 2021,Toronto Raptors,115,Boston Celtics,83
Fri Oct 22 2021,Brooklyn Nets,114,Philadelphia 76ers,109
Fri Oct 22 2021,Oklahoma City Thunder,91,Houston Rockets,124
Fri Oct 22 2021,New Orleans Pelicans,112,Chicago Bulls,128
Fri Oct 22 2021,San Antonio Spurs,96,Denver Nuggets,102
Fri Oct 22 2021,Phoenix Suns,115,Los Angeles Lakers,105
Fri Oct 22 2021,Utah Jazz,110,Sacramento Kings,101
Sat Oct 23 2021,Atlanta Hawks,95,Cleveland Cavaliers,101
Sat Oct 23 2021,Miami Heat,91,Indiana Pacers,102
Sat Oct 23 2021,Dallas Mavericks,103,Toronto Raptors,95
Sat Oct 23 2021,Detroit Pistons,82,Chicago Bulls,97
Sat Oct 23 2021,New Orleans Pelicans,89,Minnesota Timberwolves,96
Sat Oct 23 2021,Milwaukee Bucks,121,San Antonio Spurs,111
Sat Oct 23 2021,Phoenix Suns,105,Portland Trail Blazers,134
Sat Oct 23 2021,Memphis Grizzlies,120,Los Angeles Clippers,114
Sun Oct 24 2021,Charlotte Hornets,111,Brooklyn Nets,95
Sun Oct 24 2021,Boston Celtics,107,Houston Rockets,97
Sun Oct 24 2021,Orlando Magic,110,New York Knicks,104
Sun Oct 24 2021,Philadelphia 76ers,115,Oklahoma City Thunder,103
Sun Oct 24 2021,Golden State Warriors,119,Sacramento Kings,107
Sun Oct 24 2021,Memphis Grizzlies,118,Los Angeles Lakers,121
Mon Oct 25 2021,Boston Celtics,140,Charlotte Hornets,129
Mon Oct 25 2021,Milwaukee Bucks,119,Indiana Pacers,109
Mon Oct 25 2021,Chicago Bulls,111,Toronto Raptors,108
Mon Oct 25 2021,Orlando Magic,90,Miami Heat,107
Mon Oct 25 2021,Washington Wizards,90,Brooklyn Nets,104
Mon Oct 25 2021,Detroit Pistons,104,Atlanta Hawks,122
Mon Oct 25 2021,New Orleans Pelicans,107,Minnesota Timberwolves,98
Mon Oct 25 2021,Cleveland Cavaliers,99,Denver Nuggets,87
Mon Oct 25 2021,Portland Trail Blazers,86,Los Angeles Clippers,116
Tue Oct 26 2021,Philadelphia 76ers,99,New York Knicks,112
Tue Oct 26 2021,Golden State Warriors,106,Oklahoma City Thunder,98
Tue Oct 26 2021,Los Angeles Lakers,125,San Antonio Spurs,121
Tue Oct 26 2021,Houston Rockets,106,Dallas Mavericks,116
Tue Oct 26 2021,Denver Nuggets,110,Utah Jazz,122
Wed Oct 27 2021,Charlotte Hornets,120,Orlando Magic,111
Wed Oct 27 2021,Washington Wizards,116,Boston Celtics,107
Wed Oct 27 2021,Miami Heat,106,Brooklyn Nets,93
Wed Oct 27 2021,Indiana Pacers,100,Toronto Raptors,118
Wed Oct 27 2021,Atlanta Hawks,102,New Orleans Pelicans,99
Wed Oct 27 2021,Minnesota Timberwolves,113,Milwaukee Bucks,108
Wed Oct 27 2021,Los Angeles Lakers,115,Oklahoma City Thunder,123
Wed Oct 27 2021,Sacramento Kings,110,Phoenix Suns,107
Wed Oct 27 2021,Memphis Grizzlies,96,Portland Trail Blazers,116
Wed Oct 27 2021,Cleveland Cavaliers,92,Los Angeles Clippers,79
Thu Oct 28 2021,Atlanta Hawks,111,Washington Wizards,122
Thu Oct 28 2021,Detroit Pistons,102,Philadelphia 76ers,110
Thu Oct 28 2021,Utah Jazz,122,Houston Rockets,91
Thu Oct 28 2021,New York Knicks,104,Chicago Bulls,103
Thu Oct 28 2021,San Antonio Spurs,99,Dallas Mavericks,104
Thu Oct 28 2021,Memphis Grizzlies,104,Golden State Warriors,101
Fri Oct 29 2021,Orlando Magic,109,Toronto Raptors,110
Fri Oct 29 2021,Charlotte Hornets,99,Miami Heat,114
Fri Oct 29 2021,Indiana Pacers,98,Brooklyn Nets,105
Fri Oct 29 2021,Sacramento Kings,113,New Orleans Pelicans,109
Fri Oct 29 2021,Dallas Mavericks,75,Denver Nuggets,106
Fri Oct 29 2021,Los Angeles Clippers,92,Portland Trail Blazers,111
Fri Oct 29 2021,Cleveland Cavaliers,101,Los Angeles Lakers,113
Sat Oct 30 2021,Boston Celtics,112,Washington Wizards,115
Sat Oct 30 2021,Orlando Magic,103,Detroit Pistons,110
Sat Oct 30 2021,New York Knicks,123,New Orleans Pelicans,117
Sat Oct 30 2021,Toronto Raptors,97,Indiana Pacers,94
Sat Oct 30 2021,Atlanta Hawks,94,Philadelphia 76ers,122
Sat Oct 30 2021,Utah Jazz,99,Chicago Bulls,107
Sat Oct 30 2021,Miami Heat,129,Memphis Grizzlies,103
Sat Oct 30 2021,San Antonio Spurs,102,Milwaukee Bucks,93
Sat Oct 30 2021,Oklahoma City Thunder,82,Golden State Warriors,103
Sat Oct 30 2021,Denver Nuggets,93,Minnesota Timberwolves,91
Sat Oct 30 2021,Cleveland Cavaliers,92,Phoenix Suns,101
Sun Oct 31 2021,Sacramento Kings,99,Dallas Mavericks,105
Sun Oct 31 2021,Portland Trail Blazers,113,Charlotte Hornets,125
Sun Oct 31 2021,Utah Jazz,107,Milwaukee Bucks,95
Sun Oct 31 2021,Detroit Pistons,91,Brooklyn Nets,117
Sun Oct 31 2021,Houston Rockets,85,Los Angeles Lakers,95
Mon Nov 1 2021,Cleveland Cavaliers,113,Charlotte Hornets,110
Mon Nov 1 2021,San Antonio Spurs,118,Indiana Pacers,131
Mon Nov 1 2021,Portland Trail Blazers,103,Philadelphia 76ers,113
Mon Nov 1 2021,Washington Wizards,111,Atlanta Hawks,118
Mon Nov 1 2021,Chicago Bulls,128,Boston Celtics,114
Mon Nov 1 2021,Toronto Raptors,113,New York Knicks,104
Mon Nov 1 2021,Denver Nuggets,97,Memphis Grizzlies,106
Mon Nov 1 2021,Orlando Magic,115,Minnesota Timberwolves,97
Mon Nov 1 2021,Oklahoma City Thunder,94,Los Angeles Clippers,99
Tue Nov 2 2021,Milwaukee Bucks,117,Detroit Pistons,89
Tue Nov 2 2021,Miami Heat,125,Dallas Mavericks,110
Tue Nov 2 2021,Sacramento Kings,113,Utah Jazz,119
Tue Nov 2 2021,New Orleans Pelicans,100,Phoenix Suns,112
Tue Nov 2 2021,Houston Rockets,117,Los Angeles Lakers,119
Wed Nov 3 2021,Portland Trail Blazers,104,Cleveland Cavaliers,107
Wed Nov 3 2021,New York Knicks,98,Indiana Pacers,111
Wed Nov 3 2021,Boston Celtics,92,Orlando Magic,79
Wed Nov 3 2021,Chicago Bulls,98,Philadelphia 76ers,103
Wed Nov 3 2021,Toronto Raptors,109,Washington Wizards,100
Wed Nov 3 2021,Atlanta Hawks,108,Brooklyn Nets,117
Wed Nov 3 2021,Denver Nuggets,106,Memphis Grizzlies,108
Wed Nov 3 2021,Los Angeles Clippers,126,Minnesota Timberwolves,115
Wed Nov 3 2021,Dallas Mavericks,109,San Antonio Spurs,108
Wed Nov 3 2021,Charlotte Hornets,92,Golden State Warriors,114
Wed Nov 3 2021,New Orleans Pelicans,99,Sacramento Kings,112
Thu Nov 4 2021,Philadelphia 76ers,109,Detroit Pistons,98
Thu Nov 4 2021,Utah Jazz,116,Atlanta Hawks,98
Thu Nov 4 2021,Boston Celtics,95,Miami Heat,78
Thu Nov 4 2021,Houston Rockets,111,Phoenix Suns,123
Thu Nov 4 2021,Oklahoma City Thunder,107,Los Angeles Lakers,104
Fri Nov 5 2021,Brooklyn Nets,96,Detroit Pistons,90
Fri Nov 5 2021,San Antonio Spurs,102,Orlando Magic,89
Fri Nov 5 2021,Memphis Grizzlies,87,Washington Wizards,115
Fri Nov 5 2021,New York Knicks,113,Milwaukee Bucks,98
Fri Nov 5 2021,Cleveland Cavaliers,102,Toronto Raptors,101
Fri Nov 5 2021,Los Angeles Clippers,104,Minnesota Timberwolves,84
Fri Nov 5 2021,New Orleans Pelicans,85,Golden State Warriors,126
Fri Nov 5 2021,Indiana Pacers,106,Portland Trail Blazers,110
Fri Nov 5 2021,Charlotte Hornets,110,Sacramento Kings,140
Sat Nov 6 2021,Houston Rockets,94,Denver Nuggets,95
Sat Nov 6 2021,Utah Jazz,115,Miami Heat,118
Sat Nov 6 2021,Philadelphia 76ers,114,Chicago Bulls,105
Sat Nov 6 2021,Boston Celtics,104,Dallas Mavericks,107
Sat Nov 6 2021,Atlanta Hawks,117,Phoenix Suns,121
Sat Nov 6 2021,Los Angeles Lakers,90,Portland Trail Blazers,105
Sun Nov 7 2021,Brooklyn Nets,116,Toronto Raptors,103
Sun Nov 7 2021,Cleveland Cavaliers,126,New York Knicks,109
Sun Nov 7 2021,Utah Jazz,100,Orlando Magic,107
Sun Nov 7 2021,Indiana Pacers,94,Sacramento Kings,91
Sun Nov 7 2021,Milwaukee Bucks,94,Washington Wizards,101
Sun Nov 7 2021,San Antonio Spurs,94,Oklahoma City Thunder,99
Sun Nov 7 2021,Houston Rockets,107,Golden State Warriors,120
Sun Nov 7 2021,Charlotte Hornets,106,Los Angeles Clippers,120
Mon Nov 8 2021,New York Knicks,103,Philadelphia 76ers,96
Mon Nov 8 2021,Brooklyn Nets,95,Chicago Bulls,118
Mon Nov 8 2021,Minnesota Timberwolves,118,Memphis Grizzlies,125
Mon Nov 8 2021,New Orleans Pelicans,92,Dallas Mavericks,108
Mon Nov 8 2021,Miami Heat,96,Denver Nuggets,113
Mon Nov 8 2021,Atlanta Hawks,113,Golden State Warriors,127
Mon Nov 8 2021,Phoenix Suns,109,Sacramento Kings,104
Mon Nov 8 2021,Charlotte Hornets,123,Los Angeles Lakers,126
Tue Nov 9 2021,Milwaukee Bucks,118,Philadelphia 76ers,109
Tue Nov 9 2021,Atlanta Hawks,98,Utah Jazz,110
Tue Nov 9 2021,Portland Trail Blazers,109,Los Angeles Clippers,117
Wed Nov 10 2021,Washington Wizards,97,Cleveland Cavaliers,94
Wed Nov 10 2021,Brooklyn Nets,123,Orlando Magic,90
Wed Nov 10 2021,Toronto Raptors,88,Boston Celtics,104
Wed Nov 10 2021,Detroit Pistons,112,Houston Rockets,104
Wed Nov 10 2021,Milwaukee Bucks,112,New York Knicks,100
Wed Nov 10 2021,Dallas Mavericks,107,Chicago Bulls,117
Wed Nov 10 2021,Charlotte Hornets,118,Memphis Grizzlies,108
Wed Nov 10 2021,Oklahoma City Thunder,108,New Orleans Pelicans,100
Wed Nov 10 2021,Sacramento Kings,117,San Antonio Spurs,136
Wed Nov 10 2021,Indiana Pacers,98,Denver Nuggets,101
Wed Nov 10 2021,Portland Trail Blazers,109,Phoenix Suns,119
Wed Nov 10 2021,Minnesota Timberwolves,110,Golden State Warriors,123
Wed Nov 10 2021,Miami Heat,117,Los Angeles Lakers,120
Thu Nov 11 2021,Toronto Raptors,115,Philadelphia 76ers,109
Thu Nov 11 2021,Indiana Pacers,111,Utah Jazz,100
Thu Nov 11 2021,Miami Heat,109,Los Angeles Clippers,112
Fri Nov 12 2021,New York Knicks,96,Charlotte Hornets,104
Fri Nov 12 2021,Milwaukee Bucks,113,Boston Celtics,122
Fri Nov 12 2021,Detroit Pistons,78,Cleveland Cavaliers,98
Fri Nov 12 2021,Portland Trail Blazers,104,Houston Rockets,92
Fri Nov 12 2021,Phoenix Suns,119,Memphis Grizzlies,94
Fri Nov 12 2021,Brooklyn Nets,120,New Orleans Pelicans,112
Fri Nov 12 2021,Sacramento Kings,103,Oklahoma City Thunder,105
Fri Nov 12 2021,Dallas Mavericks,123,San Antonio Spurs,109
Fri Nov 12 2021,Atlanta Hawks,96,Denver Nuggets,105
Fri Nov 12 2021,Chicago Bulls,93,Golden State Warriors,119
Fri Nov 12 2021,Minnesota Timberwolves,107,Los Angeles Lakers,83
Sat Nov 13 2021,Miami Heat,111,Utah Jazz,105
Sat Nov 13 2021,Philadelphia 76ers,113,Indiana Pacers,118
Sat Nov 13 2021,Memphis Grizzlies,101,New Orleans Pelicans,112
Sat Nov 13 2021,Washington Wizards,104,Orlando Magic,92
Sat Nov 13 2021,Detroit Pistons,127,Toronto Raptors,121
Sat Nov 13 2021,Boston Celtics,89,Cleveland Cavaliers,91
Sat Nov 13 2021,Minnesota Timberwolves,102,Los Angeles Clippers,129
Sun Nov 14 2021,San Antonio Spurs,106,Los Angeles Lakers,114
Sun Nov 14 2021,Milwaukee Bucks,100,Atlanta Hawks,120
Sun Nov 14 2021,Golden State Warriors,102,Charlotte Hornets,106
Sun Nov 14 2021,Phoenix Suns,115,Houston Rockets,89
Sun Nov 14 2021,Brooklyn Nets,120,Oklahoma City Thunder,96
Sun Nov 14 2021,Portland Trail Blazers,95,Denver Nuggets,124
Sun Nov 14 2021,Chicago Bulls,100,Los Angeles Clippers,90
Mon Nov 15 2021,Boston Celtics,98,Cleveland Cavaliers,92
Mon Nov 15 2021,Sacramento Kings,129,Detroit Pistons,107
Mon Nov 15 2021,New Orleans Pelicans,100,Washington Wizards,105
Mon Nov 15 2021,Orlando Magic,111,Atlanta Hawks,129
Mon Nov 15 2021,Indiana Pacers,84,New York Knicks,92
Mon Nov 15 2021,Denver Nuggets,101,Dallas Mavericks,111
Mon Nov 15 2021,Houston Rockets,102,Memphis Grizzlies,136
Mon Nov 15 2021,Phoenix Suns,99,Minnesota Timberwolves,96
Mon Nov 15 2021,Miami Heat,103,Oklahoma City Thunder,90
Mon Nov 15 2021,Toronto Raptors,113,Portland Trail Blazers,118
Mon Nov 15 2021,Chicago Bulls,121,Los Angeles Lakers,103
Tue Nov 16 2021,Golden State Warriors,117,Brooklyn Nets,99
Tue Nov 16 2021,Philadelphia 76ers,85,Utah Jazz,120
Tue Nov 16 2021,San Antonio Spurs,92,Los Angeles Clippers,106
Wed Nov 17 2021,Washington Wizards,87,Charlotte Hornets,97
Wed Nov 17 2021,Indiana Pacers,89,Detroit Pistons,97
Wed Nov 17 2021,Boston Celtics,99,Atlanta Hawks,110
Wed Nov 17 2021,Cleveland Cavaliers,99,Brooklyn Nets,109
Wed Nov 17 2021,New Orleans Pelicans,98,Miami Heat,113
Wed Nov 17 2021,Los Angeles Lakers,102,Milwaukee Bucks,109
Wed Nov 17 2021,Orlando Magic,104,New York Knicks,98
Wed Nov 17 2021,Sacramento Kings,97,Minnesota Timberwolves,107
Wed Nov 17 2021,Houston Rockets,89,Oklahoma City Thunder,101
Wed Nov 17 2021,Dallas Mavericks,98,Phoenix Suns,105
Wed Nov 17 2021,Chicago Bulls,107,Portland Trail Blazers,112
Thu Nov 18 2021,Golden State Warriors,104,Cleveland Cavaliers,89
Thu Nov 18 2021,Washington Wizards,97,Miami Heat,112
Thu Nov 18 2021,Los Angeles Clippers,108,Memphis Grizzlies,120
Thu Nov 18 2021,San Antonio Spurs,90,Minnesota Timberwolves,115
Thu Nov 18 2021,Philadelphia 76ers,103,Denver Nuggets,89
Thu Nov 18 2021,Toronto Raptors,103,Utah Jazz,119
Fri Nov 19 2021,Indiana Pacers,118,Charlotte Hornets,121
Fri Nov 19 2021,Golden State Warriors,105,Detroit Pistons,102
Fri Nov 19 2021,Los Angeles Lakers,108,Boston Celtics,130
Fri Nov 19 2021,Orlando Magic,113,Brooklyn Nets,115
Fri Nov 19 2021,Oklahoma City Thunder,89,Milwaukee Bucks,96
Fri Nov 19 2021,Los Angeles Clippers,81,New Orleans Pelicans,94
Fri Nov 19 2021,Chicago Bulls,114,Denver Nuggets,108
Fri Nov 19 2021,Dallas Mavericks,104,Phoenix Suns,112
Fri Nov 19 2021,Toronto Raptors,108,Sacramento Kings,89
Sat Nov 20 2021,Houston Rockets,99,New York Knicks,106
Sat Nov 20 2021,New Orleans Pelicans,94,Indiana Pacers,111
Sat Nov 20 2021,Miami Heat,100,Washington Wizards,103
Sat Nov 20 2021,Charlotte Hornets,105,Atlanta Hawks,115
Sat Nov 20 2021,Oklahoma City Thunder,105,Boston Celtics,111
Sat Nov 20 2021,Orlando Magic,108,Milwaukee Bucks,117
Sat Nov 20 2021,Memphis Grizzlies,95,Minnesota Timberwolves,138
Sat Nov 20 2021,Philadelphia 76ers,111,Portland Trail Blazers,118
Sat Nov 20 2021,Utah Jazz,123,Sacramento Kings,105
Sun Nov 21 2021,Dallas Mavericks,91,Los Angeles Clippers,97
Sun Nov 21 2021,Los Angeles Lakers,121,Detroit Pistons,116
Sun Nov 21 2021,New York Knicks,103,Chicago Bulls,109
Sun Nov 21 2021,Denver Nuggets,97,Phoenix Suns,126
Sun Nov 21 2021,Toronto Raptors,104,Golden State Warriors,119
Mon Nov 22 2021,Brooklyn Nets,117,Cleveland Cavaliers,112
Mon Nov 22 2021,Charlotte Hornets,109,Washington Wizards,103
Mon Nov 22 2021,Oklahoma City Thunder,101,Atlanta Hawks,113
Mon Nov 22 2021,Houston Rockets,90,Boston Celtics,108
Mon Nov 22 2021,Indiana Pacers,109,Chicago Bulls,77
Mon Nov 22 2021,Orlando Magic,92,Milwaukee Bucks,123
Mon Nov 22 2021,Minnesota Timberwolves,110,New Orleans Pelicans,96
Mon Nov 22 2021,Phoenix Suns,115,San Antonio Spurs,111
Mon Nov 22 2021,Memphis Grizzlies,119,Utah Jazz,118
Mon Nov 22 2021,Philadelphia 76ers,102,Sacramento Kings,94
Tue Nov 23 2021,Miami Heat,100,Detroit Pistons,92
Tue Nov 23 2021,Los Angeles Lakers,100,New York Knicks,106
Tue Nov 23 2021,Denver Nuggets,100,Portland Trail Blazers,119
Tue Nov 23 2021,Dallas Mavericks,112,Los Angeles Clippers,104
Wed Nov 24 2021,Phoenix Suns,120,Cleveland Cavaliers,115
Wed Nov 24 2021,Los Angeles Lakers,124,Indiana Pacers,116
Wed Nov 24 2021,Charlotte Hornets,106,Orlando Magic,99
Wed Nov 24 2021,Brooklyn Nets,123,Boston Celtics,104
Wed Nov 24 2021,Chicago Bulls,113,Houston Rockets,118
Wed Nov 24 2021,Toronto Raptors,126,Memphis Grizzlies,113
Wed Nov 24 2021,Detroit Pistons,93,Milwaukee Bucks,114
Wed Nov 24 2021,Miami Heat,101,Minnesota Timberwolves,113
Wed Nov 24 2021,Washington Wizards,102,New Orleans Pelicans,127
Wed Nov 24 2021,Utah Jazz,110,Oklahoma City Thunder,104
Wed Nov 24 2021,Atlanta Hawks,124,San Antonio Spurs,106
Wed Nov 24 2021,Philadelphia 76ers,96,Golden State Warriors,116
Wed Nov 24 2021,Portland Trail Blazers,121,Sacramento Kings,125
Fri Nov 26 2021,Detroit Pistons,96,Los Angeles Clippers,107
Fri Nov 26 2021,Minnesota Timberwolves,115,Charlotte Hornets,133
Fri Nov 26 2021,Phoenix Suns,118,New York Knicks,97
Fri Nov 26 2021,Chicago Bulls,123,Orlando Magic,88
Fri Nov 26 2021,Toronto Raptors,97,Indiana Pacers,114
Fri Nov 26 2021,Atlanta Hawks,132,Memphis Grizzlies,100
Fri Nov 26 2021,Washington Wizards,101,Oklahoma City Thunder,99
Fri Nov 26 2021,Boston Celtics,88,San Antonio Spurs,96
Fri Nov 26 2021,Milwaukee Bucks,120,Denver Nuggets,109
Fri Nov 26 2021,New Orleans Pelicans,98,Utah Jazz,97
Fri Nov 26 2021,Portland Trail Blazers,103,Golden State Warriors,118
Fri Nov 26 2021,Sacramento Kings,141,Los Angeles Lakers,137
Sat Nov 27 2021,Minnesota Timberwolves,121,Philadelphia 76ers,120
Sat Nov 27 2021,New York Knicks,99,Atlanta Hawks,90
Sat Nov 27 2021,Phoenix Suns,113,Brooklyn Nets,107
Sat Nov 27 2021,Miami Heat,107,Chicago Bulls,104
Sat Nov 27 2021,Orlando Magic,92,Cleveland Cavaliers,105
Sat Nov 27 2021,Charlotte Hornets,143,Houston Rockets,146
Sat Nov 27 2021,Washington Wizards,120,Dallas Mavericks,114
Sat Nov 27 2021,New Orleans Pelicans,105,Utah Jazz,127
Sun Nov 28 2021,Golden State Warriors,105,Los Angeles Clippers,90
Sun Nov 28 2021,Milwaukee Bucks,118,Indiana Pacers,100
Sun Nov 28 2021,Sacramento Kings,101,Memphis Grizzlies,128
Sun Nov 28 2021,Boston Celtics,109,Toronto Raptors,97
Sun Nov 28 2021,Detroit Pistons,106,Los Angeles Lakers,110
Mon Nov 29 2021,Orlando Magic,96,Philadelphia 76ers,101
Mon Nov 29 2021,Denver Nuggets,120,Miami Heat,111
Mon Nov 29 2021,Charlotte Hornets,119,Chicago Bulls,133
Mon Nov 29 2021,Oklahoma City Thunder,89,Houston Rockets,102
Mon Nov 29 2021,Indiana Pacers,98,Minnesota Timberwolves,100
Mon Nov 29 2021,Cleveland Cavaliers,114,Dallas Mavericks,96
Mon Nov 29 2021,Washington Wizards,99,San Antonio Spurs,116
Mon Nov 29 2021,Portland Trail Blazers,107,Utah Jazz,129
Mon Nov 29 2021,New Orleans Pelicans,123,Los Angeles Clippers,104
Tue Nov 30 2021,New York Knicks,110,Brooklyn Nets,112
Tue Nov 30 2021,Memphis Grizzlies,98,Toronto Raptors,91
Tue Nov 30 2021,Golden State Warriors,96,Phoenix Suns,104
Tue Nov 30 2021,Detroit Pistons,92,Portland Trail Blazers,110
Tue Nov 30 2021,Los Angeles Lakers,117,Sacramento Kings,92
Wed Dec 1 2021,Atlanta Hawks,114,Indiana Pacers,111
Wed Dec 1 2021,Denver Nuggets,103,Orlando Magic,108
Wed Dec 1 2021,Minnesota Timberwolves,107,Washington Wizards,115
Wed Dec 1 2021,Philadelphia 76ers,87,Boston Celtics,88
Wed Dec 1 2021,Cleveland Cavaliers,111,Miami Heat,85
Wed Dec 1 2021,Charlotte Hornets,125,Milwaukee Bucks,127
Wed Dec 1 2021,Dallas Mavericks,139,New Orleans Pelicans,107
Wed Dec 1 2021,Houston Rockets,114,Oklahoma City Thunder,110
Wed Dec 1 2021,Sacramento Kings,124,Los Angeles Clippers,115
Thu Dec 2 2021,Chicago Bulls,119,New York Knicks,115
Thu Dec 2 2021,Milwaukee Bucks,93,Toronto Raptors,97
Thu Dec 2 2021,Oklahoma City Thunder,79,Memphis Grizzlies,152
Thu Dec 2 2021,Detroit Pistons,103,Phoenix Suns,114
Thu Dec 2 2021,San Antonio Spurs,114,Portland Trail Blazers,83
Fri Dec 3 2021,Miami Heat,113,Indiana Pacers,104
Fri Dec 3 2021,Cleveland Cavaliers,116,Washington Wizards,101
Fri Dec 3 2021,Philadelphia 76ers,98,Atlanta Hawks,96
Fri Dec 3 2021,Minnesota Timberwolves,105,Brooklyn Nets,110
Fri Dec 3 2021,Orlando Magic,116,Houston Rockets,118
Fri Dec 3 2021,New Orleans Pelicans,107,Dallas Mavericks,91
Fri Dec 3 2021,Boston Celtics,130,Utah Jazz,137
Fri Dec 3 2021,Phoenix Suns,96,Golden State Warriors,118
Fri Dec 3 2021,Los Angeles Clippers,119,Los Angeles Lakers,115
Sat Dec 4 2021,Denver Nuggets,113,New York Knicks,99
Sat Dec 4 2021,Chicago Bulls,111,Brooklyn Nets,107
Sat Dec 4 2021,Miami Heat,102,Milwaukee Bucks,124
Sat Dec 4 2021,Memphis Grizzlies,97,Dallas Mavericks,90
Sat Dec 4 2021,San Antonio Spurs,112,Golden State Warriors,107
Sat Dec 4 2021,Boston Celtics,145,Portland Trail Blazers,117
Sat Dec 4 2021,Los Angeles Clippers,99,Sacramento Kings,104
Sun Dec 5 2021,Utah Jazz,109,Cleveland Cavaliers,108
Sun Dec 5 2021,Charlotte Hornets,130,Atlanta Hawks,127
Sun Dec 5 2021,Washington Wizards,90,Toronto Raptors,102
Sun Dec 5 2021,New Orleans Pelicans,108,Houston Rockets,118
Mon Dec 6 2021,Philadelphia 76ers,127,Charlotte Hornets,124
Mon Dec 6 2021,Oklahoma City Thunder,114,Detroit Pistons,103
Mon Dec 6 2021,Washington Wizards,110,Indiana Pacers,116
Mon Dec 6 2021,Memphis Grizzlies,105,Miami Heat,90
Mon Dec 6 2021,Denver Nuggets,97,Chicago Bulls,109
Mon Dec 6 2021,Cleveland Cavaliers,104,Milwaukee Bucks,112
Mon Dec 6 2021,Atlanta Hawks,121,Minnesota Timberwolves,110
Mon Dec 6 2021,San Antonio Spurs,104,Phoenix Suns,108
Mon Dec 6 2021,Orlando Magic,95,Golden State Warriors,126
Mon Dec 6 2021,Los Angeles Clippers,102,Portland Trail Blazers,90
Tue Dec 7 2021,Brooklyn Nets,102,Dallas Mavericks,99
Tue Dec 7 2021,New York Knicks,121,San Antonio Spurs,109
Tue Dec 7 2021,Boston Celtics,102,Los Angeles Lakers,117
Wed Dec 8 2021,Philadelphia 76ers,110,Charlotte Hornets,106
Wed Dec 8 2021,Chicago Bulls,92,Cleveland Cavaliers,115
Wed Dec 8 2021,Washington Wizards,119,Detroit Pistons,116
Wed Dec 8 2021,New York Knicks,102,Indiana Pacers,122
Wed Dec 8 2021,Milwaukee Bucks,104,Miami Heat,113
Wed Dec 8 2021,Oklahoma City Thunder,110,Toronto Raptors,109
Wed Dec 8 2021,Brooklyn Nets,104,Houston Rockets,114
Wed Dec 8 2021,Dallas Mavericks,104,Memphis Grizzlies,96
Wed Dec 8 2021,Utah Jazz,136,Minnesota Timberwolves,104
Wed Dec 8 2021,Denver Nuggets,120,New Orleans Pelicans,114
Wed Dec 8 2021,Portland Trail Blazers,94,Golden State Warriors,104
Wed Dec 8 2021,Orlando Magic,130,Sacramento Kings,142
Wed Dec 8 2021,Boston Celtics,111,Los Angeles Clippers,114
Thu Dec 9 2021,Utah Jazz,118,Philadelphia 76ers,96
Thu Dec 9 2021,Los Angeles Lakers,95,Memphis Grizzlies,108
Thu Dec 9 2021,Denver Nuggets,111,San Antonio Spurs,123
Fri Dec 10 2021,Sacramento Kings,123,Charlotte Hornets,124
Fri Dec 10 2021,Dallas Mavericks,93,Indiana Pacers,106
Fri Dec 10 2021,Brooklyn Nets,113,Atlanta Hawks,105
Fri Dec 10 2021,New York Knicks,87,Toronto Raptors,90
Fri Dec 10 2021,Milwaukee Bucks,123,Houston Rockets,114
Fri Dec 10 2021,Cleveland Cavaliers,123,Minnesota Timberwolves,106
Fri Dec 10 2021,Detroit Pistons,93,New Orleans Pelicans,109
Fri Dec 10 2021,Los Angeles Lakers,116,Oklahoma City Thunder,95
Fri Dec 10 2021,Boston Celtics,90,Phoenix Suns,111
Sat Dec 11 2021,Orlando Magic,104,Los Angeles Clippers,106
Sat Dec 11 2021,Utah Jazz,123,Washington Wizards,98
Sat Dec 11 2021,Sacramento Kings,103,Cleveland Cavaliers,117
Sat Dec 11 2021,Houston Rockets,106,Memphis Grizzlies,113
Sat Dec 11 2021,Chicago Bulls,92,Miami Heat,118
Sat Dec 11 2021,Golden State Warriors,93,Philadelphia 76ers,102
Sat Dec 11 2021,Denver Nuggets,127,San Antonio Spurs,112
Sun Dec 12 2021,Milwaukee Bucks,112,New York Knicks,97
Sun Dec 12 2021,Brooklyn Nets,116,Detroit Pistons,104
Sun Dec 12 2021,Dallas Mavericks,103,Oklahoma City Thunder,84
Sun Dec 12 2021,New Orleans Pelicans,97,San Antonio Spurs,112
Sun Dec 12 2021,Minnesota Timberwolves,116,Portland Trail Blazers,111
Sun Dec 12 2021,Orlando Magic,94,Los Angeles Lakers,106
Mon Dec 13 2021,Miami Heat,94,Cleveland Cavaliers,105
Mon Dec 13 2021,Golden State Warriors,102,Indiana Pacers,100
Mon Dec 13 2021,Sacramento Kings,101,Toronto Raptors,124
Mon Dec 13 2021,Houston Rockets,132,Atlanta Hawks,126
Mon Dec 13 2021,Milwaukee Bucks,103,Boston Celtics,117
Mon Dec 13 2021,Philadelphia 76ers,91,Memphis Grizzlies,126
Mon Dec 13 2021,Charlotte Hornets,96,Dallas Mavericks,120
Mon Dec 13 2021,Washington Wizards,107,Denver Nuggets,113
Mon Dec 13 2021,Phoenix Suns,95,Los Angeles Clippers,111
Tue Dec 14 2021,Toronto Raptors,129,Brooklyn Nets,131
Tue Dec 14 2021,Golden State Warriors,105,New York Knicks,96
Tue Dec 14 2021,Phoenix Suns,111,Portland Trail Blazers,107
Wed Dec 15 2021,Houston Rockets,89,Cleveland Cavaliers,124
Wed Dec 15 2021,Atlanta Hawks,111,Orlando Magic,99
Wed Dec 15 2021,Miami Heat,101,Philadelphia 76ers,96
Wed Dec 15 2021,Los Angeles Lakers,107,Dallas Mavericks,104
Wed Dec 15 2021,Indiana Pacers,99,Milwaukee Bucks,114
Wed Dec 15 2021,New Orleans Pelicans,113,Oklahoma City Thunder,110
Wed Dec 15 2021,Charlotte Hornets,131,San Antonio Spurs,115
Wed Dec 15 2021,Minnesota Timberwolves,124,Denver Nuggets,107
Wed Dec 15 2021,Memphis Grizzlies,113,Portland Trail Blazers,103
Wed Dec 15 2021,Washington Wizards,105,Sacramento Kings,119
Wed Dec 15 2021,Los Angeles Clippers,103,Utah Jazz,124
Thu Dec 16 2021,Detroit Pistons,113,Indiana Pacers,122
Thu Dec 16 2021,Philadelphia 76ers,105,Brooklyn Nets,114
Thu Dec 16 2021,New York Knicks,116,Houston Rockets,103
Thu Dec 16 2021,Washington Wizards,98,Phoenix Suns,118
Fri Dec 17 2021,Miami Heat,115,Orlando Magic,105
Fri Dec 17 2021,Denver Nuggets,133,Atlanta Hawks,115
Fri Dec 17 2021,Golden State Warriors,111,Boston Celtics,107
Fri Dec 17 2021,Milwaukee Bucks,112,New Orleans Pelicans,116
Fri Dec 17 2021,San Antonio Spurs,128,Utah Jazz,126
Fri Dec 17 2021,Los Angeles Lakers,92,Minnesota Timberwolves,110
Fri Dec 17 2021,Charlotte Hornets,116,Portland Trail Blazers,125
Fri Dec 17 2021,Memphis Grizzlies,124,Sacramento Kings,105
Sat Dec 18 2021,Houston Rockets,116,Detroit Pistons,107
Sat Dec 18 2021,New York Knicks,107,Boston Celtics,114
Sat Dec 18 2021,Orlando Magic,100,Brooklyn Nets,93
Sat Dec 18 2021,Golden State Warriors,100,Toronto Raptors,119
Sat Dec 18 2021,Los Angeles Clippers,103,Oklahoma City Thunder,104
Sat Dec 18 2021,Cleveland Cavaliers,119,Milwaukee Bucks,90
Sat Dec 18 2021,Washington Wizards,109,Utah Jazz,103
Sun Dec 19 2021,Miami Heat,90,Detroit Pistons,100
Sun Dec 19 2021,Portland Trail Blazers,105,Memphis Grizzlies,100
Sun Dec 19 2021,San Antonio Spurs,114,Sacramento Kings,121
Sun Dec 19 2021,Los Angeles Lakers,110,Chicago Bulls,115
Sun Dec 19 2021,Dallas Mavericks,105,Minnesota Timberwolves,111
Sun Dec 19 2021,Charlotte Hornets,106,Phoenix Suns,137
Mon Dec 20 2021,Philadelphia 76ers,108,Boston Celtics,103
Mon Dec 20 2021,Houston Rockets,118,Chicago Bulls,133
Mon Dec 20 2021,Oklahoma City Thunder,102,Memphis Grizzlies,99
Mon Dec 20 2021,Charlotte Hornets,102,Utah Jazz,112
Mon Dec 20 2021,Sacramento Kings,98,Golden State Warriors,113
Mon Dec 20 2021,San Antonio Spurs,116,Los Angeles Clippers,92
Tue Dec 21 2021,Indiana Pacers,96,Miami Heat,125
Tue Dec 21 2021,Detroit Pistons,91,New York Knicks,105
Tue Dec 21 2021,Portland Trail Blazers,97,New Orleans Pelicans,111
Tue Dec 21 2021,Minnesota Timberwolves,102,Dallas Mavericks,114
Tue Dec 21 2021,Phoenix Suns,108,Los Angeles Lakers,90
Wed Dec 22 2021,Orlando Magic,104,Atlanta Hawks,98
Wed Dec 22 2021,Cleveland Cavaliers,101,Boston Celtics,111
Wed Dec 22 2021,Houston Rockets,106,Milwaukee Bucks,126
Wed Dec 22 2021,Denver Nuggets,94,Oklahoma City Thunder,108
Wed Dec 22 2021,Los Angeles Clippers,105,Sacramento Kings,89
Thu Dec 23 2021,Houston Rockets,106,Indiana Pacers,118
Thu Dec 23 2021,New Orleans Pelicans,110,Orlando Magic,104
Thu Dec 23 2021,Atlanta Hawks,98,Philadelphia 76ers,96
Thu Dec 23 2021,Detroit Pistons,112,Miami Heat,115
Thu Dec 23 2021,Washington Wizards,124,New York Knicks,117
Thu Dec 23 2021,Milwaukee Bucks,102,Dallas Mavericks,95
Thu Dec 23 2021,Charlotte Hornets,115,Denver Nuggets,107
Thu Dec 23 2021,Oklahoma City Thunder,101,Phoenix Suns,113
Thu Dec 23 2021,Minnesota Timberwolves,116,Utah Jazz,128
Thu Dec 23 2021,Memphis Grizzlies,104,Golden State Warriors,113
Thu Dec 23 2021,San Antonio Spurs,138,Los Angeles Lakers,110
Sat Dec 25 2021,Atlanta Hawks,87,New York Knicks,101
Sat Dec 25 2021,Boston Celtics,113,Milwaukee Bucks,117
Sat Dec 25 2021,Golden State Warriors,116,Phoenix Suns,107
Sat Dec 25 2021,Brooklyn Nets,122,Los Angeles Lakers,115
Sat Dec 25 2021,Dallas Mavericks,116,Utah Jazz,120
Sun Dec 26 2021,Orlando Magic,83,Miami Heat,93
Sun Dec 26 2021,Toronto Raptors,99,Cleveland Cavaliers,144
Sun Dec 26 2021,Memphis Grizzlies,127,Sacramento Kings,102
Sun Dec 26 2021,Philadelphia 76ers,117,Washington Wizards,96
Sun Dec 26 2021,New Orleans Pelicans,112,Oklahoma City Thunder,117
Sun Dec 26 2021,Detroit Pistons,109,San Antonio Spurs,144
Sun Dec 26 2021,Indiana Pacers,105,Chicago Bulls,113
Sun Dec 26 2021,Denver Nuggets,103,Los Angeles Clippers,100
Mon Dec 27 2021,Houston Rockets,99,Charlotte Hornets,123
Mon Dec 27 2021,Chicago Bulls,130,Atlanta Hawks,118
Mon Dec 27 2021,Boston Celtics,103,Minnesota Timberwolves,108
Mon Dec 27 2021,Utah Jazz,110,San Antonio Spurs,104
Mon Dec 27 2021,Memphis Grizzlies,114,Phoenix Suns,113
Mon Dec 27 2021,Dallas Mavericks,132,Portland Trail Blazers,117
Mon Dec 27 2021,Brooklyn Nets,124,Los Angeles Clippers,108
Tue Dec 28 2021,Milwaukee Bucks,127,Orlando Magic,110
Tue Dec 28 2021,Washington Wizards,112,Miami Heat,119
Tue Dec 28 2021,Philadelphia 76ers,114,Toronto Raptors,109
Tue Dec 28 2021,Los Angeles Lakers,132,Houston Rockets,123
Tue Dec 28 2021,New York Knicks,96,Minnesota Timberwolves,88
Tue Dec 28 2021,Cleveland Cavaliers,104,New Orleans Pelicans,108
Tue Dec 28 2021,Denver Nuggets,89,Golden State Warriors,86
Tue Dec 28 2021,Oklahoma City Thunder,111,Sacramento Kings,117
Wed Dec 29 2021,New York Knicks,94,Detroit Pistons,85
Wed Dec 29 2021,Charlotte Hornets,116,Indiana Pacers,108
Wed Dec 29 2021,Los Angeles Clippers,91,Boston Celtics,82
Wed Dec 29 2021,Atlanta Hawks,117,Chicago Bulls,131
Wed Dec 29 2021,Los Angeles Lakers,99,Memphis Grizzlies,104
Wed Dec 29 2021,Oklahoma City Thunder,97,Phoenix Suns,115
Wed Dec 29 2021,Utah Jazz,120,Portland Trail Blazers,105
Wed Dec 29 2021,Dallas Mavericks,94,Sacramento Kings,95
Thu Dec 30 2021,Philadelphia 76ers,110,Brooklyn Nets,102
Thu Dec 30 2021,Milwaukee Bucks,136,Orlando Magic,118
Thu Dec 30 2021,Cleveland Cavaliers,93,Washington Wizards,110
Fri Dec 31 2021,Phoenix Suns,108,Boston Celtics,123
Fri Dec 31 2021,Chicago Bulls,108,Indiana Pacers,106
Fri Dec 31 2021,Dallas Mavericks,112,Sacramento Kings,96
Fri Dec 31 2021,Miami Heat,120,Houston Rockets,110
Fri Dec 31 2021,Atlanta Hawks,121,Cleveland Cavaliers,118
Fri Dec 31 2021,Los Angeles Clippers,108,Toronto Raptors,116
Fri Dec 31 2021,San Antonio Spurs,105,Memphis Grizzlies,118
Fri Dec 31 2021,New York Knicks,80,Oklahoma City Thunder,95
Fri Dec 31 2021,Minnesota Timberwolves,108,Utah Jazz,120
Fri Dec 31 2021,Portland Trail Blazers,106,Los Angeles Lakers,139
Sat Jan 1 2022,New Orleans Pelicans,113,Milwaukee Bucks,136
Sat Jan 1 2022,San Antonio Spurs,116,Detroit Pistons,117
Sat Jan 1 2022,Chicago Bulls,120,Washington Wizards,119
Sat Jan 1 2022,Los Angeles Clippers,120,Brooklyn Nets,116
Sat Jan 1 2022,Denver Nuggets,124,Houston Rockets,111
Sat Jan 1 2022,Golden State Warriors,123,Utah Jazz,116
Sun Jan 2 2022,New York Knicks,105,Toronto Raptors,120
Sun Jan 2 2022,Orlando Magic,111,Boston Celtics,116
Sun Jan 2 2022,Indiana Pacers,104,Cleveland Cavaliers,108
Sun Jan 2 2022,Miami Heat,113,Sacramento Kings,115
Sun Jan 2 2022,Phoenix Suns,133,Charlotte Hornets,99
Sun Jan 2 2022,Dallas Mavericks,95,Oklahoma City Thunder,86
Sun Jan 2 2022,Minnesota Timberwolves,103,Los Angeles Lakers,108
Mon Jan 3 2022,Houston Rockets,113,Philadelphia 76ers,133
Mon Jan 3 2022,Charlotte Hornets,121,Washington Wizards,124
Mon Jan 3 2022,Memphis Grizzlies,118,Brooklyn Nets,104
Mon Jan 3 2022,Orlando Magic,98,Chicago Bulls,102
Mon Jan 3 2022,Detroit Pistons,115,Milwaukee Bucks,106
Mon Jan 3 2022,Utah Jazz,115,New Orleans Pelicans,104
Mon Jan 3 2022,Denver Nuggets,89,Dallas Mavericks,103
Mon Jan 3 2022,Miami Heat,108,Golden State Warriors,115
Mon Jan 3 2022,Atlanta Hawks,131,Portland Trail Blazers,136
Mon Jan 3 2022,Minnesota Timberwolves,122,Los Angeles Clippers,104
Tue Jan 4 2022,Memphis Grizzlies,110,Cleveland Cavaliers,106
Tue Jan 4 2022,San Antonio Spurs,104,Toronto Raptors,129
Tue Jan 4 2022,Indiana Pacers,94,New York Knicks,104
Tue Jan 4 2022,Phoenix Suns,123,New Orleans Pelicans,110
Tue Jan 4 2022,Sacramento Kings,114,Los Angeles Lakers,122
Wed Jan 5 2022,Detroit Pistons,111,Charlotte Hornets,140
Wed Jan 5 2022,Philadelphia 76ers,116,Orlando Magic,106
Wed Jan 5 2022,Houston Rockets,114,Washington Wizards,111
Wed Jan 5 2022,San Antonio Spurs,99,Boston Celtics,97
Wed Jan 5 2022,Golden State Warriors,82,Dallas Mavericks,99
Wed Jan 5 2022,Brooklyn Nets,129,Indiana Pacers,121
Wed Jan 5 2022,Toronto Raptors,117,Milwaukee Bucks,111
Wed Jan 5 2022,Oklahoma City Thunder,90,Minnesota Timberwolves,98
Wed Jan 5 2022,Utah Jazz,115,Denver Nuggets,109
Wed Jan 5 2022,Miami Heat,115,Portland Trail Blazers,109
Wed Jan 5 2022,Atlanta Hawks,108,Sacramento Kings,102
Thu Jan 6 2022,Boston Celtics,105,New York Knicks,108
Thu Jan 6 2022,Detroit Pistons,88,Memphis Grizzlies,118
Thu Jan 6 2022,Golden State Warriors,96,New Orleans Pelicans,101
Thu Jan 6 2022,Los Angeles Clippers,89,Phoenix Suns,106
Fri Jan 7 2022,San Antonio Spurs,100,Philadelphia 76ers,119
Fri Jan 7 2022,Milwaukee Bucks,121,Brooklyn Nets,109
Fri Jan 7 2022,Utah Jazz,108,Toronto Raptors,122
Fri Jan 7 2022,Washington Wizards,122,Chicago Bulls,130
Fri Jan 7 2022,Dallas Mavericks,130,Houston Rockets,106
Fri Jan 7 2022,Minnesota Timberwolves,135,Oklahoma City Thunder,105
Fri Jan 7 2022,Sacramento Kings,111,Denver Nuggets,121
Fri Jan 7 2022,Atlanta Hawks,118,Los Angeles Lakers,134
Fri Jan 7 2022,Cleveland Cavaliers,114,Portland Trail Blazers,101
Sat Jan 8 2022,Memphis Grizzlies,123,Los Angeles Clippers,108
Sat Jan 8 2022,Milwaukee Bucks,106,Charlotte Hornets,114
Sat Jan 8 2022,Orlando Magic,92,Detroit Pistons,97
Sat Jan 8 2022,Utah Jazz,113,Indiana Pacers,125
Sat Jan 8 2022,New York Knicks,75,Boston Celtics,99
Sat Jan 8 2022,Miami Heat,123,Phoenix Suns,100
Sun Jan 9 2022,San Antonio Spurs,119,Brooklyn Nets,121
Sun Jan 9 2022,Atlanta Hawks,93,Los Angeles Clippers,106
Sun Jan 9 2022,Washington Wizards,102,Orlando Magic,100
Sun Jan 9 2022,New Orleans Pelicans,101,Toronto Raptors,105
Sun Jan 9 2022,Minnesota Timberwolves,141,Houston Rockets,123
Sun Jan 9 2022,Denver Nuggets,99,Oklahoma City Thunder,95
Sun Jan 9 2022,Chicago Bulls,99,Dallas Mavericks,113
Sun Jan 9 2022,Cleveland Cavaliers,82,Golden State Warriors,96
Sun Jan 9 2022,Sacramento Kings,88,Portland Trail Blazers,103
Sun Jan 9 2022,Memphis Grizzlies,127,Los Angeles Lakers,119
Mon Jan 10 2022,Milwaukee Bucks,99,Charlotte Hornets,103
Mon Jan 10 2022,Utah Jazz,116,Detroit Pistons,126
Mon Jan 10 2022,Indiana Pacers,98,Boston Celtics,101
Mon Jan 10 2022,San Antonio Spurs,96,New York Knicks,111
Mon Jan 10 2022,Philadelphia 76ers,111,Houston Rockets,91
Mon Jan 10 2022,Brooklyn Nets,108,Portland Trail Blazers,114
Mon Jan 10 2022,Cleveland Cavaliers,109,Sacramento Kings,108
Tue Jan 11 2022,Oklahoma City Thunder,118,Washington Wizards,122
Tue Jan 11 2022,Phoenix Suns,99,Toronto Raptors,95
Tue Jan 11 2022,Detroit Pistons,87,Chicago Bulls,133
Tue Jan 11 2022,Golden State Warriors,108,Memphis Grizzlies,116
Tue Jan 11 2022,Minnesota Timberwolves,125,New Orleans Pelicans,128
Tue Jan 11 2022,Denver Nuggets,85,Los Angeles Clippers,87
Wed Jan 12 2022,Boston Celtics,119,Indiana Pacers,100
Wed Jan 12 2022,Charlotte Hornets,109,Philadelphia 76ers,98
Wed Jan 12 2022,Orlando Magic,106,Washington Wizards,112
Wed Jan 12 2022,Miami Heat,115,Atlanta Hawks,91
Wed Jan 12 2022,Dallas Mavericks,85,New York Knicks,108
Wed Jan 12 2022,Houston Rockets,128,San Antonio Spurs,124
Wed Jan 12 2022,Cleveland Cavaliers,111,Utah Jazz,91
Wed Jan 12 2022,Brooklyn Nets,138,Chicago Bulls,112
Wed Jan 12 2022,Los Angeles Lakers,116,Sacramento Kings,125
Thu Jan 13 2022,Golden State Warriors,99,Milwaukee Bucks,118
Thu Jan 13 2022,Minnesota Timberwolves,108,Memphis Grizzlies,116
Thu Jan 13 2022,Los Angeles Clippers,89,New Orleans Pelicans,113
Thu Jan 13 2022,Oklahoma City Thunder,130,Brooklyn Nets,109
Thu Jan 13 2022,Portland Trail Blazers,108,Denver Nuggets,140
Fri Jan 14 2022,Orlando Magic,116,Charlotte Hornets,109
Fri Jan 14 2022,Toronto Raptors,87,Detroit Pistons,103
Fri Jan 14 2022,Phoenix Suns,112,Indiana Pacers,94
Fri Jan 14 2022,Boston Celtics,99,Philadelphia 76ers,111
Fri Jan 14 2022,Golden State Warriors,138,Chicago Bulls,96
Fri Jan 14 2022,Atlanta Hawks,118,Miami Heat,124
Fri Jan 14 2022,Cleveland Cavaliers,114,San Antonio Spurs,109
Fri Jan 14 2022,Dallas Mavericks,112,Memphis Grizzlies,85
Fri Jan 14 2022,Houston Rockets,114,Sacramento Kings,126
Sat Jan 15 2022,Toronto Raptors,103,Milwaukee Bucks,96
Sat Jan 15 2022,Portland Trail Blazers,115,Washington Wizards,110
Sat Jan 15 2022,New York Knicks,117,Atlanta Hawks,108
Sat Jan 15 2022,New Orleans Pelicans,105,Brooklyn Nets,120
Sat Jan 15 2022,Philadelphia 76ers,109,Miami Heat,98
Sat Jan 15 2022,Cleveland Cavaliers,107,Oklahoma City Thunder,102
Sat Jan 15 2022,Chicago Bulls,112,Boston Celtics,114
Sat Jan 15 2022,Los Angeles Clippers,94,San Antonio Spurs,101
Sat Jan 15 2022,Los Angeles Lakers,96,Denver Nuggets,133
Sat Jan 15 2022,Orlando Magic,92,Dallas Mavericks,108
Sun Jan 16 2022,Phoenix Suns,135,Detroit Pistons,108
Sun Jan 16 2022,Houston Rockets,118,Sacramento Kings,112
Sun Jan 16 2022,Utah Jazz,125,Denver Nuggets,102
Sun Jan 16 2022,Golden State Warriors,99,Minnesota Timberwolves,119
Mon Jan 17 2022,New Orleans Pelicans,92,Boston Celtics,104
Mon Jan 17 2022,Charlotte Hornets,97,New York Knicks,87
Mon Jan 17 2022,Philadelphia 76ers,98,Washington Wizards,117
Mon Jan 17 2022,Brooklyn Nets,107,Cleveland Cavaliers,114
Mon Jan 17 2022,Indiana Pacers,133,Los Angeles Clippers,139
Mon Jan 17 2022,Chicago Bulls,106,Memphis Grizzlies,119
Mon Jan 17 2022,Milwaukee Bucks,114,Atlanta Hawks,121
Mon Jan 17 2022,Portland Trail Blazers,98,Orlando Magic,88
Mon Jan 17 2022,Toronto Raptors,99,Miami Heat,104
Mon Jan 17 2022,Oklahoma City Thunder,102,Dallas Mavericks,104
Mon Jan 17 2022,Phoenix Suns,121,San Antonio Spurs,107
Mon Jan 17 2022,Utah Jazz,95,Los Angeles Lakers,101
Tue Jan 18 2022,Minnesota Timberwolves,112,New York Knicks,110
Tue Jan 18 2022,Detroit Pistons,86,Golden State Warriors,102
Wed Jan 19 2022,Orlando Magic,110,Philadelphia 76ers,123
Wed Jan 19 2022,Brooklyn Nets,119,Washington Wizards,118
Wed Jan 19 2022,Minnesota Timberwolves,122,Atlanta Hawks,134
Wed Jan 19 2022,Charlotte Hornets,111,Boston Celtics,102
Wed Jan 19 2022,Portland Trail Blazers,92,Miami Heat,104
Wed Jan 19 2022,Cleveland Cavaliers,104,Chicago Bulls,117
Wed Jan 19 2022,Memphis Grizzlies,114,Milwaukee Bucks,126
Wed Jan 19 2022,Toronto Raptors,98,Dallas Mavericks,102
Wed Jan 19 2022,Oklahoma City Thunder,96,San Antonio Spurs,118
Wed Jan 19 2022,Houston Rockets,116,Utah Jazz,111
Wed Jan 19 2022,Los Angeles Clippers,128,Denver Nuggets,130
Wed Jan 19 2022,Detroit Pistons,133,Sacramento Kings,131
Wed Jan 19 2022,Indiana Pacers,111,Los Angeles Lakers,104
Thu Jan 20 2022,Phoenix Suns,109,Dallas Mavericks,101
Thu Jan 20 2022,New Orleans Pelicans,102,New York Knicks,91
Thu Jan 20 2022,Indiana Pacers,121,Golden State Warriors,117
Fri Jan 21 2022,Oklahoma City Thunder,98,Charlotte Hornets,121
Fri Jan 21 2022,Los Angeles Lakers,116,Orlando Magic,105
Fri Jan 21 2022,Los Angeles Clippers,102,Philadelphia 76ers,101
Fri Jan 21 2022,Miami Heat,108,Atlanta Hawks,110
Fri Jan 21 2022,Portland Trail Blazers,109,Boston Celtics,105
Fri Jan 21 2022,Chicago Bulls,90,Milwaukee Bucks,94
Fri Jan 21 2022,Toronto Raptors,109,Washington Wizards,105
Fri Jan 21 2022,Brooklyn Nets,117,San Antonio Spurs,102
Fri Jan 21 2022,Memphis Grizzlies,122,Denver Nuggets,118
Fri Jan 21 2022,Detroit Pistons,101,Utah Jazz,111
Fri Jan 21 2022,Houston Rockets,103,Golden State Warriors,105
Sat Jan 22 2022,Sacramento Kings,127,Milwaukee Bucks,133
Sat Jan 22 2022,Oklahoma City Thunder,87,Cleveland Cavaliers,94
Sat Jan 22 2022,Indiana Pacers,103,Phoenix Suns,113
Sun Jan 23 2022,Los Angeles Clippers,102,New York Knicks,110
Sun Jan 23 2022,Boston Celtics,116,Washington Wizards,87
Sun Jan 23 2022,Los Angeles Lakers,107,Miami Heat,113
Sun Jan 23 2022,Chicago Bulls,95,Orlando Magic,114
Sun Jan 23 2022,Portland Trail Blazers,114,Toronto Raptors,105
Sun Jan 23 2022,Atlanta Hawks,113,Charlotte Hornets,91
Sun Jan 23 2022,Philadelphia 76ers,115,San Antonio Spurs,109
Sun Jan 23 2022,Memphis Grizzlies,91,Dallas Mavericks,104
Sun Jan 23 2022,Detroit Pistons,111,Denver Nuggets,117
Sun Jan 23 2022,Brooklyn Nets,125,Minnesota Timberwolves,136
Sun Jan 23 2022,Utah Jazz,92,Golden State Warriors,94
Mon Jan 24 2022,New York Knicks,93,Cleveland Cavaliers,95
Mon Jan 24 2022,Indiana Pacers,113,New Orleans Pelicans,117
Mon Jan 24 2022,Chicago Bulls,111,Oklahoma City Thunder,110
Mon Jan 24 2022,Utah Jazz,109,Phoenix Suns,115
Tue Jan 25 2022,Denver Nuggets,110,Detroit Pistons,105
Tue Jan 25 2022,New Orleans Pelicans,107,Philadelphia 76ers,117
Tue Jan 25 2022,Charlotte Hornets,113,Toronto Raptors,125
Tue Jan 25 2022,Los Angeles Clippers,116,Washington Wizards,115
Tue Jan 25 2022,Sacramento Kings,75,Boston Celtics,128
Tue Jan 25 2022,Los Angeles Lakers,106,Brooklyn Nets,96
Tue Jan 25 2022,San Antonio Spurs,134,Houston Rockets,104
Tue Jan 25 2022,Dallas Mavericks,92,Golden State Warriors,130
Tue Jan 25 2022,Minnesota Timberwolves,109,Portland Trail Blazers,107
Wed Jan 26 2022,Milwaukee Bucks,99,Cleveland Cavaliers,115
Wed Jan 26 2022,Charlotte Hornets,158,Indiana Pacers,126
Wed Jan 26 2022,Los Angeles Clippers,111,Orlando Magic,102
Wed Jan 26 2022,Sacramento Kings,104,Atlanta Hawks,121
Wed Jan 26 2022,New York Knicks,96,Miami Heat,110
Wed Jan 26 2022,Denver Nuggets,124,Brooklyn Nets,118
Wed Jan 26 2022,Toronto Raptors,105,Chicago Bulls,111
Wed Jan 26 2022,Memphis Grizzlies,118,San Antonio Spurs,110
Wed Jan 26 2022,Dallas Mavericks,132,Portland Trail Blazers,112
Wed Jan 26 2022,Phoenix Suns,105,Utah Jazz,97
Thu Jan 27 2022,Los Angeles Lakers,87,Philadelphia 76ers,105
Thu Jan 27 2022,Minnesota Timberwolves,115,Golden State Warriors,124
Fri Jan 28 2022,Detroit Pistons,103,Orlando Magic,119
Fri Jan 28 2022,Boston Celtics,92,Atlanta Hawks,108
Fri Jan 28 2022,Los Angeles Lakers,114,Charlotte Hornets,117
Fri Jan 28 2022,Portland Trail Blazers,125,Houston Rockets,110
Fri Jan 28 2022,Utah Jazz,109,Memphis Grizzlies,119
Fri Jan 28 2022,Los Angeles Clippers,114,Miami Heat,121
Fri Jan 28 2022,Denver Nuggets,116,New Orleans Pelicans,105
Fri Jan 28 2022,Indiana Pacers,113,Oklahoma City Thunder,110
Fri Jan 28 2022,Chicago Bulls,122,San Antonio Spurs,131
Fri Jan 28 2022,Minnesota Timberwolves,124,Phoenix Suns,134
Fri Jan 28 2022,New York Knicks,108,Milwaukee Bucks,123
Sat Jan 29 2022,Indiana Pacers,105,Dallas Mavericks,132
Sat Jan 29 2022,Boston Celtics,107,New Orleans Pelicans,97
Sat Jan 29 2022,Sacramento Kings,101,Philadelphia 76ers,103
Sat Jan 29 2022,Washington Wizards,95,Memphis Grizzlies,115
Sat Jan 29 2022,Toronto Raptors,124,Miami Heat,120
Sat Jan 29 2022,Brooklyn Nets,106,Golden State Warriors,110
Sun Jan 30 2022,Los Angeles Lakers,121,Atlanta Hawks,129
Sun Jan 30 2022,Los Angeles Clippers,115,Charlotte Hornets,90
Sun Jan 30 2022,Portland Trail Blazers,116,Chicago Bulls,130
Sun Jan 30 2022,Cleveland Cavaliers,105,Detroit Pistons,115
Sun Jan 30 2022,Denver Nuggets,136,Milwaukee Bucks,100
Sun Jan 30 2022,Dallas Mavericks,108,Orlando Magic,110
Sun Jan 30 2022,Utah Jazz,106,Minnesota Timberwolves,126
Sun Jan 30 2022,San Antonio Spurs,110,Phoenix Suns,115
Mon Jan 31 2022,New Orleans Pelicans,90,Cleveland Cavaliers,93
Mon Jan 31 2022,Los Angeles Clippers,116,Indiana Pacers,122
Mon Jan 31 2022,Memphis Grizzlies,119,Philadelphia 76ers,122
Mon Jan 31 2022,Toronto Raptors,106,Atlanta Hawks,100
Mon Jan 31 2022,Miami Heat,92,Boston Celtics,122
Mon Jan 31 2022,Sacramento Kings,96,New York Knicks,116
Mon Jan 31 2022,Golden State Warriors,122,Houston Rockets,108
Mon Jan 31 2022,Portland Trail Blazers,81,Oklahoma City Thunder,98
Tue Feb 1 2022,New Orleans Pelicans,111,Detroit Pistons,101
Tue Feb 1 2022,Washington Wizards,98,Milwaukee Bucks,112
Tue Feb 1 2022,Miami Heat,106,Toronto Raptors,110
Tue Feb 1 2022,Orlando Magic,115,Chicago Bulls,126
Tue Feb 1 2022,Denver Nuggets,115,Minnesota Timberwolves,130
Tue Feb 1 2022,Golden State Warriors,124,San Antonio Spurs,120
Tue Feb 1 2022,Brooklyn Nets,111,Phoenix Suns,121
Wed Feb 2 2022,Orlando Magic,119,Indiana Pacers,118
Wed Feb 2 2022,Washington Wizards,106,Philadelphia 76ers,103
Wed Feb 2 2022,Charlotte Hornets,107,Boston Celtics,113
Wed Feb 2 2022,Memphis Grizzlies,120,New York Knicks,108
Wed Feb 2 2022,Cleveland Cavaliers,104,Houston Rockets,115
Wed Feb 2 2022,Oklahoma City Thunder,120,Dallas Mavericks,114
Wed Feb 2 2022,Brooklyn Nets,101,Sacramento Kings,112
Wed Feb 2 2022,Denver Nuggets,104,Utah Jazz,108
Wed Feb 2 2022,Portland Trail Blazers,94,Los Angeles Lakers,99
Thu Feb 3 2022,Minnesota Timberwolves,128,Detroit Pistons,117
Thu Feb 3 2022,Miami Heat,112,San Antonio Spurs,95
Thu Feb 3 2022,Phoenix Suns,115,Atlanta Hawks,124
Thu Feb 3 2022,Chicago Bulls,120,Toronto Raptors,127
Thu Feb 3 2022,Sacramento Kings,114,Golden State Warriors,126
Thu Feb 3 2022,Los Angeles Lakers,110,Los Angeles Clippers,111
Fri Feb 4 2022,Cleveland Cavaliers,102,Charlotte Hornets,101
Fri Feb 4 2022,Boston Celtics,102,Detroit Pistons,93
Fri Feb 4 2022,Chicago Bulls,122,Indiana Pacers,115
Fri Feb 4 2022,Atlanta Hawks,114,Toronto Raptors,125
Fri Feb 4 2022,Houston Rockets,106,San Antonio Spurs,131
Fri Feb 4 2022,New Orleans Pelicans,113,Denver Nuggets,105
Fri Feb 4 2022,Brooklyn Nets,102,Utah Jazz,125
Fri Feb 4 2022,Philadelphia 76ers,98,Dallas Mavericks,107
Fri Feb 4 2022,Oklahoma City Thunder,96,Portland Trail Blazers,93
Sat Feb 5 2022,Memphis Grizzlies,135,Orlando Magic,115
Sat Feb 5 2022,Miami Heat,104,Charlotte Hornets,86
Sat Feb 5 2022,Phoenix Suns,95,Washington Wizards,80
Sat Feb 5 2022,New York Knicks,115,Los Angeles Lakers,122
Sat Feb 5 2022,Milwaukee Bucks,137,Portland Trail Blazers,108
Sat Feb 5 2022,Oklahoma City Thunder,103,Sacramento Kings,113
Sun Feb 6 2022,Philadelphia 76ers,119,Chicago Bulls,108
Sun Feb 6 2022,Brooklyn Nets,104,Denver Nuggets,124
Sun Feb 6 2022,Detroit Pistons,105,Minnesota Timberwolves,118
Sun Feb 6 2022,Indiana Pacers,85,Cleveland Cavaliers,98
Sun Feb 6 2022,Atlanta Hawks,94,Dallas Mavericks,103
Sun Feb 6 2022,Boston Celtics,116,Orlando Magic,83
Sun Feb 6 2022,New Orleans Pelicans,120,Houston Rockets,107
Sun Feb 6 2022,Milwaukee Bucks,137,Los Angeles Clippers,113
Mon Feb 7 2022,Toronto Raptors,116,Charlotte Hornets,101
Mon Feb 7 2022,Miami Heat,121,Washington Wizards,100
Mon Feb 7 2022,Phoenix Suns,127,Chicago Bulls,124
Mon Feb 7 2022,Golden State Warriors,110,Oklahoma City Thunder,98
Mon Feb 7 2022,New York Knicks,104,Utah Jazz,113
Tue Feb 8 2022,Phoenix Suns,114,Philadelphia 76ers,109
Tue Feb 8 2022,Indiana Pacers,112,Atlanta Hawks,133
Tue Feb 8 2022,Boston Celtics,126,Brooklyn Nets,91
Tue Feb 8 2022,Los Angeles Clippers,109,Memphis Grizzlies,135
Tue Feb 8 2022,Houston Rockets,97,New Orleans Pelicans,110
Tue Feb 8 2022,Detroit Pistons,86,Dallas Mavericks,116
Tue Feb 8 2022,New York Knicks,115,Denver Nuggets,132
Tue Feb 8 2022,Milwaukee Bucks,131,Los Angeles Lakers,116
Tue Feb 8 2022,Orlando Magic,113,Portland Trail Blazers,95
Tue Feb 8 2022,Minnesota Timberwolves,134,Sacramento Kings,114
Wed Feb 9 2022,San Antonio Spurs,92,Cleveland Cavaliers,105
Wed Feb 9 2022,Chicago Bulls,121,Charlotte Hornets,109
Wed Feb 9 2022,Toronto Raptors,117,Oklahoma City Thunder,98
Wed Feb 9 2022,Los Angeles Lakers,105,Portland Trail Blazers,107
Wed Feb 9 2022,Minnesota Timberwolves,119,Sacramento Kings,132
Wed Feb 9 2022,Golden State Warriors,85,Utah Jazz,111
Thu Feb 10 2022,Memphis Grizzlies,132,Detroit Pistons,107
Thu Feb 10 2022,Miami Heat,112,New Orleans Pelicans,97
Thu Feb 10 2022,Brooklyn Nets,112,Washington Wizards,113
Thu Feb 10 2022,Toronto Raptors,139,Houston Rockets,120
Thu Feb 10 2022,Los Angeles Clippers,105,Dallas Mavericks,112
Thu Feb 10 2022,New York Knicks,116,Golden State Warriors,114
Thu Feb 10 2022,Milwaukee Bucks,107,Phoenix Suns,131
Fri Feb 11 2022,Charlotte Hornets,141,Detroit Pistons,119
Fri Feb 11 2022,Cleveland Cavaliers,120,Indiana Pacers,113
Fri Feb 11 2022,Oklahoma City Thunder,87,Philadelphia 76ers,100
Fri Feb 11 2022,San Antonio Spurs,136,Atlanta Hawks,121
Fri Feb 11 2022,Denver Nuggets,102,Boston Celtics,108
Fri Feb 11 2022,Minnesota Timberwolves,122,Chicago Bulls,134
Fri Feb 11 2022,Orlando Magic,99,Utah Jazz,114
Sat Feb 12 2022,New York Knicks,103,Portland Trail Blazers,112
Sat Feb 12 2022,Memphis Grizzlies,125,Charlotte Hornets,118
Sat Feb 12 2022,San Antonio Spurs,124,New Orleans Pelicans,114
Sat Feb 12 2022,Sacramento Kings,123,Washington Wizards,110
Sat Feb 12 2022,Cleveland Cavaliers,93,Philadelphia 76ers,103
Sat Feb 12 2022,Denver Nuggets,110,Toronto Raptors,109
Sat Feb 12 2022,Oklahoma City Thunder,101,Chicago Bulls,106
Sat Feb 12 2022,Brooklyn Nets,111,Miami Heat,115
Sat Feb 12 2022,Los Angeles Clippers,99,Dallas Mavericks,97
Sat Feb 12 2022,Los Angeles Lakers,115,Golden State Warriors,117
Sat Feb 12 2022,Orlando Magic,105,Phoenix Suns,132
Sun Feb 13 2022,Atlanta Hawks,95,Boston Celtics,105
Sun Feb 13 2022,Minnesota Timberwolves,129,Indiana Pacers,120
Mon Feb 14 2022,Detroit Pistons,94,Washington Wizards,103
Mon Feb 14 2022,Sacramento Kings,85,Brooklyn Nets,109
Mon Feb 14 2022,Oklahoma City Thunder,127,New York Knicks,123
Mon Feb 14 2022,San Antonio Spurs,109,Chicago Bulls,120
Mon Feb 14 2022,Portland Trail Blazers,122,Milwaukee Bucks,107
Mon Feb 14 2022,Toronto Raptors,90,New Orleans Pelicans,120
Mon Feb 14 2022,Orlando Magic,111,Denver Nuggets,121
Mon Feb 14 2022,Houston Rockets,101,Utah Jazz,135
Mon Feb 14 2022,Golden State Warriors,104,Los Angeles Clippers,119
Tue Feb 15 2022,Cleveland Cavaliers,116,Atlanta Hawks,124
Tue Feb 15 2022,Dallas Mavericks,107,Miami Heat,99
Tue Feb 15 2022,Boston Celtics,135,Philadelphia 76ers,87
Tue Feb 15 2022,Indiana Pacers,119,Milwaukee Bucks,128
Tue Feb 15 2022,Charlotte Hornets,120,Minnesota Timberwolves,126
Tue Feb 15 2022,Memphis Grizzlies,121,New Orleans Pelicans,109
Tue Feb 15 2022,Los Angeles Clippers,96,Phoenix Suns,103
Wed Feb 16 2022,Atlanta Hawks,130,Orlando Magic,109
Wed Feb 16 2022,Detroit Pistons,112,Boston Celtics,111
Wed Feb 16 2022,Washington Wizards,108,Indiana Pacers,113
Wed Feb 16 2022,Brooklyn Nets,111,New York Knicks,106
Wed Feb 16 2022,Sacramento Kings,118,Chicago Bulls,125
Wed Feb 16 2022,Portland Trail Blazers,123,Memphis Grizzlies,119
Wed Feb 16 2022,Toronto Raptors,103,Minnesota Timberwolves,91
Wed Feb 16 2022,San Antonio Spurs,114,Oklahoma City Thunder,106
Wed Feb 16 2022,Houston Rockets,121,Phoenix Suns,124
Wed Feb 16 2022,Denver Nuggets,117,Golden State Warriors,116
Wed Feb 16 2022,Utah Jazz,101,Los Angeles Lakers,106
Thu Feb 17 2022,Miami Heat,111,Charlotte Hornets,107
Thu Feb 17 2022,Washington Wizards,117,Brooklyn Nets,103
Thu Feb 17 2022,Dallas Mavericks,125,New Orleans Pelicans,118
Thu Feb 17 2022,Philadelphia 76ers,123,Milwaukee Bucks,120
Thu Feb 17 2022,Houston Rockets,111,Los Angeles Clippers,142
Thu Feb 24 2022,Cleveland Cavaliers,103,Detroit Pistons,106
Thu Feb 24 2022,Boston Celtics,129,Brooklyn Nets,106
Thu Feb 24 2022,Atlanta Hawks,108,Chicago Bulls,112
Thu Feb 24 2022,Memphis Grizzlies,114,Minnesota Timberwolves,119
Thu Feb 24 2022,Phoenix Suns,124,Oklahoma City Thunder,104
Thu Feb 24 2022,Golden State Warriors,132,Portland Trail Blazers,95
Thu Feb 24 2022,Denver Nuggets,128,Sacramento Kings,110
Fri Feb 25 2022,Toronto Raptors,93,Charlotte Hornets,125
Fri Feb 25 2022,Oklahoma City Thunder,129,Indiana Pacers,125
Fri Feb 25 2022,Houston Rockets,111,Orlando Magic,119
Fri Feb 25 2022,San Antonio Spurs,157,Washington Wizards,153
Fri Feb 25 2022,Miami Heat,115,New York Knicks,100
Fri Feb 25 2022,Philadelphia 76ers,133,Minnesota Timberwolves,102
Fri Feb 25 2022,New Orleans Pelicans,117,Phoenix Suns,102
Fri Feb 25 2022,Dallas Mavericks,109,Utah Jazz,114
Fri Feb 25 2022,Los Angeles Clippers,105,Los Angeles Lakers,102
Sat Feb 26 2022,Boston Celtics,113,Detroit Pistons,104
Sat Feb 26 2022,Toronto Raptors,100,Atlanta Hawks,127
Sat Feb 26 2022,Memphis Grizzlies,116,Chicago Bulls,110
Sat Feb 26 2022,Washington Wizards,86,Cleveland Cavaliers,92
Sat Feb 26 2022,San Antonio Spurs,129,Miami Heat,133
Sat Feb 26 2022,Brooklyn Nets,126,Milwaukee Bucks,123
Sat Feb 26 2022,Sacramento Kings,110,Denver Nuggets,115
Sun Feb 27 2022,Philadelphia 76ers,125,New York Knicks,109
Sun Feb 27 2022,Utah Jazz,118,Phoenix Suns,114
Sun Feb 27 2022,Boston Celtics,107,Indiana Pacers,128
Sun Feb 27 2022,Detroit Pistons,127,Charlotte Hornets,126
Sun Feb 27 2022,Los Angeles Clippers,99,Houston Rockets,98
Sun Feb 27 2022,Dallas Mavericks,107,Golden State Warriors,101
Sun Feb 27 2022,Denver Nuggets,124,Portland Trail Blazers,92
Sun Feb 27 2022,New Orleans Pelicans,123,Los Angeles Lakers,95
Mon Feb 28 2022,Minnesota Timberwolves,127,Cleveland Cavaliers,122
Mon Feb 28 2022,Indiana Pacers,103,Orlando Magic,119
Mon Feb 28 2022,Toronto Raptors,133,Brooklyn Nets,97
Mon Feb 28 2022,Chicago Bulls,99,Miami Heat,112
Mon Feb 28 2022,San Antonio Spurs,105,Memphis Grizzlies,118
Mon Feb 28 2022,Charlotte Hornets,106,Milwaukee Bucks,130
Mon Feb 28 2022,Sacramento Kings,131,Oklahoma City Thunder,110
Tue Mar 1 2022,Detroit Pistons,113,Washington Wizards,116
Tue Mar 1 2022,Atlanta Hawks,98,Boston Celtics,107
Tue Mar 1 2022,Brooklyn Nets,108,Toronto Raptors,109
Tue Mar 1 2022,Los Angeles Clippers,113,Houston Rockets,100
Tue Mar 1 2022,Golden State Warriors,114,Minnesota Timberwolves,129
Tue Mar 1 2022,Dallas Mavericks,109,Los Angeles Lakers,104
Wed Mar 2 2022,Charlotte Hornets,119,Cleveland Cavaliers,98
Wed Mar 2 2022,Indiana Pacers,122,Orlando Magic,114
Wed Mar 2 2022,New York Knicks,108,Philadelphia 76ers,123
Wed Mar 2 2022,Utah Jazz,132,Houston Rockets,127
Wed Mar 2 2022,Miami Heat,119,Milwaukee Bucks,120
Wed Mar 2 2022,Sacramento Kings,95,New Orleans Pelicans,125
Wed Mar 2 2022,Oklahoma City Thunder,119,Denver Nuggets,107
Wed Mar 2 2022,Portland Trail Blazers,90,Phoenix Suns,120
Thu Mar 3 2022,Chicago Bulls,124,Atlanta Hawks,130
Thu Mar 3 2022,Memphis Grizzlies,107,Boston Celtics,120
Thu Mar 3 2022,Miami Heat,113,Brooklyn Nets,107
Thu Mar 3 2022,Detroit Pistons,108,Toronto Raptors,106
Thu Mar 3 2022,Golden State Warriors,113,Dallas Mavericks,122
Thu Mar 3 2022,Sacramento Kings,115,San Antonio Spurs,112
Thu Mar 3 2022,Los Angeles Lakers,111,Los Angeles Clippers,132
Fri Mar 4 2022,Indiana Pacers,106,Detroit Pistons,111
Fri Mar 4 2022,Cleveland Cavaliers,119,Philadelphia 76ers,125
Fri Mar 4 2022,Atlanta Hawks,117,Washington Wizards,114
Fri Mar 4 2022,Milwaukee Bucks,118,Chicago Bulls,112
Fri Mar 4 2022,Orlando Magic,103,Toronto Raptors,97
Fri Mar 4 2022,Utah Jazz,90,New Orleans Pelicans,124
Fri Mar 4 2022,Minnesota Timberwolves,138,Oklahoma City Thunder,101
Fri Mar 4 2022,Houston Rockets,101,Denver Nuggets,116
Fri Mar 4 2022,New York Knicks,114,Phoenix Suns,115
Sat Mar 5 2022,Sacramento Kings,113,Dallas Mavericks,114
Sat Mar 5 2022,San Antonio Spurs,117,Charlotte Hornets,123
Sat Mar 5 2022,Orlando Magic,96,Memphis Grizzlies,124
Sat Mar 5 2022,Philadelphia 76ers,82,Miami Heat,99
Sat Mar 5 2022,Portland Trail Blazers,121,Minnesota Timberwolves,135
Sat Mar 5 2022,Golden State Warriors,116,Los Angeles Lakers,124
Sun Mar 6 2022,Brooklyn Nets,120,Boston Celtics,126
Sun Mar 6 2022,Phoenix Suns,122,Milwaukee Bucks,132
Sun Mar 6 2022,Indiana Pacers,123,Washington Wizards,133
Sun Mar 6 2022,Memphis Grizzlies,112,Houston Rockets,123
Sun Mar 6 2022,Utah Jazz,116,Oklahoma City Thunder,103
Sun Mar 6 2022,Toronto Raptors,96,Cleveland Cavaliers,104
Sun Mar 6 2022,New Orleans Pelicans,130,Denver Nuggets,138
Sun Mar 6 2022,New York Knicks,116,Los Angeles Clippers,93
Mon Mar 7 2022,Atlanta Hawks,110,Detroit Pistons,113
Mon Mar 7 2022,Chicago Bulls,106,Philadelphia 76ers,121
Mon Mar 7 2022,Houston Rockets,106,Miami Heat,123
Mon Mar 7 2022,Portland Trail Blazers,81,Minnesota Timberwolves,124
Mon Mar 7 2022,Utah Jazz,103,Dallas Mavericks,111
Mon Mar 7 2022,Los Angeles Lakers,110,San Antonio Spurs,117
Mon Mar 7 2022,Golden State Warriors,124,Denver Nuggets,131
Mon Mar 7 2022,New York Knicks,131,Sacramento Kings,115
Tue Mar 8 2022,Brooklyn Nets,132,Charlotte Hornets,121
Tue Mar 8 2022,Cleveland Cavaliers,127,Indiana Pacers,124
Tue Mar 8 2022,Phoenix Suns,102,Orlando Magic,99
Tue Mar 8 2022,New Orleans Pelicans,111,Memphis Grizzlies,132
Tue Mar 8 2022,Milwaukee Bucks,142,Oklahoma City Thunder,115
Tue Mar 8 2022,Los Angeles Clippers,97,Golden State Warriors,112
Wed Mar 9 2022,Boston Celtics,115,Charlotte Hornets,101
Wed Mar 9 2022,Chicago Bulls,114,Detroit Pistons,108
Wed Mar 9 2022,Phoenix Suns,111,Miami Heat,90
Wed Mar 9 2022,Los Angeles Lakers,130,Houston Rockets,139
Wed Mar 9 2022,Atlanta Hawks,115,Milwaukee Bucks,124
Wed Mar 9 2022,Oklahoma City Thunder,102,Minnesota Timberwolves,132
Wed Mar 9 2022,Orlando Magic,108,New Orleans Pelicans,102
Wed Mar 9 2022,New York Knicks,107,Dallas Mavericks,77
Wed Mar 9 2022,Toronto Raptors,119,San Antonio Spurs,104
Wed Mar 9 2022,Denver Nuggets,106,Sacramento Kings,100
Wed Mar 9 2022,Portland Trail Blazers,85,Utah Jazz,123
Wed Mar 9 2022,Washington Wizards,109,Los Angeles Clippers,115
Thu Mar 10 2022,Brooklyn Nets,129,Philadelphia 76ers,100
Thu Mar 10 2022,Golden State Warriors,113,Denver Nuggets,102
Fri Mar 11 2022,Minnesota Timberwolves,110,Orlando Magic,118
Fri Mar 11 2022,Los Angeles Clippers,106,Atlanta Hawks,112
Fri Mar 11 2022,Detroit Pistons,103,Boston Celtics,114
Fri Mar 11 2022,Dallas Mavericks,113,Houston Rockets,100
Fri Mar 11 2022,New York Knicks,114,Memphis Grizzlies,118
Fri Mar 11 2022,Cleveland Cavaliers,105,Miami Heat,117
Fri Mar 11 2022,Charlotte Hornets,142,New Orleans Pelicans,120
Fri Mar 11 2022,Utah Jazz,102,San Antonio Spurs,104
Fri Mar 11 2022,Toronto Raptors,117,Phoenix Suns,112
Fri Mar 11 2022,Washington Wizards,109,Los Angeles Lakers,122
Sat Mar 12 2022,Cleveland Cavaliers,91,Chicago Bulls,101
Sat Mar 12 2022,Minnesota Timberwolves,113,Miami Heat,104
Sat Mar 12 2022,Indiana Pacers,119,San Antonio Spurs,108
Sat Mar 12 2022,Milwaukee Bucks,109,Golden State Warriors,122
Sat Mar 12 2022,Toronto Raptors,127,Denver Nuggets,115
Sat Mar 12 2022,Sacramento Kings,125,Utah Jazz,134
Sat Mar 12 2022,Washington Wizards,118,Portland Trail Blazers,127
Sun Mar 13 2022,New York Knicks,107,Brooklyn Nets,110
Sun Mar 13 2022,Los Angeles Clippers,106,Detroit Pistons,102
Sun Mar 13 2022,Dallas Mavericks,95,Boston Celtics,92
Sun Mar 13 2022,Philadelphia 76ers,116,Orlando Magic,114
Sun Mar 13 2022,Indiana Pacers,128,Atlanta Hawks,131
Sun Mar 13 2022,Houston Rockets,105,New Orleans Pelicans,130
Sun Mar 13 2022,Memphis Grizzlies,125,Oklahoma City Thunder,118
Sun Mar 13 2022,Los Angeles Lakers,111,Phoenix Suns,140
Mon Mar 14 2022,Los Angeles Clippers,111,Cleveland Cavaliers,120
Mon Mar 14 2022,Portland Trail Blazers,113,Atlanta Hawks,122
Mon Mar 14 2022,Denver Nuggets,114,Philadelphia 76ers,110
Mon Mar 14 2022,Charlotte Hornets,134,Oklahoma City Thunder,116
Mon Mar 14 2022,Minnesota Timberwolves,149,San Antonio Spurs,139
Mon Mar 14 2022,Washington Wizards,112,Golden State Warriors,126
Mon Mar 14 2022,Chicago Bulls,103,Sacramento Kings,112
Mon Mar 14 2022,Milwaukee Bucks,117,Utah Jazz,111
Mon Mar 14 2022,Toronto Raptors,114,Los Angeles Lakers,103
Tue Mar 15 2022,Memphis Grizzlies,135,Indiana Pacers,102
Tue Mar 15 2022,Brooklyn Nets,150,Orlando Magic,108
Tue Mar 15 2022,Detroit Pistons,98,Miami Heat,105
Tue Mar 15 2022,Phoenix Suns,131,New Orleans Pelicans,115
Wed Mar 16 2022,Atlanta Hawks,106,Charlotte Hornets,116
Wed Mar 16 2022,Philadelphia 76ers,118,Cleveland Cavaliers,114
Wed Mar 16 2022,Denver Nuggets,127,Washington Wizards,109
Wed Mar 16 2022,Dallas Mavericks,113,Brooklyn Nets,111
Wed Mar 16 2022,Portland Trail Blazers,98,New York Knicks,128
Wed Mar 16 2022,Phoenix Suns,129,Houston Rockets,112
Wed Mar 16 2022,Los Angeles Lakers,104,Minnesota Timberwolves,124
Wed Mar 16 2022,Oklahoma City Thunder,120,San Antonio Spurs,122
Wed Mar 16 2022,Chicago Bulls,110,Utah Jazz,125
Wed Mar 16 2022,Boston Celtics,110,Golden State Warriors,88
Wed Mar 16 2022,Milwaukee Bucks,135,Sacramento Kings,126
Wed Mar 16 2022,Toronto Raptors,103,Los Angeles Clippers,100
Thu Mar 17 2022,Detroit Pistons,134,Orlando Magic,120
Fri Mar 18 2022,Dallas Mavericks,101,Philadelphia 76ers,111
Fri Mar 18 2022,Memphis Grizzlies,105,Atlanta Hawks,120
Fri Mar 18 2022,Portland Trail Blazers,123,Brooklyn Nets,128
Fri Mar 18 2022,Denver Nuggets,116,Cleveland Cavaliers,119
Fri Mar 18 2022,Washington Wizards,97,New York Knicks,100
Fri Mar 18 2022,Los Angeles Lakers,128,Toronto Raptors,123
Fri Mar 18 2022,Indiana Pacers,121,Houston Rockets,118
Fri Mar 18 2022,Oklahoma City Thunder,108,Miami Heat,120
Fri Mar 18 2022,New Orleans Pelicans,124,San Antonio Spurs,91
Fri Mar 18 2022,Los Angeles Clippers,92,Utah Jazz,121
Fri Mar 18 2022,Chicago Bulls,102,Phoenix Suns,129
Fri Mar 18 2022,Boston Celtics,126,Sacramento Kings,97
Sat Mar 19 2022,Milwaukee Bucks,119,Minnesota Timberwolves,138
Sat Mar 19 2022,Dallas Mavericks,108,Charlotte Hornets,129
Sat Mar 19 2022,Detroit Pistons,109,Cleveland Cavaliers,113
Sat Mar 19 2022,Los Angeles Lakers,119,Washington Wizards,127
Sun Mar 20 2022,Memphis Grizzlies,122,Houston Rockets,98
Sun Mar 20 2022,Portland Trail Blazers,98,Indiana Pacers,129
Sun Mar 20 2022,New Orleans Pelicans,117,Atlanta Hawks,112
Sun Mar 20 2022,Oklahoma City Thunder,85,Orlando Magic,90
Sun Mar 20 2022,Phoenix Suns,127,Sacramento Kings,124
Sun Mar 20 2022,Utah Jazz,108,New York Knicks,93
Sun Mar 20 2022,Boston Celtics,124,Denver Nuggets,104
Sun Mar 20 2022,San Antonio Spurs,110,Golden State Warriors,108
Sun Mar 20 2022,Toronto Raptors,93,Philadelphia 76ers,88
Mon Mar 21 2022,New Orleans Pelicans,103,Charlotte Hornets,106
Mon Mar 21 2022,Los Angeles Lakers,131,Cleveland Cavaliers,120
Mon Mar 21 2022,Portland Trail Blazers,119,Detroit Pistons,115
Mon Mar 21 2022,Utah Jazz,106,Brooklyn Nets,114
Mon Mar 21 2022,Miami Heat,106,Philadelphia 76ers,113
Mon Mar 21 2022,Toronto Raptors,99,Chicago Bulls,113
Mon Mar 21 2022,Washington Wizards,97,Houston Rockets,115
Mon Mar 21 2022,Boston Celtics,132,Oklahoma City Thunder,123
Mon Mar 21 2022,Minnesota Timberwolves,108,Dallas Mavericks,110
Tue Mar 22 2022,Golden State Warriors,90,Orlando Magic,94
Tue Mar 22 2022,Atlanta Hawks,117,New York Knicks,111
Tue Mar 22 2022,Chicago Bulls,98,Milwaukee Bucks,126
Tue Mar 22 2022,Los Angeles Clippers,115,Denver Nuggets,127
Wed Mar 23 2022,New York Knicks,121,Charlotte Hornets,106
Wed Mar 23 2022,Atlanta Hawks,101,Detroit Pistons,122
Wed Mar 23 2022,Sacramento Kings,110,Indiana Pacers,109
Wed Mar 23 2022,Utah Jazz,97,Boston Celtics,125
Wed Mar 23 2022,Brooklyn Nets,120,Memphis Grizzlies,132
Wed Mar 23 2022,Golden State Warriors,118,Miami Heat,104
Wed Mar 23 2022,Phoenix Suns,125,Minnesota Timberwolves,116
Wed Mar 23 2022,Orlando Magic,102,Oklahoma City Thunder,118
Wed Mar 23 2022,Houston Rockets,91,Dallas Mavericks,110
Wed Mar 23 2022,Philadelphia 76ers,126,Los Angeles Lakers,121
Wed Mar 23 2022,San Antonio Spurs,133,Portland Trail Blazers,96
Thu Mar 24 2022,Cleveland Cavaliers,104,Toronto Raptors,117
Thu Mar 24 2022,Indiana Pacers,103,Memphis Grizzlies,133
Thu Mar 24 2022,Washington Wizards,102,Milwaukee Bucks,114
Thu Mar 24 2022,Chicago Bulls,109,New Orleans Pelicans,126
Thu Mar 24 2022,Phoenix Suns,140,Denver Nuggets,130
Fri Mar 25 2022,Utah Jazz,101,Charlotte Hornets,107
Fri Mar 25 2022,Washington Wizards,100,Detroit Pistons,97
Fri Mar 25 2022,Golden State Warriors,110,Atlanta Hawks,121
Fri Mar 25 2022,New York Knicks,111,Miami Heat,103
Fri Mar 25 2022,Dallas Mavericks,95,Minnesota Timberwolves,116
Fri Mar 25 2022,Houston Rockets,125,Portland Trail Blazers,106
Fri Mar 25 2022,Philadelphia 76ers,122,Los Angeles Clippers,97
Sat Mar 26 2022,San Antonio Spurs,107,New Orleans Pelicans,103
Sat Mar 26 2022,Sacramento Kings,114,Orlando Magic,110
Sat Mar 26 2022,Indiana Pacers,91,Toronto Raptors,131
Sat Mar 26 2022,Chicago Bulls,98,Cleveland Cavaliers,94
Sat Mar 26 2022,Milwaukee Bucks,102,Memphis Grizzlies,127
Sat Mar 26 2022,Brooklyn Nets,110,Miami Heat,95
Sat Mar 26 2022,Oklahoma City Thunder,107,Denver Nuggets,113
Sat Mar 26 2022,Houston Rockets,115,Portland Trail Blazers,98
Sun Mar 27 2022,New York Knicks,104,Detroit Pistons,102
Sun Mar 27 2022,Minnesota Timberwolves,112,Boston Celtics,134
Sun Mar 27 2022,Philadelphia 76ers,104,Phoenix Suns,114
Sun Mar 27 2022,Golden State Warriors,115,Washington Wizards,123
Sun Mar 27 2022,Los Angeles Lakers,108,New Orleans Pelicans,116
Sun Mar 27 2022,Charlotte Hornets,119,Brooklyn Nets,110
Sun Mar 27 2022,Utah Jazz,100,Dallas Mavericks,114
Mon Mar 28 2022,Denver Nuggets,113,Charlotte Hornets,109
Mon Mar 28 2022,Orlando Magic,101,Cleveland Cavaliers,107
Mon Mar 28 2022,Atlanta Hawks,132,Indiana Pacers,123
Mon Mar 28 2022,Sacramento Kings,100,Miami Heat,123
Mon Mar 28 2022,Chicago Bulls,104,New York Knicks,109
Mon Mar 28 2022,Boston Celtics,112,Toronto Raptors,115
Mon Mar 28 2022,San Antonio Spurs,123,Houston Rockets,120
Mon Mar 28 2022,Golden State Warriors,95,Memphis Grizzlies,123
Mon Mar 28 2022,Oklahoma City Thunder,134,Portland Trail Blazers,131
Tue Mar 29 2022,Milwaukee Bucks,118,Philadelphia 76ers,116
Tue Mar 29 2022,Chicago Bulls,107,Washington Wizards,94
Tue Mar 29 2022,Detroit Pistons,123,Brooklyn Nets,130
Tue Mar 29 2022,Los Angeles Lakers,110,Dallas Mavericks,128
Tue Mar 29 2022,Utah Jazz,115,Los Angeles Clippers,121
Wed Mar 30 2022,Dallas Mavericks,120,Cleveland Cavaliers,112
Wed Mar 30 2022,Denver Nuggets,125,Indiana Pacers,118
Wed Mar 30 2022,Orlando Magic,110,Washington Wizards,127
Wed Mar 30 2022,Miami Heat,106,Boston Celtics,98
Wed Mar 30 2022,Charlotte Hornets,125,New York Knicks,114
Wed Mar 30 2022,Minnesota Timberwolves,102,Toronto Raptors,125
Wed Mar 30 2022,Sacramento Kings,121,Houston Rockets,118
Wed Mar 30 2022,Atlanta Hawks,136,Oklahoma City Thunder,118
Wed Mar 30 2022,Memphis Grizzlies,112,San Antonio Spurs,111
Wed Mar 30 2022,Phoenix Suns,107,Golden State Warriors,103
Wed Mar 30 2022,New Orleans Pelicans,117,Portland Trail Blazers,107
Thu Mar 31 2022,Philadelphia 76ers,94,Detroit Pistons,102
Thu Mar 31 2022,Cleveland Cavaliers,107,Atlanta Hawks,131
Thu Mar 31 2022,Milwaukee Bucks,120,Brooklyn Nets,119
Thu Mar 31 2022,Los Angeles Clippers,130,Chicago Bulls,135
Thu Mar 31 2022,Los Angeles Lakers,109,Utah Jazz,122
Fri Apr 1 2022,Toronto Raptors,102,Orlando Magic,89
Fri Apr 1 2022,Dallas Mavericks,103,Washington Wizards,135
Fri Apr 1 2022,Indiana Pacers,123,Boston Celtics,128
Fri Apr 1 2022,Sacramento Kings,122,Houston Rockets,117
Fri Apr 1 2022,Phoenix Suns,114,Memphis Grizzlies,122
Fri Apr 1 2022,Los Angeles Clippers,153,Milwaukee Bucks,119
Fri Apr 1 2022,Detroit Pistons,110,Oklahoma City Thunder,101
Fri Apr 1 2022,Portland Trail Blazers,111,San Antonio Spurs,130
Fri Apr 1 2022,Minnesota Timberwolves,136,Denver Nuggets,130
Fri Apr 1 2022,New Orleans Pelicans,114,Los Angeles Lakers,111
Sat Apr 2 2022,Charlotte Hornets,114,Philadelphia 76ers,144
Sat Apr 2 2022,Cleveland Cavaliers,119,New York Knicks,101
Sat Apr 2 2022,Brooklyn Nets,115,Atlanta Hawks,122
Sat Apr 2 2022,Miami Heat,127,Chicago Bulls,109
Sat Apr 2 2022,Utah Jazz,107,Golden State Warriors,111
Sun Apr 3 2022,Washington Wizards,102,Boston Celtics,144
Sun Apr 3 2022,Dallas Mavericks,118,Milwaukee Bucks,112
Sun Apr 3 2022,Denver Nuggets,129,Los Angeles Lakers,118
Sun Apr 3 2022,Detroit Pistons,121,Indiana Pacers,117
Sun Apr 3 2022,Philadelphia 76ers,112,Cleveland Cavaliers,108
Sun Apr 3 2022,New York Knicks,118,Orlando Magic,88
Sun Apr 3 2022,Minnesota Timberwolves,139,Houston Rockets,132
Sun Apr 3 2022,Phoenix Suns,96,Oklahoma City Thunder,117
Sun Apr 3 2022,Portland Trail Blazers,92,San Antonio Spurs,113
Sun Apr 3 2022,Miami Heat,114,Toronto Raptors,109
Sun Apr 3 2022,Golden State Warriors,109,Sacramento Kings,90
Sun Apr 3 2022,New Orleans Pelicans,100,Los Angeles Clippers,119
Tue Apr 5 2022,Philadelphia 76ers,131,Indiana Pacers,122
Tue Apr 5 2022,Cleveland Cavaliers,115,Orlando Magic,120
Tue Apr 5 2022,Houston Rockets,105,Brooklyn Nets,118
Tue Apr 5 2022,Charlotte Hornets,115,Miami Heat,144
Tue Apr 5 2022,Atlanta Hawks,108,Toronto Raptors,118
Tue Apr 5 2022,Milwaukee Bucks,127,Chicago Bulls,106
Tue Apr 5 2022,Washington Wizards,132,Minnesota Timberwolves,114
Tue Apr 5 2022,Portland Trail Blazers,94,Oklahoma City Thunder,98
Tue Apr 5 2022,San Antonio Spurs,116,Denver Nuggets,97
Tue Apr 5 2022,Memphis Grizzlies,115,Utah Jazz,121
Tue Apr 5 2022,New Orleans Pelicans,123,Sacramento Kings,109
Tue Apr 5 2022,Los Angeles Lakers,110,Phoenix Suns,121
Fri Apr 1 2022,Toronto Raptors,102,Orlando Magic,89
Fri Apr 1 2022,Dallas Mavericks,103,Washington Wizards,135
Fri Apr 1 2022,Indiana Pacers,123,Boston Celtics,128
Fri Apr 1 2022,Sacramento Kings,122,Houston Rockets,117
Fri Apr 1 2022,Phoenix Suns,114,Memphis Grizzlies,122
Fri Apr 1 2022,Los Angeles Clippers,153,Milwaukee Bucks,119
Fri Apr 1 2022,Detroit Pistons,110,Oklahoma City Thunder,101
Fri Apr 1 2022,Portland Trail Blazers,111,San Antonio Spurs,130
Fri Apr 1 2022,Minnesota Timberwolves,136,Denver Nuggets,130
Fri Apr 1 2022,New Orleans Pelicans,114,Los Angeles Lakers,111
Sat Apr 2 2022,Charlotte Hornets,114,Philadelphia 76ers,144
Sat Apr 2 2022,Cleveland Cavaliers,119,New York Knicks,101
Sat Apr 2 2022,Brooklyn Nets,115,Atlanta Hawks,122
Sat Apr 2 2022,Miami Heat,127,Chicago Bulls,109
Sat Apr 2 2022,Utah Jazz,107,Golden State Warriors,111
Sun Apr 3 2022,Washington Wizards,102,Boston Celtics,144
Sun Apr 3 2022,Dallas Mavericks,118,Milwaukee Bucks,112
Sun Apr 3 2022,Denver Nuggets,129,Los Angeles Lakers,118
Sun Apr 3 2022,Detroit Pistons,121,Indiana Pacers,117
Sun Apr 3 2022,Philadelphia 76ers,112,Cleveland Cavaliers,108
Sun Apr 3 2022,New York Knicks,118,Orlando Magic,88
Sun Apr 3 2022,Minnesota Timberwolves,139,Houston Rockets,132
Sun Apr 3 2022,Phoenix Suns,96,Oklahoma City Thunder,117
Sun Apr 3 2022,Portland Trail Blazers,92,San Antonio Spurs,113
Sun Apr 3 2022,Miami Heat,114,Toronto Raptors,109
Sun Apr 3 2022,Golden State Warriors,109,Sacramento Kings,90
Sun Apr 3 2022,New Orleans Pelicans,100,Los Angeles Clippers,119
Tue Apr 5 2022,Philadelphia 76ers,131,Indiana Pacers,122
Tue Apr 5 2022,Cleveland Cavaliers,115,Orlando Magic,120
Tue Apr 5 2022,Houston Rockets,105,Brooklyn Nets,118
Tue Apr 5 2022,Charlotte Hornets,115,Miami Heat,144
Tue Apr 5 2022,Atlanta Hawks,108,Toronto Raptors,118
Tue Apr 5 2022,Milwaukee Bucks,127,Chicago Bulls,106
Tue Apr 5 2022,Washington Wizards,132,Minnesota Timberwolves,114
Tue Apr 5 2022,Portland Trail Blazers,94,Oklahoma City Thunder,98
Tue Apr 5 2022,San Antonio Spurs,116,Denver Nuggets,97
Tue Apr 5 2022,Memphis Grizzlies,115,Utah Jazz,121
Tue Apr 5 2022,New Orleans Pelicans,123,Sacramento Kings,109
Tue Apr 5 2022,Los Angeles Lakers,110,Phoenix Suns,121
Wed Apr 6 2022,Dallas Mavericks,131,Detroit Pistons,113
Wed Apr 6 2022,Brooklyn Nets,110,New York Knicks,98
Wed Apr 6 2022,Washington Wizards,103,Atlanta Hawks,118
Wed Apr 6 2022,Boston Celtics,117,Chicago Bulls,94
Wed Apr 6 2022,Oklahoma City Thunder,101,Utah Jazz,137
Wed Apr 6 2022,Phoenix Suns,109,Los Angeles Clippers,113
Thu Apr 7 2022,Orlando Magic,101,Charlotte Hornets,128
Thu Apr 7 2022,Boston Celtics,121,Milwaukee Bucks,127
Thu Apr 7 2022,Philadelphia 76ers,114,Toronto Raptors,119
Thu Apr 7 2022,San Antonio Spurs,121,Minnesota Timberwolves,127
Thu Apr 7 2022,Portland Trail Blazers,94,New Orleans Pelicans,127
Thu Apr 7 2022,Memphis Grizzlies,109,Denver Nuggets,122
Thu Apr 7 2022,Los Angeles Lakers,112,Golden State Warriors,128
Fri Apr 8 2022,Milwaukee Bucks,131,Detroit Pistons,101
Fri Apr 8 2022,New York Knicks,114,Washington Wizards,92
Fri Apr 8 2022,Cleveland Cavaliers,107,Brooklyn Nets,118
Fri Apr 8 2022,Houston Rockets,115,Toronto Raptors,117
Fri Apr 8 2022,Charlotte Hornets,133,Chicago Bulls,117
Fri Apr 8 2022,Atlanta Hawks,109,Miami Heat,113
Fri Apr 8 2022,Portland Trail Blazers,78,Dallas Mavericks,128
Fri Apr 8 2022,Phoenix Suns,111,Utah Jazz,105
Fri Apr 8 2022,Oklahoma City Thunder,101,Los Angeles Lakers,120
Sat Apr 9 2022,Indiana Pacers,120,Philadelphia 76ers,133
Sat Apr 9 2022,New Orleans Pelicans,114,Memphis Grizzlies,141
Sat Apr 9 2022,Golden State Warriors,100,San Antonio Spurs,94
Sat Apr 9 2022,Sacramento Kings,98,Los Angeles Clippers,117
Sun Apr 10 2022,Indiana Pacers,126,Brooklyn Nets,134
Sun Apr 10 2022,Washington Wizards,108,Charlotte Hornets,124
Sun Apr 10 2022,Milwaukee Bucks,115,Cleveland Cavaliers,133
Sun Apr 10 2022,Atlanta Hawks,130,Houston Rockets,114
Sun Apr 10 2022,Boston Celtics,139,Memphis Grizzlies,110
Sun Apr 10 2022,Toronto Raptors,94,New York Knicks,105
Sun Apr 10 2022,Miami Heat,111,Orlando Magic,125
Sun Apr 10 2022,Detroit Pistons,106,Philadelphia 76ers,118
Sun Apr 10 2022,Chicago Bulls,124,Minnesota Timberwolves,120
Sun Apr 10 2022,San Antonio Spurs,120,Dallas Mavericks,130
Sun Apr 10 2022,Los Angeles Lakers,146,Denver Nuggets,141
Sun Apr 10 2022,Oklahoma City Thunder,88,Los Angeles Clippers,138
Sun Apr 10 2022,Golden State Warriors,128,New Orleans Pelicans,107
Sun Apr 10 2022,Sacramento Kings,116,Phoenix Suns,109
Sun Apr 10 2022,Utah Jazz,111,Portland Trail Blazers,80
Tue Oct 18 2022,Philadelphia 76ers,117,Boston Celtics,126
Tue Oct 18 2022,Los Angeles Lakers,109,Golden State Warriors,123
Wed Oct 19 2022,Orlando Magic,109,Detroit Pistons,113
Wed Oct 19 2022,Washington Wizards,114,Indiana Pacers,107
Wed Oct 19 2022,Houston Rockets,107,Atlanta Hawks,117
Wed Oct 19 2022,New Orleans Pelicans,130,Brooklyn Nets,108
Wed Oct 19 2022,New York Knicks,112,Memphis Grizzlies,115
Wed Oct 19 2022,Chicago Bulls,116,Miami Heat,108
Wed Oct 19 2022,Cleveland Cavaliers,105,Toronto Raptors,108
Wed Oct 19 2022,Oklahoma City Thunder,108,Minnesota Timberwolves,115
Wed Oct 19 2022,Charlotte Hornets,129,San Antonio Spurs,102
Wed Oct 19 2022,Denver Nuggets,102,Utah Jazz,123
Wed Oct 19 2022,Dallas Mavericks,105,Phoenix Suns,107
Wed Oct 19 2022,Portland Trail Blazers,115,Sacramento Kings,108
Thu Oct 20 2022,Milwaukee Bucks,90,Philadelphia 76ers,88
Thu Oct 20 2022,Los Angeles Clippers,103,Los Angeles Lakers,97
Fri Oct 21 2022,New Orleans Pelicans,124,Charlotte Hornets,112
Fri Oct 21 2022,San Antonio Spurs,137,Indiana Pacers,134
Fri Oct 21 2022,Chicago Bulls,100,Washington Wizards,102
Fri Oct 21 2022,Orlando Magic,98,Atlanta Hawks,108
Fri Oct 21 2022,Toronto Raptors,105,Brooklyn Nets,109
Fri Oct 21 2022,Boston Celtics,111,Miami Heat,104
Fri Oct 21 2022,Detroit Pistons,106,New York Knicks,130
Fri Oct 21 2022,Memphis Grizzlies,129,Houston Rockets,122
Fri Oct 21 2022,Utah Jazz,132,Minnesota Timberwolves,126
Fri Oct 21 2022,Denver Nuggets,128,Golden State Warriors,123
Fri Oct 21 2022,Phoenix Suns,111,Portland Trail Blazers,113
Sat Oct 22 2022,San Antonio Spurs,114,Philadelphia 76ers,105
Sat Oct 22 2022,Detroit Pistons,115,Indiana Pacers,124
Sat Oct 22 2022,Boston Celtics,126,Orlando Magic,120
Sat Oct 22 2022,Cleveland Cavaliers,128,Chicago Bulls,96
Sat Oct 22 2022,Toronto Raptors,109,Miami Heat,112
Sat Oct 22 2022,Houston Rockets,105,Milwaukee Bucks,125
Sat Oct 22 2022,Memphis Grizzlies,96,Dallas Mavericks,137
Sat Oct 22 2022,Oklahoma City Thunder,117,Denver Nuggets,122
Sat Oct 22 2022,Los Angeles Clippers,111,Sacramento Kings,109
Sun Oct 23 2022,Portland Trail Blazers,106,Los Angeles Lakers,104
Sun Oct 23 2022,Charlotte Hornets,126,Atlanta Hawks,109
Sun Oct 23 2022,Washington Wizards,107,Cleveland Cavaliers,117
Sun Oct 23 2022,Utah Jazz,122,New Orleans Pelicans,121
Sun Oct 23 2022,Minnesota Timberwolves,116,Oklahoma City Thunder,106
Sun Oct 23 2022,Sacramento Kings,125,Golden State Warriors,130
Sun Oct 23 2022,Phoenix Suns,112,Los Angeles Clippers,95
Mon Oct 24 2022,Indiana Pacers,106,Philadelphia 76ers,120
Mon Oct 24 2022,Toronto Raptors,98,Miami Heat,90
Mon Oct 24 2022,Orlando Magic,102,New York Knicks,115
Mon Oct 24 2022,Boston Celtics,102,Chicago Bulls,120
Mon Oct 24 2022,Utah Jazz,108,Houston Rockets,114
Mon Oct 24 2022,Brooklyn Nets,124,Memphis Grizzlies,134
Mon Oct 24 2022,San Antonio Spurs,115,Minnesota Timberwolves,106
Mon Oct 24 2022,Denver Nuggets,110,Portland Trail Blazers,135
Tue Oct 25 2022,Detroit Pistons,99,Washington Wizards,120
Tue Oct 25 2022,Dallas Mavericks,111,New Orleans Pelicans,113
Tue Oct 25 2022,Los Angeles Clippers,94,Oklahoma City Thunder,108
Tue Oct 25 2022,Golden State Warriors,105,Phoenix Suns,134
Wed Oct 26 2022,Orlando Magic,92,Cleveland Cavaliers,103
Wed Oct 26 2022,Atlanta Hawks,118,Detroit Pistons,113
Wed Oct 26 2022,Brooklyn Nets,99,Milwaukee Bucks,110
Wed Oct 26 2022,Charlotte Hornets,131,New York Knicks,134
Wed Oct 26 2022,Philadelphia 76ers,109,Toronto Raptors,119
Wed Oct 26 2022,Indiana Pacers,109,Chicago Bulls,124
Wed Oct 26 2022,San Antonio Spurs,122,Minnesota Timberwolves,134
Wed Oct 26 2022,Houston Rockets,101,Utah Jazz,109
Wed Oct 26 2022,Los Angeles Lakers,99,Denver Nuggets,110
Wed Oct 26 2022,Miami Heat,119,Portland Trail Blazers,98
Thu Oct 27 2022,Dallas Mavericks,129,Brooklyn Nets,125
Thu Oct 27 2022,Los Angeles Clippers,110,Oklahoma City Thunder,118
Thu Oct 27 2022,Miami Heat,110,Golden State Warriors,123
Thu Oct 27 2022,Memphis Grizzlies,125,Sacramento Kings,110
Fri Oct 28 2022,Atlanta Hawks,136,Detroit Pistons,112
Fri Oct 28 2022,Charlotte Hornets,93,Orlando Magic,113
Fri Oct 28 2022,Cleveland Cavaliers,132,Boston Celtics,123
Fri Oct 28 2022,Philadelphia 76ers,112,Toronto Raptors,90
Fri Oct 28 2022,Indiana Pacers,127,Washington Wizards,117
Fri Oct 28 2022,New York Knicks,108,Milwaukee Bucks,119
Fri Oct 28 2022,Los Angeles Lakers,102,Minnesota Timberwolves,111
Fri Oct 28 2022,Chicago Bulls,124,San Antonio Spurs,129
Fri Oct 28 2022,Utah Jazz,101,Denver Nuggets,117
Fri Oct 28 2022,New Orleans Pelicans,111,Phoenix Suns,124
Fri Oct 28 2022,Houston Rockets,111,Portland Trail Blazers,125
Sat Oct 29 2022,Miami Heat,113,Sacramento Kings,119
Sat Oct 29 2022,Golden State Warriors,113,Charlotte Hornets,120
Sat Oct 29 2022,Indiana Pacers,125,Brooklyn Nets,116
Sat Oct 29 2022,Philadelphia 76ers,114,Chicago Bulls,109
Sat Oct 29 2022,Atlanta Hawks,115,Milwaukee Bucks,123
Sat Oct 29 2022,Oklahoma City Thunder,117,Dallas Mavericks,111
Sat Oct 29 2022,Memphis Grizzlies,123,Utah Jazz,124
Sun Oct 30 2022,New Orleans Pelicans,112,Los Angeles Clippers,91
Sun Oct 30 2022,Washington Wizards,94,Boston Celtics,112
Sun Oct 30 2022,New York Knicks,108,Cleveland Cavaliers,121
Sun Oct 30 2022,Golden State Warriors,114,Detroit Pistons,128
Sun Oct 30 2022,Minnesota Timberwolves,98,San Antonio Spurs,107
Sun Oct 30 2022,Orlando Magic,105,Dallas Mavericks,114
Sun Oct 30 2022,Houston Rockets,109,Phoenix Suns,124
Sun Oct 30 2022,Denver Nuggets,110,Los Angeles Lakers,121
Mon Oct 31 2022,Sacramento Kings,115,Charlotte Hornets,108
Mon Oct 31 2022,Philadelphia 76ers,118,Washington Wizards,111
Mon Oct 31 2022,Indiana Pacers,109,Brooklyn Nets,116
Mon Oct 31 2022,Atlanta Hawks,109,Toronto Raptors,139
Mon Oct 31 2022,Detroit Pistons,108,Milwaukee Bucks,110
Mon Oct 31 2022,Memphis Grizzlies,105,Utah Jazz,121
Mon Oct 31 2022,Houston Rockets,93,Los Angeles Clippers,95
Tue Nov 1 2022,Chicago Bulls,108,Brooklyn Nets,99
Tue Nov 1 2022,Golden State Warriors,109,Miami Heat,116
Tue Nov 1 2022,Orlando Magic,108,Oklahoma City Thunder,116
Tue Nov 1 2022,Minnesota Timberwolves,107,Phoenix Suns,116
Wed Nov 2 2022,Washington Wizards,121,Philadelphia 76ers,111
Wed Nov 2 2022,Boston Celtics,113,Cleveland Cavaliers,114
Wed Nov 2 2022,Sacramento Kings,107,Miami Heat,110
Wed Nov 2 2022,Atlanta Hawks,112,New York Knicks,99
Wed Nov 2 2022,Charlotte Hornets,88,Chicago Bulls,106
Wed Nov 2 2022,Los Angeles Clippers,109,Houston Rockets,101
Wed Nov 2 2022,Detroit Pistons,91,Milwaukee Bucks,116
Wed Nov 2 2022,Toronto Raptors,143,San Antonio Spurs,100
Wed Nov 2 2022,Utah Jazz,100,Dallas Mavericks,103
Wed Nov 2 2022,Memphis Grizzlies,111,Portland Trail Blazers,106
Wed Nov 2 2022,New Orleans Pelicans,117,Los Angeles Lakers,120
Thu Nov 3 2022,Golden State Warriors,129,Orlando Magic,130
Thu Nov 3 2022,Denver Nuggets,122,Oklahoma City Thunder,110
Fri Nov 4 2022,Cleveland Cavaliers,112,Detroit Pistons,88
Fri Nov 4 2022,Miami Heat,99,Indiana Pacers,101
Fri Nov 4 2022,New York Knicks,106,Philadelphia 76ers,104
Fri Nov 4 2022,Brooklyn Nets,128,Washington Wizards,86
Fri Nov 4 2022,Chicago Bulls,119,Boston Celtics,123
Fri Nov 4 2022,Charlotte Hornets,99,Memphis Grizzlies,130
Fri Nov 4 2022,Los Angeles Clippers,113,San Antonio Spurs,106
Fri Nov 4 2022,Toronto Raptors,110,Dallas Mavericks,111
Fri Nov 4 2022,Golden State Warriors,105,New Orleans Pelicans,114
Fri Nov 4 2022,Milwaukee Bucks,115,Minnesota Timberwolves,102
Fri Nov 4 2022,Portland Trail Blazers,108,Phoenix Suns,106
Fri Nov 4 2022,Utah Jazz,130,Los Angeles Lakers,116
Sat Nov 5 2022,Sacramento Kings,126,Orlando Magic,123
Sat Nov 5 2022,Brooklyn Nets,98,Charlotte Hornets,94
Sat Nov 5 2022,New Orleans Pelicans,121,Atlanta Hawks,124
Sat Nov 5 2022,Boston Celtics,133,New York Knicks,118
Sat Nov 5 2022,Oklahoma City Thunder,94,Milwaukee Bucks,108
Sat Nov 5 2022,Houston Rockets,117,Minnesota Timberwolves,129
Sat Nov 5 2022,San Antonio Spurs,101,Denver Nuggets,126
Sat Nov 5 2022,Portland Trail Blazers,82,Phoenix Suns,102
Sun Nov 6 2022,Cleveland Cavaliers,114,Los Angeles Lakers,100
Sun Nov 6 2022,Washington Wizards,97,Memphis Grizzlies,103
Sun Nov 6 2022,Chicago Bulls,104,Toronto Raptors,113
Sun Nov 6 2022,Utah Jazz,110,Los Angeles Clippers,102
Mon Nov 7 2022,Washington Wizards,108,Charlotte Hornets,100
Mon Nov 7 2022,Houston Rockets,134,Orlando Magic,127
Mon Nov 7 2022,Oklahoma City Thunder,103,Detroit Pistons,112
Mon Nov 7 2022,New Orleans Pelicans,122,Indiana Pacers,129
Mon Nov 7 2022,Phoenix Suns,88,Philadelphia 76ers,100
Mon Nov 7 2022,Milwaukee Bucks,98,Atlanta Hawks,117
Mon Nov 7 2022,Portland Trail Blazers,110,Miami Heat,107
Mon Nov 7 2022,Toronto Raptors,97,Chicago Bulls,111
Mon Nov 7 2022,Boston Celtics,109,Memphis Grizzlies,106
Mon Nov 7 2022,New York Knicks,120,Minnesota Timberwolves,107
Mon Nov 7 2022,Denver Nuggets,115,San Antonio Spurs,109
Mon Nov 7 2022,Brooklyn Nets,94,Dallas Mavericks,96
Mon Nov 7 2022,Sacramento Kings,113,Golden State Warriors,116
Mon Nov 7 2022,Los Angeles Lakers,116,Utah Jazz,139
Mon Nov 7 2022,Cleveland Cavaliers,117,Los Angeles Clippers,119
Wed Nov 9 2022,Dallas Mavericks,87,Orlando Magic,94
Wed Nov 9 2022,Portland Trail Blazers,105,Charlotte Hornets,95
Wed Nov 9 2022,Denver Nuggets,122,Indiana Pacers,119
Wed Nov 9 2022,Utah Jazz,125,Atlanta Hawks,119
Wed Nov 9 2022,Detroit Pistons,112,Boston Celtics,128
Wed Nov 9 2022,New York Knicks,85,Brooklyn Nets,112
Wed Nov 9 2022,Houston Rockets,109,Toronto Raptors,116
Wed Nov 9 2022,New Orleans Pelicans,115,Chicago Bulls,111
Wed Nov 9 2022,Phoenix Suns,129,Minnesota Timberwolves,117
Wed Nov 9 2022,Milwaukee Bucks,136,Oklahoma City Thunder,132
Wed Nov 9 2022,Memphis Grizzlies,124,San Antonio Spurs,122
Wed Nov 9 2022,Los Angeles Lakers,101,Los Angeles Clippers,114
Wed Nov 9 2022,Cleveland Cavaliers,120,Sacramento Kings,127
Thu Nov 10 2022,Dallas Mavericks,105,Washington Wizards,113
Thu Nov 10 2022,Philadelphia 76ers,95,Atlanta Hawks,104
Thu Nov 10 2022,Charlotte Hornets,112,Miami Heat,117
Thu Nov 10 2022,Portland Trail Blazers,106,New Orleans Pelicans,95
Fri Nov 11 2022,Denver Nuggets,112,Boston Celtics,131
Fri Nov 11 2022,Phoenix Suns,97,Orlando Magic,114
Fri Nov 11 2022,Detroit Pistons,112,New York Knicks,121
Fri Nov 11 2022,Toronto Raptors,113,Oklahoma City Thunder,132
Fri Nov 11 2022,Milwaukee Bucks,93,San Antonio Spurs,111
Fri Nov 11 2022,Minnesota Timberwolves,103,Memphis Grizzlies,114
Fri Nov 11 2022,Cleveland Cavaliers,101,Golden State Warriors,106
Fri Nov 11 2022,Sacramento Kings,120,Los Angeles Lakers,114
Sat Nov 12 2022,Brooklyn Nets,110,Los Angeles Clippers,95
Sat Nov 12 2022,Utah Jazz,112,Washington Wizards,121
Sat Nov 12 2022,Boston Celtics,117,Detroit Pistons,108
Sat Nov 12 2022,Toronto Raptors,104,Indiana Pacers,118
Sat Nov 12 2022,Atlanta Hawks,109,Philadelphia 76ers,121
Sat Nov 12 2022,Charlotte Hornets,115,Miami Heat,132
Sat Nov 12 2022,Portland Trail Blazers,112,Dallas Mavericks,117
Sat Nov 12 2022,Houston Rockets,106,New Orleans Pelicans,119
Sun Nov 13 2022,Oklahoma City Thunder,145,New York Knicks,135
Sun Nov 13 2022,Minnesota Timberwolves,129,Cleveland Cavaliers,124
Sun Nov 13 2022,Memphis Grizzlies,92,Washington Wizards,102
Sun Nov 13 2022,Utah Jazz,98,Philadelphia 76ers,105
Sun Nov 13 2022,Denver Nuggets,126,Chicago Bulls,103
Sun Nov 13 2022,Golden State Warriors,115,Sacramento Kings,122
Sun Nov 13 2022,Brooklyn Nets,103,Los Angeles Lakers,116
Mon Nov 14 2022,Toronto Raptors,115,Detroit Pistons,111
Mon Nov 14 2022,Charlotte Hornets,112,Orlando Magic,105
Mon Nov 14 2022,Oklahoma City Thunder,122,Boston Celtics,126
Mon Nov 14 2022,Phoenix Suns,112,Miami Heat,113
Mon Nov 14 2022,Los Angeles Clippers,122,Houston Rockets,106
Mon Nov 14 2022,Atlanta Hawks,121,Milwaukee Bucks,106
Mon Nov 14 2022,San Antonio Spurs,95,Golden State Warriors,132
Tue Nov 15 2022,Memphis Grizzlies,102,New Orleans Pelicans,113
Tue Nov 15 2022,Los Angeles Clippers,101,Dallas Mavericks,103
Tue Nov 15 2022,New York Knicks,118,Utah Jazz,111
Tue Nov 15 2022,San Antonio Spurs,110,Portland Trail Blazers,117
Tue Nov 15 2022,Brooklyn Nets,121,Sacramento Kings,153
Wed Nov 16 2022,Indiana Pacers,125,Charlotte Hornets,113
Wed Nov 16 2022,Minnesota Timberwolves,126,Orlando Magic,108
Wed Nov 16 2022,Oklahoma City Thunder,121,Washington Wizards,120
Wed Nov 16 2022,Boston Celtics,126,Atlanta Hawks,101
Wed Nov 16 2022,Miami Heat,104,Toronto Raptors,112
Wed Nov 16 2022,Cleveland Cavaliers,98,Milwaukee Bucks,113
Wed Nov 16 2022,Chicago Bulls,110,New Orleans Pelicans,124
Wed Nov 16 2022,Houston Rockets,101,Dallas Mavericks,92
Wed Nov 16 2022,New York Knicks,106,Denver Nuggets,103
Wed Nov 16 2022,Golden State Warriors,119,Phoenix Suns,130
Thu Nov 17 2022,Brooklyn Nets,109,Portland Trail Blazers,107
Thu Nov 17 2022,San Antonio Spurs,112,Sacramento Kings,130
Thu Nov 17 2022,Detroit Pistons,91,Los Angeles Clippers,96
Fri Nov 18 2022,Miami Heat,106,Washington Wizards,107
Fri Nov 18 2022,Charlotte Hornets,122,Cleveland Cavaliers,132
Fri Nov 18 2022,Milwaukee Bucks,102,Philadelphia 76ers,110
Fri Nov 18 2022,Orlando Magic,108,Chicago Bulls,107
Fri Nov 18 2022,Indiana Pacers,99,Houston Rockets,91
Fri Nov 18 2022,Oklahoma City Thunder,110,Memphis Grizzlies,121
Fri Nov 18 2022,Denver Nuggets,99,Dallas Mavericks,127
Fri Nov 18 2022,Boston Celtics,117,New Orleans Pelicans,109
Fri Nov 18 2022,Phoenix Suns,133,Utah Jazz,134
Fri Nov 18 2022,New York Knicks,101,Golden State Warriors,111
Fri Nov 18 2022,Detroit Pistons,121,Los Angeles Lakers,128
Sat Nov 19 2022,Toronto Raptors,122,Atlanta Hawks,124
Sat Nov 19 2022,Orlando Magic,113,Indiana Pacers,114
Sat Nov 19 2022,Minnesota Timberwolves,112,Philadelphia 76ers,109
Sat Nov 19 2022,Utah Jazz,118,Portland Trail Blazers,113
Sat Nov 19 2022,San Antonio Spurs,97,Los Angeles Clippers,119
Sun Nov 20 2022,New York Knicks,95,Phoenix Suns,116
Sun Nov 20 2022,Detroit Pistons,129,Sacramento Kings,137
Sun Nov 20 2022,Charlotte Hornets,102,Washington Wizards,106
Sun Nov 20 2022,Memphis Grizzlies,115,Brooklyn Nets,127
Sun Nov 20 2022,Miami Heat,87,Cleveland Cavaliers,113
Sun Nov 20 2022,Golden State Warriors,127,Houston Rockets,120
Sun Nov 20 2022,Denver Nuggets,98,Dallas Mavericks,97
Sun Nov 20 2022,San Antonio Spurs,92,Los Angeles Lakers,123
Mon Nov 21 2022,Atlanta Hawks,102,Cleveland Cavaliers,114
Mon Nov 21 2022,Orlando Magic,102,Indiana Pacers,123
Mon Nov 21 2022,Boston Celtics,107,Chicago Bulls,121
Mon Nov 21 2022,Portland Trail Blazers,111,Milwaukee Bucks,119
Mon Nov 21 2022,Miami Heat,101,Minnesota Timberwolves,105
Mon Nov 21 2022,Golden State Warriors,83,New Orleans Pelicans,128
Mon Nov 21 2022,New York Knicks,129,Oklahoma City Thunder,119
Mon Nov 21 2022,Utah Jazz,114,Los Angeles Clippers,121
Tue Nov 22 2022,Brooklyn Nets,106,Philadelphia 76ers,115
Tue Nov 22 2022,Sacramento Kings,113,Memphis Grizzlies,109
Tue Nov 22 2022,Detroit Pistons,110,Denver Nuggets,108
Tue Nov 22 2022,Los Angeles Lakers,105,Phoenix Suns,115
Wed Nov 23 2022,Philadelphia 76ers,101,Charlotte Hornets,107
Wed Nov 23 2022,Portland Trail Blazers,96,Cleveland Cavaliers,114
Wed Nov 23 2022,Minnesota Timberwolves,115,Indiana Pacers,101
Wed Nov 23 2022,Sacramento Kings,106,Atlanta Hawks,115
Wed Nov 23 2022,Dallas Mavericks,112,Boston Celtics,125
Wed Nov 23 2022,Washington Wizards,105,Miami Heat,113
Wed Nov 23 2022,Brooklyn Nets,112,Toronto Raptors,98
Wed Nov 23 2022,Chicago Bulls,118,Milwaukee Bucks,113
Wed Nov 23 2022,Denver Nuggets,131,Oklahoma City Thunder,126
Wed Nov 23 2022,New Orleans Pelicans,129,San Antonio Spurs,110
Wed Nov 23 2022,Detroit Pistons,125,Utah Jazz,116
Wed Nov 23 2022,Los Angeles Clippers,107,Golden State Warriors,124
Fri Nov 25 2022,Minnesota Timberwolves,108,Charlotte Hornets,110
Fri Nov 25 2022,Philadelphia 76ers,107,Orlando Magic,99
Fri Nov 25 2022,Portland Trail Blazers,132,New York Knicks,129
Fri Nov 25 2022,Sacramento Kings,104,Boston Celtics,122
Fri Nov 25 2022,Atlanta Hawks,122,Houston Rockets,128
Fri Nov 25 2022,Brooklyn Nets,117,Indiana Pacers,128
Fri Nov 25 2022,New Orleans Pelicans,111,Memphis Grizzlies,132
Fri Nov 25 2022,Washington Wizards,107,Miami Heat,110
Fri Nov 25 2022,Cleveland Cavaliers,102,Milwaukee Bucks,117
Fri Nov 25 2022,Chicago Bulls,119,Oklahoma City Thunder,123
Fri Nov 25 2022,Los Angeles Lakers,105,San Antonio Spurs,94
Fri Nov 25 2022,Detroit Pistons,102,Phoenix Suns,108
Fri Nov 25 2022,Utah Jazz,118,Golden State Warriors,129
Fri Nov 25 2022,Denver Nuggets,114,Los Angeles Clippers,104
Sat Nov 26 2022,Dallas Mavericks,100,Toronto Raptors,105
Sat Nov 26 2022,Oklahoma City Thunder,105,Houston Rockets,118
Sat Nov 26 2022,Los Angeles Lakers,143,San Antonio Spurs,138
Sat Nov 26 2022,Utah Jazz,112,Phoenix Suns,113
Sun Nov 27 2022,Portland Trail Blazers,97,Brooklyn Nets,111
Sun Nov 27 2022,Golden State Warriors,137,Minnesota Timberwolves,114
Sun Nov 27 2022,Indiana Pacers,100,Los Angeles Clippers,114
Sun Nov 27 2022,Miami Heat,106,Atlanta Hawks,98
Sun Nov 27 2022,Washington Wizards,121,Boston Celtics,130
Sun Nov 27 2022,Cleveland Cavaliers,102,Detroit Pistons,94
Sun Nov 27 2022,Memphis Grizzlies,127,New York Knicks,123
Sun Nov 27 2022,Philadelphia 76ers,133,Orlando Magic,103
Sun Nov 27 2022,Dallas Mavericks,115,Milwaukee Bucks,124
Mon Nov 28 2022,Atlanta Hawks,101,Philadelphia 76ers,104
Mon Nov 28 2022,Minnesota Timberwolves,127,Washington Wizards,142
Mon Nov 28 2022,Charlotte Hornets,105,Boston Celtics,140
Mon Nov 28 2022,Orlando Magic,102,Brooklyn Nets,109
Mon Nov 28 2022,Cleveland Cavaliers,88,Toronto Raptors,100
Mon Nov 28 2022,Oklahoma City Thunder,101,New Orleans Pelicans,105
Mon Nov 28 2022,Houston Rockets,113,Denver Nuggets,129
Mon Nov 28 2022,Chicago Bulls,114,Utah Jazz,107
Mon Nov 28 2022,Phoenix Suns,122,Sacramento Kings,117
Mon Nov 28 2022,Indiana Pacers,116,Los Angeles Lakers,115
Tue Nov 29 2022,New York Knicks,140,Detroit Pistons,110
Tue Nov 29 2022,Golden State Warriors,113,Dallas Mavericks,116
Tue Nov 29 2022,Los Angeles Clippers,118,Portland Trail Blazers,112
Wed Nov 30 2022,Philadelphia 76ers,85,Cleveland Cavaliers,113
Wed Nov 30 2022,Atlanta Hawks,125,Orlando Magic,108
Wed Nov 30 2022,Miami Heat,121,Boston Celtics,134
Wed Nov 30 2022,Washington Wizards,107,Brooklyn Nets,113
Wed Nov 30 2022,Milwaukee Bucks,109,New York Knicks,103
Wed Nov 30 2022,Memphis Grizzlies,101,Minnesota Timberwolves,109
Wed Nov 30 2022,Toronto Raptors,108,New Orleans Pelicans,126
Wed Nov 30 2022,San Antonio Spurs,111,Oklahoma City Thunder,119
Wed Nov 30 2022,Houston Rockets,100,Denver Nuggets,120
Wed Nov 30 2022,Chicago Bulls,113,Phoenix Suns,132
Wed Nov 30 2022,Los Angeles Clippers,112,Utah Jazz,125
Wed Nov 30 2022,Indiana Pacers,114,Sacramento Kings,137
Wed Nov 30 2022,Portland Trail Blazers,109,Los Angeles Lakers,128
Thu Dec 1 2022,Dallas Mavericks,125,Detroit Pistons,131
Fri Dec 2 2022,Washington Wizards,116,Charlotte Hornets,117
Fri Dec 2 2022,Denver Nuggets,109,Atlanta Hawks,117
Fri Dec 2 2022,Miami Heat,120,Boston Celtics,116
Fri Dec 2 2022,Toronto Raptors,105,Brooklyn Nets,114
Fri Dec 2 2022,Orlando Magic,96,Cleveland Cavaliers,107
Fri Dec 2 2022,Los Angeles Lakers,133,Milwaukee Bucks,129
Fri Dec 2 2022,Philadelphia 76ers,109,Memphis Grizzlies,117
Fri Dec 2 2022,New Orleans Pelicans,117,San Antonio Spurs,99
Fri Dec 2 2022,Houston Rockets,122,Phoenix Suns,121
Fri Dec 2 2022,Indiana Pacers,119,Utah Jazz,139
Fri Dec 2 2022,Chicago Bulls,111,Golden State Warriors,119
Sat Dec 3 2022,Dallas Mavericks,121,New York Knicks,100
Sat Dec 3 2022,Sacramento Kings,123,Los Angeles Clippers,96
Sat Dec 3 2022,Milwaukee Bucks,105,Charlotte Hornets,96
Sat Dec 3 2022,Oklahoma City Thunder,135,Minnesota Timberwolves,128
Sat Dec 3 2022,Orlando Magic,108,Toronto Raptors,121
Sat Dec 3 2022,Houston Rockets,101,Golden State Warriors,120
Sat Dec 3 2022,Portland Trail Blazers,116,Utah Jazz,111
Sun Dec 4 2022,Denver Nuggets,106,New Orleans Pelicans,121
Sun Dec 4 2022,Phoenix Suns,133,San Antonio Spurs,95
Sun Dec 4 2022,Boston Celtics,103,Brooklyn Nets,92
Sun Dec 4 2022,Memphis Grizzlies,122,Detroit Pistons,112
Sun Dec 4 2022,Cleveland Cavaliers,81,New York Knicks,92
Sun Dec 4 2022,Chicago Bulls,101,Sacramento Kings,110
Sun Dec 4 2022,Los Angeles Lakers,130,Washington Wizards,119
Sun Dec 4 2022,Indiana Pacers,100,Portland Trail Blazers,116
Mon Dec 5 2022,Los Angeles Clippers,119,Charlotte Hornets,117
Mon Dec 5 2022,Milwaukee Bucks,109,Orlando Magic,102
Mon Dec 5 2022,Oklahoma City Thunder,121,Atlanta Hawks,114
Mon Dec 5 2022,Boston Celtics,116,Toronto Raptors,110
Mon Dec 5 2022,Philadelphia 76ers,123,Houston Rockets,132
Mon Dec 5 2022,Miami Heat,93,Memphis Grizzlies,101
Mon Dec 5 2022,Phoenix Suns,111,Dallas Mavericks,130
Mon Dec 5 2022,Indiana Pacers,112,Golden State Warriors,104
Tue Dec 6 2022,Los Angeles Lakers,102,Cleveland Cavaliers,116
Tue Dec 6 2022,Detroit Pistons,116,Miami Heat,96
Tue Dec 6 2022,Dallas Mavericks,116,Denver Nuggets,115
Wed Dec 7 2022,Los Angeles Clippers,111,Orlando Magic,116
Wed Dec 7 2022,Charlotte Hornets,116,Brooklyn Nets,122
Wed Dec 7 2022,Atlanta Hawks,89,New York Knicks,113
Wed Dec 7 2022,Los Angeles Lakers,113,Toronto Raptors,126
Wed Dec 7 2022,Washington Wizards,111,Chicago Bulls,115
Wed Dec 7 2022,Oklahoma City Thunder,102,Memphis Grizzlies,123
Wed Dec 7 2022,Sacramento Kings,113,Milwaukee Bucks,126
Wed Dec 7 2022,Indiana Pacers,115,Minnesota Timberwolves,121
Wed Dec 7 2022,Detroit Pistons,98,New Orleans Pelicans,104
Wed Dec 7 2022,Golden State Warriors,123,Utah Jazz,124
Wed Dec 7 2022,Boston Celtics,125,Phoenix Suns,98
Thu Dec 8 2022,Los Angeles Clippers,110,Miami Heat,115
Thu Dec 8 2022,Houston Rockets,109,San Antonio Spurs,118
Thu Dec 8 2022,Denver Nuggets,121,Portland Trail Blazers,120
Fri Dec 9 2022,New York Knicks,121,Charlotte Hornets,102
Fri Dec 9 2022,Washington Wizards,111,Indiana Pacers,121
Fri Dec 9 2022,Toronto Raptors,109,Orlando Magic,113
Fri Dec 9 2022,Atlanta Hawks,116,Brooklyn Nets,120
Fri Dec 9 2022,Sacramento Kings,106,Cleveland Cavaliers,95
Fri Dec 9 2022,Los Angeles Lakers,122,Philadelphia 76ers,133
Fri Dec 9 2022,Detroit Pistons,103,Memphis Grizzlies,114
Fri Dec 9 2022,Phoenix Suns,117,New Orleans Pelicans,128
Fri Dec 9 2022,Minnesota Timberwolves,118,Utah Jazz,108
Fri Dec 9 2022,Milwaukee Bucks,106,Dallas Mavericks,105
Sat Dec 10 2022,San Antonio Spurs,115,Miami Heat,111
Sat Dec 10 2022,Brooklyn Nets,136,Indiana Pacers,133
Sat Dec 10 2022,Los Angeles Clippers,114,Washington Wizards,107
Sat Dec 10 2022,Oklahoma City Thunder,102,Cleveland Cavaliers,110
Sat Dec 10 2022,Dallas Mavericks,115,Chicago Bulls,144
Sat Dec 10 2022,Boston Celtics,107,Golden State Warriors,123
Sat Dec 10 2022,Utah Jazz,110,Denver Nuggets,115
Sat Dec 10 2022,Minnesota Timberwolves,118,Portland Trail Blazers,124
Sun Dec 11 2022,Phoenix Suns,124,New Orleans Pelicans,129
Sun Dec 11 2022,Los Angeles Lakers,124,Detroit Pistons,117
Sun Dec 11 2022,Sacramento Kings,99,New York Knicks,112
Sun Dec 11 2022,Toronto Raptors,99,Orlando Magic,111
Sun Dec 11 2022,Charlotte Hornets,113,Philadelphia 76ers,131
Sun Dec 11 2022,Chicago Bulls,122,Atlanta Hawks,123
Sun Dec 11 2022,Milwaukee Bucks,92,Houston Rockets,97
Mon Dec 12 2022,Miami Heat,87,Indiana Pacers,82
Mon Dec 12 2022,Brooklyn Nets,112,Washington Wizards,100
Mon Dec 12 2022,Atlanta Hawks,103,Memphis Grizzlies,128
Mon Dec 12 2022,Oklahoma City Thunder,114,Dallas Mavericks,121
Mon Dec 12 2022,Cleveland Cavaliers,111,San Antonio Spurs,112
Mon Dec 12 2022,Minnesota Timberwolves,112,Portland Trail Blazers,133
Mon Dec 12 2022,Boston Celtics,93,Los Angeles Clippers,113
Tue Dec 13 2022,Sacramento Kings,103,Philadelphia 76ers,123
Tue Dec 13 2022,Golden State Warriors,111,Milwaukee Bucks,128
Tue Dec 13 2022,Phoenix Suns,97,Houston Rockets,111
Tue Dec 13 2022,New Orleans Pelicans,100,Utah Jazz,121
Tue Dec 13 2022,Boston Celtics,122,Los Angeles Lakers,118
Wed Dec 14 2022,Detroit Pistons,141,Charlotte Hornets,134
Wed Dec 14 2022,Golden State Warriors,119,Indiana Pacers,125
Wed Dec 14 2022,Atlanta Hawks,124,Orlando Magic,135
Wed Dec 14 2022,New York Knicks,128,Chicago Bulls,120
Wed Dec 14 2022,Sacramento Kings,124,Toronto Raptors,123
Wed Dec 14 2022,Miami Heat,110,Oklahoma City Thunder,108
Wed Dec 14 2022,Portland Trail Blazers,128,San Antonio Spurs,112
Wed Dec 14 2022,Cleveland Cavaliers,105,Dallas Mavericks,90
Wed Dec 14 2022,Washington Wizards,128,Denver Nuggets,141
Wed Dec 14 2022,Minnesota Timberwolves,88,Los Angeles Clippers,99
Thu Dec 15 2022,Miami Heat,111,Houston Rockets,108
Thu Dec 15 2022,Milwaukee Bucks,101,Memphis Grizzlies,142
Thu Dec 15 2022,New Orleans Pelicans,129,Utah Jazz,132
Thu Dec 15 2022,Phoenix Suns,111,Los Angeles Clippers,95
Fri Dec 16 2022,Atlanta Hawks,125,Charlotte Hornets,106
Fri Dec 16 2022,Sacramento Kings,122,Detroit Pistons,113
Fri Dec 16 2022,Orlando Magic,117,Boston Celtics,109
Fri Dec 16 2022,Indiana Pacers,112,Cleveland Cavaliers,118
Fri Dec 16 2022,Golden State Warriors,106,Philadelphia 76ers,118
Fri Dec 16 2022,Brooklyn Nets,119,Toronto Raptors,116
Fri Dec 16 2022,New York Knicks,114,Chicago Bulls,91
Fri Dec 16 2022,Minnesota Timberwolves,112,Oklahoma City Thunder,110
Fri Dec 16 2022,Portland Trail Blazers,110,Dallas Mavericks,130
Fri Dec 16 2022,Denver Nuggets,108,Los Angeles Lakers,126
Sat Dec 17 2022,Washington Wizards,93,Los Angeles Clippers,102
Sat Dec 17 2022,Miami Heat,111,San Antonio Spurs,101
Sat Dec 17 2022,Dallas Mavericks,99,Cleveland Cavaliers,100
Sat Dec 17 2022,Portland Trail Blazers,107,Houston Rockets,95
Sat Dec 17 2022,Utah Jazz,97,Milwaukee Bucks,123
Sat Dec 17 2022,Memphis Grizzlies,109,Oklahoma City Thunder,115
Sat Dec 17 2022,New Orleans Pelicans,114,Phoenix Suns,118
Sun Dec 18 2022,Orlando Magic,95,Boston Celtics,92
Sun Dec 18 2022,New York Knicks,109,Indiana Pacers,106
Sun Dec 18 2022,Brooklyn Nets,124,Detroit Pistons,121
Sun Dec 18 2022,Golden State Warriors,126,Toronto Raptors,110
Sun Dec 18 2022,Chicago Bulls,126,Minnesota Timberwolves,150
Sun Dec 18 2022,Charlotte Hornets,115,Denver Nuggets,119
Sun Dec 18 2022,Washington Wizards,117,Los Angeles Lakers,119
Mon Dec 19 2022,Utah Jazz,99,Cleveland Cavaliers,122
Mon Dec 19 2022,Toronto Raptors,101,Philadelphia 76ers,104
Mon Dec 19 2022,Orlando Magic,125,Atlanta Hawks,126
Mon Dec 19 2022,San Antonio Spurs,124,Houston Rockets,105
Mon Dec 19 2022,Dallas Mavericks,106,Minnesota Timberwolves,116
Mon Dec 19 2022,Milwaukee Bucks,128,New Orleans Pelicans,119
Mon Dec 19 2022,Portland Trail Blazers,121,Oklahoma City Thunder,123
Mon Dec 19 2022,Los Angeles Lakers,104,Phoenix Suns,130
Mon Dec 19 2022,Charlotte Hornets,125,Sacramento Kings,119
Tue Dec 20 2022,Utah Jazz,126,Detroit Pistons,111
Tue Dec 20 2022,Chicago Bulls,113,Miami Heat,103
Tue Dec 20 2022,Golden State Warriors,94,New York Knicks,132
Tue Dec 20 2022,Washington Wizards,113,Phoenix Suns,110
Tue Dec 20 2022,Memphis Grizzlies,91,Denver Nuggets,105
Wed Dec 21 2022,Milwaukee Bucks,106,Cleveland Cavaliers,114
Wed Dec 21 2022,Detroit Pistons,93,Philadelphia 76ers,113
Wed Dec 21 2022,Chicago Bulls,110,Atlanta Hawks,108
Wed Dec 21 2022,Indiana Pacers,117,Boston Celtics,112
Wed Dec 21 2022,Golden State Warriors,113,Brooklyn Nets,143
Wed Dec 21 2022,Toronto Raptors,113,New York Knicks,106
Wed Dec 21 2022,Orlando Magic,116,Houston Rockets,110
Wed Dec 21 2022,Dallas Mavericks,104,Minnesota Timberwolves,99
Wed Dec 21 2022,Portland Trail Blazers,98,Oklahoma City Thunder,101
Wed Dec 21 2022,Los Angeles Lakers,120,Sacramento Kings,134
Wed Dec 21 2022,Charlotte Hornets,105,Los Angeles Clippers,126
Thu Dec 22 2022,San Antonio Spurs,117,New Orleans Pelicans,126
Thu Dec 22 2022,Washington Wizards,112,Utah Jazz,120
Fri Dec 23 2022,San Antonio Spurs,113,Orlando Magic,133
Fri Dec 23 2022,Los Angeles Clippers,114,Philadelphia 76ers,119
Fri Dec 23 2022,Detroit Pistons,105,Atlanta Hawks,130
Fri Dec 23 2022,Minnesota Timberwolves,109,Boston Celtics,121
Fri Dec 23 2022,Milwaukee Bucks,100,Brooklyn Nets,118
Fri Dec 23 2022,Toronto Raptors,118,Cleveland Cavaliers,107
Fri Dec 23 2022,Chicago Bulls,118,New York Knicks,117
Fri Dec 23 2022,Dallas Mavericks,112,Houston Rockets,106
Fri Dec 23 2022,Indiana Pacers,111,Miami Heat,108
Fri Dec 23 2022,New Orleans Pelicans,128,Oklahoma City Thunder,125
Fri Dec 23 2022,Portland Trail Blazers,107,Denver Nuggets,120
Fri Dec 23 2022,Memphis Grizzlies,125,Phoenix Suns,100
Fri Dec 23 2022,Washington Wizards,125,Sacramento Kings,111
Fri Dec 23 2022,Charlotte Hornets,134,Los Angeles Lakers,130
Sun Dec 25 2022,Philadelphia 76ers,119,New York Knicks,112
Sun Dec 25 2022,Los Angeles Lakers,115,Dallas Mavericks,124
Sun Dec 25 2022,Milwaukee Bucks,118,Boston Celtics,139
Sun Dec 25 2022,Memphis Grizzlies,109,Golden State Warriors,123
Sun Dec 25 2022,Phoenix Suns,125,Denver Nuggets,128
Mon Dec 26 2022,Brooklyn Nets,125,Cleveland Cavaliers,117
Mon Dec 26 2022,Los Angeles Clippers,142,Detroit Pistons,131
Mon Dec 26 2022,Minnesota Timberwolves,110,Miami Heat,113
Mon Dec 26 2022,Houston Rockets,133,Chicago Bulls,118
Mon Dec 26 2022,Indiana Pacers,93,New Orleans Pelicans,113
Mon Dec 26 2022,Utah Jazz,122,San Antonio Spurs,126
Mon Dec 26 2022,Charlotte Hornets,113,Portland Trail Blazers,124
Tue Dec 27 2022,Los Angeles Lakers,129,Orlando Magic,110
Tue Dec 27 2022,Philadelphia 76ers,111,Washington Wizards,116
Tue Dec 27 2022,Houston Rockets,102,Boston Celtics,126
Tue Dec 27 2022,Atlanta Hawks,114,Indiana Pacers,129
Tue Dec 27 2022,Los Angeles Clippers,124,Toronto Raptors,113
Tue Dec 27 2022,Phoenix Suns,125,Memphis Grizzlies,108
Tue Dec 27 2022,San Antonio Spurs,114,Oklahoma City Thunder,130
Tue Dec 27 2022,New York Knicks,121,Dallas Mavericks,126
Tue Dec 27 2022,Charlotte Hornets,105,Golden State Warriors,110
Tue Dec 27 2022,Denver Nuggets,113,Sacramento Kings,106
Wed Dec 28 2022,Orlando Magic,101,Detroit Pistons,121
Wed Dec 28 2022,Phoenix Suns,102,Washington Wizards,127
Wed Dec 28 2022,Brooklyn Nets,108,Atlanta Hawks,107
Wed Dec 28 2022,Los Angeles Lakers,98,Miami Heat,112
Wed Dec 28 2022,Milwaukee Bucks,113,Chicago Bulls,119
Wed Dec 28 2022,Minnesota Timberwolves,118,New Orleans Pelicans,119
Wed Dec 28 2022,Utah Jazz,107,Golden State Warriors,112
Wed Dec 28 2022,Denver Nuggets,126,Sacramento Kings,127
Thu Dec 29 2022,Oklahoma City Thunder,113,Charlotte Hornets,121
Thu Dec 29 2022,Cleveland Cavaliers,126,Indiana Pacers,135
Thu Dec 29 2022,Los Angeles Clippers,110,Boston Celtics,116
Thu Dec 29 2022,Memphis Grizzlies,119,Toronto Raptors,106
Thu Dec 29 2022,New York Knicks,115,San Antonio Spurs,122
Thu Dec 29 2022,Houston Rockets,114,Dallas Mavericks,129
Fri Dec 30 2022,Washington Wizards,119,Orlando Magic,100
Fri Dec 30 2022,Los Angeles Lakers,130,Atlanta Hawks,121
Fri Dec 30 2022,Phoenix Suns,104,Toronto Raptors,113
Fri Dec 30 2022,Detroit Pistons,118,Chicago Bulls,132
Fri Dec 30 2022,Minnesota Timberwolves,114,Milwaukee Bucks,123
Fri Dec 30 2022,Philadelphia 76ers,116,New Orleans Pelicans,127
Fri Dec 30 2022,Miami Heat,119,Denver Nuggets,124
Fri Dec 30 2022,Portland Trail Blazers,112,Golden State Warriors,118
Fri Dec 30 2022,Utah Jazz,125,Sacramento Kings,126
Sat Dec 31 2022,Los Angeles Clippers,130,Indiana Pacers,131
Sat Dec 31 2022,Cleveland Cavaliers,103,Chicago Bulls,102
Sat Dec 31 2022,Brooklyn Nets,123,Charlotte Hornets,106
Sat Dec 31 2022,New York Knicks,108,Houston Rockets,88
Sat Dec 31 2022,Dallas Mavericks,126,San Antonio Spurs,125
Sat Dec 31 2022,New Orleans Pelicans,101,Memphis Grizzlies,116
Sat Dec 31 2022,Detroit Pistons,116,Minnesota Timberwolves,104
Sat Dec 31 2022,Philadelphia 76ers,115,Oklahoma City Thunder,96
Sat Dec 31 2022,Miami Heat,126,Utah Jazz,123
Sun Jan 1 2023,Boston Celtics,111,Denver Nuggets,123
Sun Jan 1 2023,Sacramento Kings,108,Memphis Grizzlies,118
Sun Jan 1 2023,Washington Wizards,118,Milwaukee Bucks,95
Mon Jan 2 2023,Phoenix Suns,83,New York Knicks,102
Mon Jan 2 2023,Los Angeles Lakers,121,Charlotte Hornets,115
Mon Jan 2 2023,Chicago Bulls,134,Cleveland Cavaliers,145
Mon Jan 2 2023,Toronto Raptors,114,Indiana Pacers,122
Mon Jan 2 2023,New Orleans Pelicans,111,Philadelphia 76ers,120
Mon Jan 2 2023,San Antonio Spurs,103,Brooklyn Nets,139
Mon Jan 2 2023,Dallas Mavericks,111,Houston Rockets,106
Mon Jan 2 2023,Denver Nuggets,111,Minnesota Timberwolves,124
Mon Jan 2 2023,Atlanta Hawks,141,Golden State Warriors,143
Mon Jan 2 2023,Detroit Pistons,106,Portland Trail Blazers,135
Mon Jan 2 2023,Miami Heat,110,Los Angeles Clippers,100
Tue Jan 3 2023,Washington Wizards,113,Milwaukee Bucks,123
Tue Jan 3 2023,Boston Celtics,117,Oklahoma City Thunder,150
Tue Jan 3 2023,Sacramento Kings,117,Utah Jazz,115
Wed Jan 4 2023,Memphis Grizzlies,131,Charlotte Hornets,107
Wed Jan 4 2023,Phoenix Suns,88,Cleveland Cavaliers,90
Wed Jan 4 2023,Oklahoma City Thunder,115,Orlando Magic,126
Wed Jan 4 2023,Indiana Pacers,126,Philadelphia 76ers,129
Wed Jan 4 2023,San Antonio Spurs,114,New York Knicks,117
Wed Jan 4 2023,Milwaukee Bucks,104,Toronto Raptors,101
Wed Jan 4 2023,Brooklyn Nets,112,Chicago Bulls,121
Wed Jan 4 2023,Portland Trail Blazers,106,Minnesota Timberwolves,113
Wed Jan 4 2023,Houston Rockets,108,New Orleans Pelicans,119
Wed Jan 4 2023,Detroit Pistons,122,Golden State Warriors,119
Wed Jan 4 2023,Miami Heat,109,Los Angeles Lakers,112
Wed Jan 4 2023,Atlanta Hawks,120,Sacramento Kings,117
Thu Jan 5 2023,Memphis Grizzlies,123,Orlando Magic,115
Thu Jan 5 2023,Boston Celtics,124,Dallas Mavericks,95
Thu Jan 5 2023,Utah Jazz,131,Houston Rockets,114
Thu Jan 5 2023,Los Angeles Clippers,91,Denver Nuggets,122
Fri Jan 6 2023,Portland Trail Blazers,99,Indiana Pacers,108
Fri Jan 6 2023,Chicago Bulls,126,Philadelphia 76ers,112
Fri Jan 6 2023,Brooklyn Nets,108,New Orleans Pelicans,102
Fri Jan 6 2023,New York Knicks,112,Toronto Raptors,108
Fri Jan 6 2023,Charlotte Hornets,138,Milwaukee Bucks,109
Fri Jan 6 2023,Washington Wizards,110,Oklahoma City Thunder,127
Fri Jan 6 2023,Detroit Pistons,109,San Antonio Spurs,121
Fri Jan 6 2023,Cleveland Cavaliers,108,Denver Nuggets,121
Fri Jan 6 2023,Los Angeles Clippers,115,Minnesota Timberwolves,128
Fri Jan 6 2023,Miami Heat,104,Phoenix Suns,96
Fri Jan 6 2023,Atlanta Hawks,114,Los Angeles Lakers,130
Sat Jan 7 2023,Boston Celtics,121,San Antonio Spurs,116
Sat Jan 7 2023,Utah Jazz,118,Chicago Bulls,126
Sat Jan 7 2023,New Orleans Pelicans,117,Dallas Mavericks,127
Sat Jan 7 2023,Orlando Magic,115,Golden State Warriors,101
Sat Jan 7 2023,Los Angeles Lakers,136,Sacramento Kings,134
Sun Jan 8 2023,Philadelphia 76ers,123,Detroit Pistons,111
Sun Jan 8 2023,Portland Trail Blazers,105,Toronto Raptors,117
Sun Jan 8 2023,Charlotte Hornets,111,Indiana Pacers,116
Sun Jan 8 2023,Utah Jazz,118,Memphis Grizzlies,123
Sun Jan 8 2023,Brooklyn Nets,102,Miami Heat,101
Sun Jan 8 2023,Minnesota Timberwolves,104,Houston Rockets,96
Sun Jan 8 2023,Dallas Mavericks,109,Oklahoma City Thunder,120
Sun Jan 8 2023,Cleveland Cavaliers,112,Phoenix Suns,98
Sun Jan 8 2023,Atlanta Hawks,112,Los Angeles Clippers,108
Mon Jan 9 2023,New Orleans Pelicans,132,Washington Wizards,112
Mon Jan 9 2023,Chicago Bulls,99,Boston Celtics,107
Mon Jan 9 2023,Milwaukee Bucks,111,New York Knicks,107
Mon Jan 9 2023,San Antonio Spurs,113,Memphis Grizzlies,121
Mon Jan 9 2023,Los Angeles Lakers,109,Denver Nuggets,122
Mon Jan 9 2023,Orlando Magic,111,Sacramento Kings,136
Tue Jan 10 2023,Detroit Pistons,116,Philadelphia 76ers,147
Tue Jan 10 2023,Oklahoma City Thunder,111,Miami Heat,112
Tue Jan 10 2023,Charlotte Hornets,120,Toronto Raptors,132
Tue Jan 10 2023,Cleveland Cavaliers,114,Utah Jazz,116
Tue Jan 10 2023,Phoenix Suns,125,Golden State Warriors,113
Tue Jan 10 2023,Orlando Magic,109,Portland Trail Blazers,106
Tue Jan 10 2023,Dallas Mavericks,101,Los Angeles Clippers,113
Wed Jan 11 2023,Minnesota Timberwolves,118,Detroit Pistons,135
Wed Jan 11 2023,Chicago Bulls,97,Washington Wizards,100
Wed Jan 11 2023,Milwaukee Bucks,114,Atlanta Hawks,105
Wed Jan 11 2023,New Orleans Pelicans,114,Boston Celtics,125
Wed Jan 11 2023,Indiana Pacers,113,New York Knicks,119
Wed Jan 11 2023,San Antonio Spurs,129,Memphis Grizzlies,135
Wed Jan 11 2023,Phoenix Suns,97,Denver Nuggets,126
Wed Jan 11 2023,Houston Rockets,115,Sacramento Kings,135
Thu Jan 12 2023,Oklahoma City Thunder,133,Philadelphia 76ers,114
Thu Jan 12 2023,Boston Celtics,109,Brooklyn Nets,98
Thu Jan 12 2023,Milwaukee Bucks,102,Miami Heat,108
Thu Jan 12 2023,Charlotte Hornets,114,Toronto Raptors,124
Thu Jan 12 2023,Dallas Mavericks,119,Los Angeles Lakers,115
Thu Jan 12 2023,Cleveland Cavaliers,119,Portland Trail Blazers,113
Fri Jan 13 2023,New Orleans Pelicans,116,Detroit Pistons,110
Fri Jan 13 2023,Atlanta Hawks,113,Indiana Pacers,111
Fri Jan 13 2023,New York Knicks,112,Washington Wizards,108
Fri Jan 13 2023,Golden State Warriors,144,San Antonio Spurs,113
Fri Jan 13 2023,Oklahoma City Thunder,124,Chicago Bulls,110
Fri Jan 13 2023,Phoenix Suns,116,Minnesota Timberwolves,121
Fri Jan 13 2023,Orlando Magic,108,Utah Jazz,112
Fri Jan 13 2023,Denver Nuggets,115,Los Angeles Clippers,103
Fri Jan 13 2023,Houston Rockets,114,Sacramento Kings,139
Sat Jan 14 2023,Milwaukee Bucks,95,Miami Heat,111
Sat Jan 14 2023,Boston Celtics,122,Charlotte Hornets,106
Sat Jan 14 2023,Memphis Grizzlies,130,Indiana Pacers,112
Sat Jan 14 2023,Atlanta Hawks,114,Toronto Raptors,103
Sat Jan 14 2023,Cleveland Cavaliers,102,Minnesota Timberwolves,110
Sat Jan 14 2023,Philadelphia 76ers,118,Utah Jazz,117
Sat Jan 14 2023,Dallas Mavericks,119,Portland Trail Blazers,136
Sun Jan 15 2023,New York Knicks,117,Detroit Pistons,104
Sun Jan 15 2023,Houston Rockets,100,Los Angeles Clippers,121
Sun Jan 15 2023,Golden State Warriors,118,Chicago Bulls,132
Sun Jan 15 2023,Oklahoma City Thunder,112,Brooklyn Nets,102
Sun Jan 15 2023,Sacramento Kings,132,San Antonio Spurs,119
Sun Jan 15 2023,Orlando Magic,116,Denver Nuggets,119
Sun Jan 15 2023,Dallas Mavericks,123,Portland Trail Blazers,140
Sun Jan 15 2023,Philadelphia 76ers,113,Los Angeles Lakers,112
Mon Jan 16 2023,Boston Celtics,130,Charlotte Hornets,118
Mon Jan 16 2023,Indiana Pacers,119,Milwaukee Bucks,132
Mon Jan 16 2023,New Orleans Pelicans,103,Cleveland Cavaliers,113
Mon Jan 16 2023,Toronto Raptors,123,New York Knicks,121
Mon Jan 16 2023,Golden State Warriors,127,Washington Wizards,118
Mon Jan 16 2023,Miami Heat,113,Atlanta Hawks,121
Mon Jan 16 2023,Utah Jazz,126,Minnesota Timberwolves,125
Mon Jan 16 2023,Phoenix Suns,106,Memphis Grizzlies,136
Mon Jan 16 2023,Houston Rockets,132,Los Angeles Lakers,140
Tue Jan 17 2023,Toronto Raptors,122,Milwaukee Bucks,130
Tue Jan 17 2023,Brooklyn Nets,98,San Antonio Spurs,106
Tue Jan 17 2023,Portland Trail Blazers,113,Denver Nuggets,122
Tue Jan 17 2023,Philadelphia 76ers,120,Los Angeles Clippers,110
Wed Jan 18 2023,Atlanta Hawks,130,Dallas Mavericks,122
Wed Jan 18 2023,Washington Wizards,116,New York Knicks,105
Wed Jan 18 2023,Charlotte Hornets,122,Houston Rockets,117
Wed Jan 18 2023,Cleveland Cavaliers,114,Memphis Grizzlies,115
Wed Jan 18 2023,Miami Heat,124,New Orleans Pelicans,98
Wed Jan 18 2023,Indiana Pacers,106,Oklahoma City Thunder,126
Wed Jan 18 2023,Los Angeles Clippers,103,Utah Jazz,126
Wed Jan 18 2023,Minnesota Timberwolves,118,Denver Nuggets,122
Wed Jan 18 2023,Sacramento Kings,116,Los Angeles Lakers,111
Thu Jan 19 2023,Chicago Bulls,126,Detroit Pistons,108
Thu Jan 19 2023,Golden State Warriors,118,Boston Celtics,121
Thu Jan 19 2023,Toronto Raptors,126,Minnesota Timberwolves,128
Thu Jan 19 2023,Brooklyn Nets,112,Phoenix Suns,117
Thu Jan 19 2023,Philadelphia 76ers,105,Portland Trail Blazers,95
Fri Jan 20 2023,New Orleans Pelicans,110,Orlando Magic,123
Fri Jan 20 2023,New York Knicks,124,Atlanta Hawks,139
Fri Jan 20 2023,Golden State Warriors,120,Cleveland Cavaliers,114
Fri Jan 20 2023,Miami Heat,90,Dallas Mavericks,115
Fri Jan 20 2023,Los Angeles Clippers,131,San Antonio Spurs,126
Fri Jan 20 2023,Indiana Pacers,111,Denver Nuggets,134
Fri Jan 20 2023,Brooklyn Nets,117,Utah Jazz,106
Fri Jan 20 2023,Memphis Grizzlies,121,Los Angeles Lakers,122
Fri Jan 20 2023,Oklahoma City Thunder,113,Sacramento Kings,118
Sat Jan 21 2023,Boston Celtics,106,Toronto Raptors,104
Sat Jan 21 2023,Orlando Magic,118,Washington Wizards,138
Sat Jan 21 2023,Charlotte Hornets,122,Atlanta Hawks,118
Sat Jan 21 2023,Milwaukee Bucks,102,Cleveland Cavaliers,114
Sat Jan 21 2023,Houston Rockets,104,Minnesota Timberwolves,113
Sat Jan 21 2023,Indiana Pacers,107,Phoenix Suns,112
Sat Jan 21 2023,Philadelphia 76ers,129,Sacramento Kings,127
Sun Jan 22 2023,Los Angeles Clippers,112,Dallas Mavericks,98
Sun Jan 22 2023,New Orleans Pelicans,96,Miami Heat,100
Sun Jan 22 2023,New York Knicks,116,Toronto Raptors,125
Sun Jan 22 2023,Oklahoma City Thunder,101,Denver Nuggets,99
Sun Jan 22 2023,Memphis Grizzlies,110,Phoenix Suns,112
Sun Jan 22 2023,Brooklyn Nets,120,Golden State Warriors,116
Sun Jan 22 2023,Los Angeles Lakers,121,Portland Trail Blazers,112
Mon Jan 23 2023,Milwaukee Bucks,150,Detroit Pistons,130
Mon Jan 23 2023,Boston Celtics,98,Orlando Magic,113
Mon Jan 23 2023,Atlanta Hawks,100,Chicago Bulls,111
Mon Jan 23 2023,Minnesota Timberwolves,114,Houston Rockets,119
Mon Jan 23 2023,Charlotte Hornets,102,Utah Jazz,120
Mon Jan 23 2023,San Antonio Spurs,127,Portland Trail Blazers,147
Mon Jan 23 2023,Memphis Grizzlies,100,Sacramento Kings,133
Tue Jan 24 2023,Chicago Bulls,110,Indiana Pacers,116
Tue Jan 24 2023,Boston Celtics,95,Miami Heat,98
Tue Jan 24 2023,Cleveland Cavaliers,103,New York Knicks,105
Tue Jan 24 2023,Denver Nuggets,99,New Orleans Pelicans,98
Tue Jan 24 2023,Washington Wizards,127,Dallas Mavericks,126
Tue Jan 24 2023,Charlotte Hornets,97,Phoenix Suns,128
Tue Jan 24 2023,Los Angeles Clippers,133,Los Angeles Lakers,115
Wed Jan 25 2023,Indiana Pacers,120,Orlando Magic,126
Wed Jan 25 2023,Brooklyn Nets,133,Philadelphia 76ers,137
Wed Jan 25 2023,Washington Wizards,108,Houston Rockets,103
Wed Jan 25 2023,Denver Nuggets,99,Milwaukee Bucks,107
Wed Jan 25 2023,Minnesota Timberwolves,111,New Orleans Pelicans,102
Wed Jan 25 2023,Atlanta Hawks,137,Oklahoma City Thunder,132
Wed Jan 25 2023,Memphis Grizzlies,120,Golden State Warriors,122
Wed Jan 25 2023,Utah Jazz,124,Portland Trail Blazers,134
Wed Jan 25 2023,Toronto Raptors,113,Sacramento Kings,95
Wed Jan 25 2023,San Antonio Spurs,104,Los Angeles Lakers,113
Thu Jan 26 2023,New York Knicks,120,Boston Celtics,117
Thu Jan 26 2023,Detroit Pistons,130,Brooklyn Nets,122
Thu Jan 26 2023,Chicago Bulls,96,Charlotte Hornets,111
Thu Jan 26 2023,Cleveland Cavaliers,113,Houston Rockets,95
Thu Jan 26 2023,Dallas Mavericks,99,Phoenix Suns,95
Thu Jan 26 2023,San Antonio Spurs,100,Los Angeles Clippers,138
Fri Jan 27 2023,Milwaukee Bucks,141,Indiana Pacers,131
Fri Jan 27 2023,Memphis Grizzlies,100,Minnesota Timberwolves,111
Fri Jan 27 2023,Orlando Magic,105,Miami Heat,110
Fri Jan 27 2023,Cleveland Cavaliers,100,Oklahoma City Thunder,112
Fri Jan 27 2023,Toronto Raptors,117,Golden State Warriors,129
Sat Jan 28 2023,Denver Nuggets,119,Philadelphia 76ers,126
Sat Jan 28 2023,New York Knicks,115,Brooklyn Nets,122
Sat Jan 28 2023,Houston Rockets,117,Detroit Pistons,114
Sat Jan 28 2023,Chicago Bulls,128,Orlando Magic,109
Sat Jan 28 2023,Los Angeles Clippers,120,Atlanta Hawks,113
Sat Jan 28 2023,Sacramento Kings,110,Minnesota Timberwolves,117
Sat Jan 28 2023,Washington Wizards,113,New Orleans Pelicans,103
Sat Jan 28 2023,Phoenix Suns,128,San Antonio Spurs,118
Sat Jan 28 2023,Los Angeles Lakers,121,Boston Celtics,125
Sat Jan 28 2023,Dallas Mavericks,100,Utah Jazz,108
Sat Jan 28 2023,Toronto Raptors,123,Portland Trail Blazers,105
Sun Jan 29 2023,Miami Heat,117,Charlotte Hornets,122
Sun Jan 29 2023,Indiana Pacers,100,Memphis Grizzlies,112
Sun Jan 29 2023,Los Angeles Clippers,99,Cleveland Cavaliers,122
Sun Jan 29 2023,New Orleans Pelicans,110,Milwaukee Bucks,135
Mon Jan 30 2023,Orlando Magic,119,Philadelphia 76ers,109
Mon Jan 30 2023,Los Angeles Lakers,104,Brooklyn Nets,121
Mon Jan 30 2023,Sacramento Kings,118,Minnesota Timberwolves,111
Mon Jan 30 2023,Golden State Warriors,128,Oklahoma City Thunder,120
Mon Jan 30 2023,Washington Wizards,127,San Antonio Spurs,106
Mon Jan 30 2023,Detroit Pistons,105,Dallas Mavericks,111
Mon Jan 30 2023,Toronto Raptors,106,Phoenix Suns,114
Mon Jan 30 2023,Atlanta Hawks,125,Portland Trail Blazers,129
Tue Jan 31 2023,Miami Heat,100,Cleveland Cavaliers,97
Tue Jan 31 2023,Los Angeles Lakers,129,New York Knicks,123
Tue Jan 31 2023,Los Angeles Clippers,108,Chicago Bulls,103
Tue Jan 31 2023,Charlotte Hornets,115,Milwaukee Bucks,124
Tue Jan 31 2023,New Orleans Pelicans,113,Denver Nuggets,122
Wed Feb 1 2023,Portland Trail Blazers,122,Memphis Grizzlies,112
Wed Feb 1 2023,Orlando Magic,94,Philadelphia 76ers,105
Wed Feb 1 2023,Brooklyn Nets,96,Boston Celtics,139
Wed Feb 1 2023,Oklahoma City Thunder,106,Houston Rockets,112
Wed Feb 1 2023,Golden State Warriors,114,Minnesota Timberwolves,119
Wed Feb 1 2023,Sacramento Kings,119,San Antonio Spurs,109
Wed Feb 1 2023,Toronto Raptors,128,Utah Jazz,131
Wed Feb 1 2023,Atlanta Hawks,132,Phoenix Suns,100
Thu Feb 2 2023,Los Angeles Lakers,112,Indiana Pacers,111
Thu Feb 2 2023,Memphis Grizzlies,113,Cleveland Cavaliers,128
Thu Feb 2 2023,Miami Heat,104,New York Knicks,106
Thu Feb 2 2023,Charlotte Hornets,98,Chicago Bulls,114
Thu Feb 2 2023,New Orleans Pelicans,106,Dallas Mavericks,111
Thu Feb 2 2023,Golden State Warriors,117,Denver Nuggets,134
Thu Feb 2 2023,Los Angeles Clippers,105,Milwaukee Bucks,106
Fri Feb 3 2023,Charlotte Hornets,112,Detroit Pistons,118
Fri Feb 3 2023,Sacramento Kings,104,Indiana Pacers,107
Fri Feb 3 2023,Portland Trail Blazers,124,Washington Wizards,116
Fri Feb 3 2023,Phoenix Suns,106,Boston Celtics,94
Fri Feb 3 2023,Toronto Raptors,117,Houston Rockets,111
Fri Feb 3 2023,Orlando Magic,127,Minnesota Timberwolves,120
Fri Feb 3 2023,Philadelphia 76ers,137,San Antonio Spurs,125
Fri Feb 3 2023,Atlanta Hawks,115,Utah Jazz,108
Sat Feb 4 2023,Washington Wizards,123,Brooklyn Nets,125
Sat Feb 4 2023,Los Angeles Lakers,126,New Orleans Pelicans,131
Sat Feb 4 2023,Phoenix Suns,116,Detroit Pistons,100
Sat Feb 4 2023,Los Angeles Clippers,134,New York Knicks,128
Sat Feb 4 2023,Portland Trail Blazers,121,Chicago Bulls,129
Sat Feb 4 2023,Miami Heat,115,Milwaukee Bucks,123
Sat Feb 4 2023,Houston Rockets,121,Oklahoma City Thunder,153
Sat Feb 4 2023,Dallas Mavericks,113,Golden State Warriors,119
Sat Feb 4 2023,Atlanta Hawks,108,Denver Nuggets,128
Sun Feb 5 2023,Orlando Magic,119,Charlotte Hornets,113
Sun Feb 5 2023,Cleveland Cavaliers,122,Indiana Pacers,103
Sun Feb 5 2023,Toronto Raptors,106,Memphis Grizzlies,103
Sun Feb 5 2023,Philadelphia 76ers,97,New York Knicks,108
Sun Feb 5 2023,Denver Nuggets,98,Minnesota Timberwolves,128
Sun Feb 5 2023,Sacramento Kings,104,New Orleans Pelicans,136
Mon Feb 6 2023,Boston Celtics,111,Detroit Pistons,99
Mon Feb 6 2023,Cleveland Cavaliers,114,Washington Wizards,91
Mon Feb 6 2023,Los Angeles Clippers,124,Brooklyn Nets,116
Mon Feb 6 2023,San Antonio Spurs,104,Chicago Bulls,128
Mon Feb 6 2023,Sacramento Kings,140,Houston Rockets,120
Mon Feb 6 2023,Dallas Mavericks,124,Utah Jazz,111
Mon Feb 6 2023,Oklahoma City Thunder,114,Golden State Warriors,141
Mon Feb 6 2023,Milwaukee Bucks,127,Portland Trail Blazers,108
Tue Feb 7 2023,New York Knicks,102,Orlando Magic,98
Tue Feb 7 2023,Phoenix Suns,116,Brooklyn Nets,112
Tue Feb 7 2023,Atlanta Hawks,107,New Orleans Pelicans,116
Tue Feb 7 2023,Chicago Bulls,89,Memphis Grizzlies,104
Tue Feb 7 2023,Minnesota Timberwolves,112,Denver Nuggets,146
Tue Feb 7 2023,Oklahoma City Thunder,133,Los Angeles Lakers,130
Wed Feb 8 2023,Detroit Pistons,85,Cleveland Cavaliers,113
Wed Feb 8 2023,Charlotte Hornets,104,Washington Wizards,118
Wed Feb 8 2023,Philadelphia 76ers,99,Boston Celtics,106
Wed Feb 8 2023,Indiana Pacers,111,Miami Heat,116
Wed Feb 8 2023,San Antonio Spurs,98,Toronto Raptors,112
Wed Feb 8 2023,Sacramento Kings,130,Houston Rockets,128
Wed Feb 8 2023,Minnesota Timberwolves,143,Utah Jazz,118
Wed Feb 8 2023,Dallas Mavericks,110,Los Angeles Clippers,104
Wed Feb 8 2023,Golden State Warriors,122,Portland Trail Blazers,125
Thu Feb 9 2023,Denver Nuggets,104,Orlando Magic,115
Thu Feb 9 2023,Phoenix Suns,107,Atlanta Hawks,116
Thu Feb 9 2023,Chicago Bulls,105,Brooklyn Nets,116
Thu Feb 9 2023,Milwaukee Bucks,115,Los Angeles Lakers,106
Fri Feb 10 2023,San Antonio Spurs,131,Detroit Pistons,138
Fri Feb 10 2023,Phoenix Suns,117,Indiana Pacers,104
Fri Feb 10 2023,New York Knicks,108,Philadelphia 76ers,119
Fri Feb 10 2023,Charlotte Hornets,116,Boston Celtics,127
Fri Feb 10 2023,Utah Jazz,122,Toronto Raptors,116
Fri Feb 10 2023,Minnesota Timberwolves,107,Memphis Grizzlies,128
Fri Feb 10 2023,Houston Rockets,95,Miami Heat,97
Fri Feb 10 2023,Cleveland Cavaliers,118,New Orleans Pelicans,107
Fri Feb 10 2023,Oklahoma City Thunder,138,Portland Trail Blazers,129
Fri Feb 10 2023,Dallas Mavericks,122,Sacramento Kings,114
Fri Feb 10 2023,Milwaukee Bucks,119,Los Angeles Clippers,106
Sat Feb 11 2023,Philadelphia 76ers,101,Brooklyn Nets,98
Sat Feb 11 2023,Denver Nuggets,119,Charlotte Hornets,105
Sat Feb 11 2023,Miami Heat,107,Orlando Magic,103
Sat Feb 11 2023,Indiana Pacers,113,Washington Wizards,127
Sat Feb 11 2023,San Antonio Spurs,106,Atlanta Hawks,125
Sat Feb 11 2023,Utah Jazz,120,New York Knicks,126
Sat Feb 11 2023,Chicago Bulls,89,Cleveland Cavaliers,97
Sat Feb 11 2023,Los Angeles Lakers,109,Golden State Warriors,103
Sat Feb 11 2023,Dallas Mavericks,128,Sacramento Kings,133
Sun Feb 12 2023,Memphis Grizzlies,109,Boston Celtics,119
Sun Feb 12 2023,Detroit Pistons,118,Toronto Raptors,119
Mon Feb 13 2023,Atlanta Hawks,138,Charlotte Hornets,144
Mon Feb 13 2023,San Antonio Spurs,109,Cleveland Cavaliers,117
Mon Feb 13 2023,Utah Jazz,123,Indiana Pacers,117
Mon Feb 13 2023,Houston Rockets,104,Philadelphia 76ers,123
Mon Feb 13 2023,Denver Nuggets,112,Miami Heat,108
Mon Feb 13 2023,Brooklyn Nets,106,New York Knicks,124
Mon Feb 13 2023,Orlando Magic,100,Chicago Bulls,91
Mon Feb 13 2023,New Orleans Pelicans,103,Oklahoma City Thunder,100
Mon Feb 13 2023,Minnesota Timberwolves,124,Dallas Mavericks,121
Mon Feb 13 2023,Washington Wizards,126,Golden State Warriors,135
Mon Feb 13 2023,Los Angeles Lakers,115,Portland Trail Blazers,127
Tue Feb 14 2023,Boston Celtics,125,Milwaukee Bucks,131
Tue Feb 14 2023,Orlando Magic,113,Toronto Raptors,123
Tue Feb 14 2023,Sacramento Kings,109,Phoenix Suns,120
Tue Feb 14 2023,Golden State Warriors,124,Los Angeles Clippers,134
Tue Feb 14 2023,Washington Wizards,126,Portland Trail Blazers,101
Wed Feb 15 2023,San Antonio Spurs,110,Charlotte Hornets,120
Wed Feb 15 2023,Chicago Bulls,113,Indiana Pacers,117
Wed Feb 15 2023,New York Knicks,122,Atlanta Hawks,101
Wed Feb 15 2023,Detroit Pistons,109,Boston Celtics,127
Wed Feb 15 2023,Miami Heat,105,Brooklyn Nets,116
Wed Feb 15 2023,Cleveland Cavaliers,112,Philadelphia 76ers,118
Wed Feb 15 2023,Utah Jazz,111,Memphis Grizzlies,117
Wed Feb 15 2023,Houston Rockets,96,Oklahoma City Thunder,133
Wed Feb 15 2023,Dallas Mavericks,109,Denver Nuggets,118
Wed Feb 15 2023,New Orleans Pelicans,102,Los Angeles Lakers,120
Thu Feb 16 2023,Milwaukee Bucks,112,Chicago Bulls,100
Thu Feb 16 2023,Washington Wizards,114,Minnesota Timberwolves,106
Thu Feb 16 2023,Los Angeles Clippers,116,Phoenix Suns,107
Thu Feb 23 2023,Denver Nuggets,115,Cleveland Cavaliers,109
Thu Feb 23 2023,Boston Celtics,142,Indiana Pacers,138
Thu Feb 23 2023,Detroit Pistons,106,Orlando Magic,108
Thu Feb 23 2023,Memphis Grizzlies,105,Philadelphia 76ers,110
Thu Feb 23 2023,New Orleans Pelicans,110,Toronto Raptors,115
Thu Feb 23 2023,San Antonio Spurs,116,Dallas Mavericks,142
Thu Feb 23 2023,Oklahoma City Thunder,119,Utah Jazz,120
Thu Feb 23 2023,Golden State Warriors,111,Los Angeles Lakers,124
Thu Feb 23 2023,Portland Trail Blazers,116,Sacramento Kings,133
Fri Feb 24 2023,New York Knicks,115,Washington Wizards,109
Fri Feb 24 2023,Cleveland Cavaliers,119,Atlanta Hawks,136
Fri Feb 24 2023,Miami Heat,99,Milwaukee Bucks,128
Fri Feb 24 2023,Brooklyn Nets,87,Chicago Bulls,131
Fri Feb 24 2023,Charlotte Hornets,121,Minnesota Timberwolves,113
Fri Feb 24 2023,Houston Rockets,101,Golden State Warriors,116
Fri Feb 24 2023,Oklahoma City Thunder,115,Phoenix Suns,124
Fri Feb 24 2023,Sacramento Kings,176,Los Angeles Clippers,175
Sat Feb 25 2023,Toronto Raptors,95,Detroit Pistons,91
Sat Feb 25 2023,Miami Heat,103,Charlotte Hornets,108
Sat Feb 25 2023,Indiana Pacers,121,Orlando Magic,108
Sat Feb 25 2023,New Orleans Pelicans,106,New York Knicks,128
Sat Feb 25 2023,Denver Nuggets,94,Memphis Grizzlies,112
Sat Feb 25 2023,Boston Celtics,110,Philadelphia 76ers,107
Sat Feb 25 2023,San Antonio Spurs,102,Utah Jazz,118
Sun Feb 26 2023,Phoenix Suns,101,Milwaukee Bucks,104
Sun Feb 26 2023,Brooklyn Nets,127,Atlanta Hawks,129
Sun Feb 26 2023,Washington Wizards,82,Chicago Bulls,102
Sun Feb 26 2023,Los Angeles Lakers,111,Dallas Mavericks,108
Sun Feb 26 2023,Toronto Raptors,93,Cleveland Cavaliers,118
Sun Feb 26 2023,Sacramento Kings,124,Oklahoma City Thunder,115
Sun Feb 26 2023,Minnesota Timberwolves,104,Golden State Warriors,109
Sun Feb 26 2023,Houston Rockets,114,Portland Trail Blazers,131
Sun Feb 26 2023,Los Angeles Clippers,124,Denver Nuggets,134
Mon Feb 27 2023,Detroit Pistons,106,Charlotte Hornets,117
Mon Feb 27 2023,Miami Heat,101,Philadelphia 76ers,99
Mon Feb 27 2023,Boston Celtics,94,New York Knicks,109
Mon Feb 27 2023,Orlando Magic,101,New Orleans Pelicans,93
Tue Feb 28 2023,Washington Wizards,119,Atlanta Hawks,116
Tue Feb 28 2023,Milwaukee Bucks,118,Brooklyn Nets,104
Tue Feb 28 2023,Los Angeles Lakers,109,Memphis Grizzlies,121
Tue Feb 28 2023,Chicago Bulls,98,Toronto Raptors,104
Tue Feb 28 2023,Denver Nuggets,133,Houston Rockets,112
Tue Feb 28 2023,Sacramento Kings,123,Oklahoma City Thunder,117
Tue Feb 28 2023,Indiana Pacers,124,Dallas Mavericks,122
Tue Feb 28 2023,San Antonio Spurs,102,Utah Jazz,94
Tue Feb 28 2023,Portland Trail Blazers,105,Golden State Warriors,123
Tue Feb 28 2023,Minnesota Timberwolves,108,Los Angeles Clippers,101
Wed Mar 1 2023,Phoenix Suns,105,Charlotte Hornets,91
Wed Mar 1 2023,Chicago Bulls,117,Detroit Pistons,115
Wed Mar 1 2023,Cleveland Cavaliers,113,Boston Celtics,117
Wed Mar 1 2023,Philadelphia 76ers,119,Miami Heat,96
Wed Mar 1 2023,Brooklyn Nets,118,New York Knicks,142
Wed Mar 1 2023,Memphis Grizzlies,113,Houston Rockets,99
Wed Mar 1 2023,Orlando Magic,117,Milwaukee Bucks,139
Wed Mar 1 2023,Los Angeles Lakers,123,Oklahoma City Thunder,117
Wed Mar 1 2023,New Orleans Pelicans,121,Portland Trail Blazers,110
Thu Mar 2 2023,Toronto Raptors,108,Washington Wizards,119
Thu Mar 2 2023,Philadelphia 76ers,126,Dallas Mavericks,133
Thu Mar 2 2023,Indiana Pacers,99,San Antonio Spurs,110
Thu Mar 2 2023,Los Angeles Clippers,91,Golden State Warriors,115
Fri Mar 3 2023,Orlando Magic,117,Charlotte Hornets,106
Fri Mar 3 2023,Portland Trail Blazers,111,Atlanta Hawks,129
Fri Mar 3 2023,Brooklyn Nets,115,Boston Celtics,105
Fri Mar 3 2023,Phoenix Suns,125,Chicago Bulls,104
Fri Mar 3 2023,New York Knicks,122,Miami Heat,120
Fri Mar 3 2023,Utah Jazz,103,Oklahoma City Thunder,130
Fri Mar 3 2023,Memphis Grizzlies,97,Denver Nuggets,113
Fri Mar 3 2023,New Orleans Pelicans,99,Golden State Warriors,108
Fri Mar 3 2023,Los Angeles Clippers,127,Sacramento Kings,128
Fri Mar 3 2023,Minnesota Timberwolves,110,Los Angeles Lakers,102
Sat Mar 4 2023,Toronto Raptors,116,Washington Wizards,109
Sat Mar 4 2023,Detroit Pistons,90,Cleveland Cavaliers,114
Sat Mar 4 2023,Atlanta Hawks,109,Miami Heat,117
Sat Mar 4 2023,Houston Rockets,122,San Antonio Spurs,110
Sat Mar 4 2023,Philadelphia 76ers,133,Milwaukee Bucks,130
Sat Mar 4 2023,Minnesota Timberwolves,138,Sacramento Kings,134
Sun Mar 5 2023,Phoenix Suns,130,Dallas Mavericks,126
Sun Mar 5 2023,Indiana Pacers,125,Chicago Bulls,122
Sun Mar 5 2023,Golden State Warriors,105,Los Angeles Lakers,113
Sun Mar 5 2023,Charlotte Hornets,86,Brooklyn Nets,102
Sun Mar 5 2023,Portland Trail Blazers,122,Orlando Magic,119
Sun Mar 5 2023,San Antonio Spurs,110,Houston Rockets,142
Sun Mar 5 2023,Utah Jazz,119,Oklahoma City Thunder,129
Sun Mar 5 2023,New York Knicks,131,Boston Celtics,129
Sun Mar 5 2023,Milwaukee Bucks,117,Washington Wizards,111
Sun Mar 5 2023,Memphis Grizzlies,129,Los Angeles Clippers,135
Mon Mar 6 2023,Boston Celtics,114,Cleveland Cavaliers,118
Mon Mar 6 2023,Portland Trail Blazers,110,Detroit Pistons,104
Mon Mar 6 2023,Philadelphia 76ers,147,Indiana Pacers,143
Mon Mar 6 2023,Atlanta Hawks,128,Miami Heat,130
Mon Mar 6 2023,Toronto Raptors,113,Denver Nuggets,118
Mon Mar 6 2023,New Orleans Pelicans,108,Sacramento Kings,123
Tue Mar 7 2023,Washington Wizards,119,Detroit Pistons,117
Tue Mar 7 2023,Milwaukee Bucks,134,Orlando Magic,123
Tue Mar 7 2023,Philadelphia 76ers,117,Minnesota Timberwolves,94
Tue Mar 7 2023,Charlotte Hornets,112,New York Knicks,105
Tue Mar 7 2023,Brooklyn Nets,118,Houston Rockets,96
Tue Mar 7 2023,Golden State Warriors,128,Oklahoma City Thunder,137
Tue Mar 7 2023,Utah Jazz,116,Dallas Mavericks,120
Tue Mar 7 2023,Memphis Grizzlies,103,Los Angeles Lakers,112
Wed Mar 8 2023,Atlanta Hawks,122,Washington Wizards,120
Wed Mar 8 2023,Portland Trail Blazers,93,Boston Celtics,115
Wed Mar 8 2023,Cleveland Cavaliers,104,Miami Heat,100
Wed Mar 8 2023,Dallas Mavericks,106,New Orleans Pelicans,113
Wed Mar 8 2023,Chicago Bulls,117,Denver Nuggets,96
Wed Mar 8 2023,Oklahoma City Thunder,101,Phoenix Suns,132
Wed Mar 8 2023,Toronto Raptors,100,Los Angeles Clippers,108
Thu Mar 9 2023,Charlotte Hornets,113,Detroit Pistons,103
Thu Mar 9 2023,Houston Rockets,125,Indiana Pacers,134
Thu Mar 9 2023,Utah Jazz,131,Orlando Magic,124
Thu Mar 9 2023,Golden State Warriors,110,Memphis Grizzlies,131
Thu Mar 9 2023,Brooklyn Nets,113,Milwaukee Bucks,118
Thu Mar 9 2023,New York Knicks,117,Sacramento Kings,122
Fri Mar 10 2023,Portland Trail Blazers,119,Philadelphia 76ers,120
Fri Mar 10 2023,Atlanta Hawks,114,Washington Wizards,107
Fri Mar 10 2023,Cleveland Cavaliers,115,Miami Heat,119
Fri Mar 10 2023,Brooklyn Nets,124,Minnesota Timberwolves,123
Fri Mar 10 2023,Denver Nuggets,120,San Antonio Spurs,128
Fri Mar 10 2023,Toronto Raptors,112,Los Angeles Lakers,122
Sat Mar 11 2023,New York Knicks,95,Los Angeles Clippers,106
Sat Mar 11 2023,Utah Jazz,119,Charlotte Hornets,111
Sat Mar 11 2023,Indiana Pacers,121,Detroit Pistons,115
Sat Mar 11 2023,Miami Heat,114,Orlando Magic,126
Sat Mar 11 2023,Boston Celtics,134,Atlanta Hawks,125
Sat Mar 11 2023,Chicago Bulls,119,Houston Rockets,111
Sat Mar 11 2023,Dallas Mavericks,108,Memphis Grizzlies,112
Sat Mar 11 2023,Milwaukee Bucks,116,Golden State Warriors,125
Sat Mar 11 2023,Oklahoma City Thunder,110,New Orleans Pelicans,96
Sat Mar 11 2023,Sacramento Kings,128,Phoenix Suns,119
Sun Mar 12 2023,Brooklyn Nets,122,Denver Nuggets,120
Sun Mar 12 2023,Cleveland Cavaliers,114,Charlotte Hornets,108
Sun Mar 12 2023,Washington Wizards,93,Philadelphia 76ers,112
Sun Mar 12 2023,Portland Trail Blazers,110,New Orleans Pelicans,127
Sun Mar 12 2023,Oklahoma City Thunder,102,San Antonio Spurs,90
Sun Mar 12 2023,New York Knicks,112,Los Angeles Lakers,108
Mon Mar 13 2023,Indiana Pacers,97,Detroit Pistons,117
Mon Mar 13 2023,Minnesota Timberwolves,136,Atlanta Hawks,115
Mon Mar 13 2023,Memphis Grizzlies,104,Dallas Mavericks,88
Mon Mar 13 2023,Utah Jazz,115,Miami Heat,119
Mon Mar 13 2023,Boston Celtics,109,Houston Rockets,111
Mon Mar 13 2023,Phoenix Suns,112,Golden State Warriors,123
Mon Mar 13 2023,Milwaukee Bucks,133,Sacramento Kings,124
Tue Mar 14 2023,Cleveland Cavaliers,120,Charlotte Hornets,104
Tue Mar 14 2023,Detroit Pistons,97,Washington Wizards,117
Tue Mar 14 2023,Denver Nuggets,110,Toronto Raptors,125
Tue Mar 14 2023,Los Angeles Lakers,123,New Orleans Pelicans,108
Tue Mar 14 2023,Brooklyn Nets,107,Oklahoma City Thunder,121
Tue Mar 14 2023,Orlando Magic,114,San Antonio Spurs,132
Tue Mar 14 2023,Milwaukee Bucks,116,Phoenix Suns,104
Tue Mar 14 2023,New York Knicks,123,Portland Trail Blazers,107
Wed Mar 15 2023,Philadelphia 76ers,118,Cleveland Cavaliers,109
Wed Mar 15 2023,Memphis Grizzlies,119,Miami Heat,138
Wed Mar 15 2023,Sacramento Kings,117,Chicago Bulls,114
Wed Mar 15 2023,Los Angeles Lakers,110,Houston Rockets,114
Wed Mar 15 2023,Boston Celtics,104,Minnesota Timberwolves,102
Wed Mar 15 2023,Dallas Mavericks,137,San Antonio Spurs,128
Wed Mar 15 2023,Golden State Warriors,126,Los Angeles Clippers,134
Thu Mar 16 2023,Denver Nuggets,119,Detroit Pistons,100
Thu Mar 16 2023,Sacramento Kings,101,Brooklyn Nets,96
Thu Mar 16 2023,Oklahoma City Thunder,111,Toronto Raptors,128
Thu Mar 16 2023,Indiana Pacers,139,Milwaukee Bucks,123
Thu Mar 16 2023,Orlando Magic,113,Phoenix Suns,116
Fri Mar 17 2023,Philadelphia 76ers,121,Charlotte Hornets,82
Fri Mar 17 2023,Golden State Warriors,119,Atlanta Hawks,127
Fri Mar 17 2023,Washington Wizards,94,Cleveland Cavaliers,117
Fri Mar 17 2023,Minnesota Timberwolves,131,Chicago Bulls,139
Fri Mar 17 2023,New Orleans Pelicans,112,Houston Rockets,114
Fri Mar 17 2023,Memphis Grizzlies,126,San Antonio Spurs,120
Fri Mar 17 2023,Boston Celtics,126,Portland Trail Blazers,112
Fri Mar 17 2023,Dallas Mavericks,111,Los Angeles Lakers,110
Sat Mar 18 2023,Denver Nuggets,110,New York Knicks,116
Sat Mar 18 2023,Orlando Magic,113,Los Angeles Clippers,108
Sat Mar 18 2023,Philadelphia 76ers,141,Indiana Pacers,121
Sat Mar 18 2023,Minnesota Timberwolves,107,Toronto Raptors,122
Sat Mar 18 2023,Miami Heat,99,Chicago Bulls,113
Sat Mar 18 2023,Golden State Warriors,119,Memphis Grizzlies,133
Sat Mar 18 2023,Sacramento Kings,132,Washington Wizards,118
Sat Mar 18 2023,Boston Celtics,117,Utah Jazz,118
Sun Mar 19 2023,Denver Nuggets,108,Brooklyn Nets,102
Sun Mar 19 2023,Phoenix Suns,120,Oklahoma City Thunder,124
Sun Mar 19 2023,Atlanta Hawks,118,San Antonio Spurs,126
Sun Mar 19 2023,Miami Heat,112,Detroit Pistons,100
Sun Mar 19 2023,New Orleans Pelicans,117,Houston Rockets,107
Sun Mar 19 2023,Toronto Raptors,111,Milwaukee Bucks,118
Sun Mar 19 2023,Los Angeles Clippers,117,Portland Trail Blazers,102
Sun Mar 19 2023,Orlando Magic,105,Los Angeles Lakers,111
Mon Mar 20 2023,Indiana Pacers,109,Charlotte Hornets,115
Mon Mar 20 2023,Chicago Bulls,109,Philadelphia 76ers,105
Mon Mar 20 2023,Minnesota Timberwolves,140,New York Knicks,134
Mon Mar 20 2023,Golden State Warriors,121,Houston Rockets,108
Mon Mar 20 2023,Dallas Mavericks,108,Memphis Grizzlies,112
Mon Mar 20 2023,Sacramento Kings,120,Utah Jazz,128
Tue Mar 21 2023,Washington Wizards,112,Orlando Magic,122
Tue Mar 21 2023,Detroit Pistons,107,Atlanta Hawks,129
Tue Mar 21 2023,Cleveland Cavaliers,115,Brooklyn Nets,109
Tue Mar 21 2023,San Antonio Spurs,84,New Orleans Pelicans,119
Tue Mar 21 2023,Boston Celtics,132,Sacramento Kings,109
Tue Mar 21 2023,Oklahoma City Thunder,101,Los Angeles Clippers,100
Wed Mar 22 2023,Denver Nuggets,118,Washington Wizards,104
Wed Mar 22 2023,Golden State Warriors,127,Dallas Mavericks,125
Wed Mar 22 2023,New York Knicks,120,Miami Heat,127
Wed Mar 22 2023,Indiana Pacers,118,Toronto Raptors,114
Wed Mar 22 2023,Philadelphia 76ers,116,Chicago Bulls,91
Wed Mar 22 2023,Houston Rockets,125,Memphis Grizzlies,130
Wed Mar 22 2023,San Antonio Spurs,94,Milwaukee Bucks,130
Wed Mar 22 2023,Atlanta Hawks,124,Minnesota Timberwolves,125
Wed Mar 22 2023,Portland Trail Blazers,127,Utah Jazz,115
Wed Mar 22 2023,Phoenix Suns,111,Los Angeles Lakers,122
Thu Mar 23 2023,New York Knicks,106,Orlando Magic,111
Thu Mar 23 2023,Cleveland Cavaliers,116,Brooklyn Nets,114
Thu Mar 23 2023,Charlotte Hornets,96,New Orleans Pelicans,115
Thu Mar 23 2023,Oklahoma City Thunder,105,Los Angeles Clippers,127
Fri Mar 24 2023,Indiana Pacers,95,Boston Celtics,120
Fri Mar 24 2023,San Antonio Spurs,124,Washington Wizards,136
Fri Mar 24 2023,Detroit Pistons,97,Toronto Raptors,118
Fri Mar 24 2023,Houston Rockets,114,Memphis Grizzlies,151
Fri Mar 24 2023,Charlotte Hornets,117,Dallas Mavericks,109
Fri Mar 24 2023,Milwaukee Bucks,144,Utah Jazz,116
Fri Mar 24 2023,Philadelphia 76ers,112,Golden State Warriors,120
Fri Mar 24 2023,Chicago Bulls,124,Portland Trail Blazers,96
Fri Mar 24 2023,Phoenix Suns,127,Sacramento Kings,135
Fri Mar 24 2023,Oklahoma City Thunder,111,Los Angeles Lakers,116
Sat Mar 25 2023,Indiana Pacers,130,Atlanta Hawks,143
Sat Mar 25 2023,Brooklyn Nets,129,Miami Heat,100
Sat Mar 25 2023,Milwaukee Bucks,106,Denver Nuggets,129
Sat Mar 25 2023,Philadelphia 76ers,105,Phoenix Suns,125
Sat Mar 25 2023,Utah Jazz,113,Sacramento Kings,121
Sat Mar 25 2023,New Orleans Pelicans,131,Los Angeles Clippers,110
Sun Mar 26 2023,Dallas Mavericks,104,Charlotte Hornets,110
Sun Mar 26 2023,Chicago Bulls,118,Los Angeles Lakers,108
Sun Mar 26 2023,Memphis Grizzlies,123,Atlanta Hawks,119
Sun Mar 26 2023,San Antonio Spurs,93,Boston Celtics,137
Sun Mar 26 2023,Houston Rockets,91,Cleveland Cavaliers,108
Sun Mar 26 2023,Brooklyn Nets,106,Orlando Magic,119
Sun Mar 26 2023,Washington Wizards,104,Toronto Raptors,114
Sun Mar 26 2023,Oklahoma City Thunder,118,Portland Trail Blazers,112
Sun Mar 26 2023,Minnesota Timberwolves,99,Golden State Warriors,96
Mon Mar 27 2023,Milwaukee Bucks,126,Detroit Pistons,117
Mon Mar 27 2023,Dallas Mavericks,127,Indiana Pacers,104
Mon Mar 27 2023,Houston Rockets,115,New York Knicks,137
Mon Mar 27 2023,Phoenix Suns,117,Utah Jazz,103
Mon Mar 27 2023,Philadelphia 76ers,111,Denver Nuggets,116
Mon Mar 27 2023,New Orleans Pelicans,124,Portland Trail Blazers,90
Mon Mar 27 2023,Minnesota Timberwolves,119,Sacramento Kings,115
Mon Mar 27 2023,Chicago Bulls,112,Los Angeles Clippers,124
Tue Mar 28 2023,Boston Celtics,111,Washington Wizards,130
Tue Mar 28 2023,Cleveland Cavaliers,118,Atlanta Hawks,120
Tue Mar 28 2023,Miami Heat,92,Toronto Raptors,106
Tue Mar 28 2023,Orlando Magic,108,Memphis Grizzlies,113
Tue Mar 28 2023,Charlotte Hornets,137,Oklahoma City Thunder,134
Tue Mar 28 2023,New Orleans Pelicans,109,Golden State Warriors,120
Wed Mar 29 2023,Milwaukee Bucks,149,Indiana Pacers,136
Wed Mar 29 2023,Houston Rockets,114,Brooklyn Nets,123
Wed Mar 29 2023,Miami Heat,92,New York Knicks,101
Wed Mar 29 2023,Dallas Mavericks,108,Philadelphia 76ers,116
Wed Mar 29 2023,Los Angeles Lakers,121,Chicago Bulls,110
Wed Mar 29 2023,Los Angeles Clippers,141,Memphis Grizzlies,132
Wed Mar 29 2023,Detroit Pistons,106,Oklahoma City Thunder,107
Wed Mar 29 2023,Utah Jazz,128,San Antonio Spurs,117
Wed Mar 29 2023,Minnesota Timberwolves,100,Phoenix Suns,107
Wed Mar 29 2023,Sacramento Kings,120,Portland Trail Blazers,80
Thu Mar 30 2023,Boston Celtics,140,Milwaukee Bucks,99
Thu Mar 30 2023,New Orleans Pelicans,107,Denver Nuggets,88
Fri Mar 31 2023,Chicago Bulls,121,Charlotte Hornets,91
Fri Mar 31 2023,Oklahoma City Thunder,117,Indiana Pacers,121
Fri Mar 31 2023,Toronto Raptors,110,Philadelphia 76ers,117
Fri Mar 31 2023,Orlando Magic,116,Washington Wizards,109
Fri Mar 31 2023,Utah Jazz,114,Boston Celtics,122
Fri Mar 31 2023,Atlanta Hawks,107,Brooklyn Nets,124
Fri Mar 31 2023,New York Knicks,130,Cleveland Cavaliers,116
Fri Mar 31 2023,Detroit Pistons,115,Houston Rockets,121
Fri Mar 31 2023,Los Angeles Clippers,94,Memphis Grizzlies,108
Fri Mar 31 2023,Los Angeles Lakers,123,Minnesota Timberwolves,111
Fri Mar 31 2023,San Antonio Spurs,115,Golden State Warriors,130
Fri Mar 31 2023,Sacramento Kings,138,Portland Trail Blazers,114
Fri Mar 31 2023,Denver Nuggets,93,Phoenix Suns,100
Sat Apr 1 2023,Dallas Mavericks,122,Miami Heat,129
Sat Apr 1 2023,Los Angeles Clippers,114,New Orleans Pelicans,122
Sun Apr 2 2023,Toronto Raptors,128,Charlotte Hornets,108
Sun Apr 2 2023,Utah Jazz,110,Brooklyn Nets,111
Sun Apr 2 2023,Memphis Grizzlies,107,Chicago Bulls,128
Sun Apr 2 2023,Portland Trail Blazers,107,Minnesota Timberwolves,105
Sun Apr 2 2023,Dallas Mavericks,130,Atlanta Hawks,132
Sun Apr 2 2023,Washington Wizards,109,New York Knicks,118
Sun Apr 2 2023,Detroit Pistons,102,Orlando Magic,128
Sun Apr 2 2023,San Antonio Spurs,142,Sacramento Kings,134
Sun Apr 2 2023,Los Angeles Lakers,134,Houston Rockets,109
Sun Apr 2 2023,Phoenix Suns,128,Oklahoma City Thunder,118
Sun Apr 2 2023,Indiana Pacers,105,Cleveland Cavaliers,115
Sun Apr 2 2023,Philadelphia 76ers,104,Milwaukee Bucks,117
Sun Apr 2 2023,Golden State Warriors,110,Denver Nuggets,112
Tue Apr 4 2023,Toronto Raptors,120,Charlotte Hornets,100
Tue Apr 4 2023,Miami Heat,118,Detroit Pistons,105
Tue Apr 4 2023,Cleveland Cavaliers,117,Orlando Magic,113
Tue Apr 4 2023,Milwaukee Bucks,140,Washington Wizards,128
Tue Apr 4 2023,Minnesota Timberwolves,107,Brooklyn Nets,102
Tue Apr 4 2023,Atlanta Hawks,123,Chicago Bulls,105
Tue Apr 4 2023,Denver Nuggets,103,Houston Rockets,124
Tue Apr 4 2023,Portland Trail Blazers,109,Memphis Grizzlies,119
Tue Apr 4 2023,Sacramento Kings,121,New Orleans Pelicans,103
Tue Apr 4 2023,Boston Celtics,101,Philadelphia 76ers,103
Tue Apr 4 2023,Los Angeles Lakers,135,Utah Jazz,133
Tue Apr 4 2023,Oklahoma City Thunder,125,Golden State Warriors,136
Tue Apr 4 2023,San Antonio Spurs,94,Phoenix Suns,115
Wed Apr 5 2023,Brooklyn Nets,123,Detroit Pistons,108
Wed Apr 5 2023,New York Knicks,138,Indiana Pacers,129
Wed Apr 5 2023,Washington Wizards,116,Atlanta Hawks,134
Wed Apr 5 2023,Toronto Raptors,93,Boston Celtics,97
Wed Apr 5 2023,Chicago Bulls,92,Milwaukee Bucks,105
Wed Apr 5 2023,Memphis Grizzlies,131,New Orleans Pelicans,138
Wed Apr 5 2023,Sacramento Kings,119,Dallas Mavericks,123
Wed Apr 5 2023,Los Angeles Lakers,118,Los Angeles Clippers,125
Thu Apr 6 2023,Cleveland Cavaliers,118,Orlando Magic,94
Thu Apr 6 2023,Miami Heat,129,Philadelphia 76ers,101
Thu Apr 6 2023,Portland Trail Blazers,127,San Antonio Spurs,129
Thu Apr 6 2023,Oklahoma City Thunder,114,Utah Jazz,98
Thu Apr 6 2023,Denver Nuggets,115,Phoenix Suns,119
Fri Apr 7 2023,Houston Rockets,112,Charlotte Hornets,109
Fri Apr 7 2023,Detroit Pistons,122,Indiana Pacers,115
Fri Apr 7 2023,Miami Heat,108,Washington Wizards,114
Fri Apr 7 2023,Philadelphia 76ers,136,Atlanta Hawks,131
Fri Apr 7 2023,Toronto Raptors,102,Boston Celtics,121
Fri Apr 7 2023,Orlando Magic,84,Brooklyn Nets,101
Fri Apr 7 2023,Memphis Grizzlies,137,Milwaukee Bucks,114
Fri Apr 7 2023,New York Knicks,105,New Orleans Pelicans,113
Fri Apr 7 2023,Chicago Bulls,115,Dallas Mavericks,112
Fri Apr 7 2023,Golden State Warriors,119,Sacramento Kings,97
Fri Apr 7 2023,Phoenix Suns,107,Los Angeles Lakers,121
Sat Apr 8 2023,Denver Nuggets,114,Utah Jazz,118
Sat Apr 8 2023,Portland Trail Blazers,125,Los Angeles Clippers,136
Sat Apr 8 2023,Minnesota Timberwolves,151,San Antonio Spurs,131
Sun Apr 9 2023,Atlanta Hawks,114,Boston Celtics,120
Sun Apr 9 2023,Philadelphia 76ers,134,Brooklyn Nets,105
Sun Apr 9 2023,Detroit Pistons,81,Chicago Bulls,103
Sun Apr 9 2023,Charlotte Hornets,106,Cleveland Cavaliers,95
Sun Apr 9 2023,Orlando Magic,110,Miami Heat,123
Sun Apr 9 2023,Indiana Pacers,141,New York Knicks,136
Sun Apr 9 2023,Milwaukee Bucks,105,Toronto Raptors,121
Sun Apr 9 2023,Houston Rockets,114,Washington Wizards,109
Sun Apr 9 2023,San Antonio Spurs,138,Dallas Mavericks,117
Sun Apr 9 2023,Sacramento Kings,95,Denver Nuggets,109
Sun Apr 9 2023,Utah Jazz,117,Los Angeles Lakers,128
Sun Apr 9 2023,New Orleans Pelicans,108,Minnesota Timberwolves,113
Sun Apr 9 2023,Memphis Grizzlies,100,Oklahoma City Thunder,115
Sun Apr 9 2023,Los Angeles Clippers,119,Phoenix Suns,114
Sun Apr 9 2023,Golden State Warriors,157,Portland Trail Blazers,101
Tue Oct 24 2023,Los Angeles Lakers,107,Denver Nuggets,119
Tue Oct 24 2023,Phoenix Suns,108,Golden State Warriors,104
Wed Oct 25 2023,Houston Rockets,86,Orlando Magic,116
Wed Oct 25 2023,Boston Celtics,108,New York Knicks,104
Wed Oct 25 2023,Washington Wizards,120,Indiana Pacers,143
Wed Oct 25 2023,Atlanta Hawks,110,Charlotte Hornets,116
Wed Oct 25 2023,Detroit Pistons,102,Miami Heat,103
Wed Oct 25 2023,Minnesota Timberwolves,94,Toronto Raptors,97
Wed Oct 25 2023,Cleveland Cavaliers,114,Brooklyn Nets,113
Wed Oct 25 2023,New Orleans Pelicans,111,Memphis Grizzlies,104
Wed Oct 25 2023,Oklahoma City Thunder,124,Chicago Bulls,104
Wed Oct 25 2023,Sacramento Kings,130,Utah Jazz,114
Wed Oct 25 2023,Dallas Mavericks,126,San Antonio Spurs,119
Wed Oct 25 2023,Portland Trail Blazers,111,Los Angeles Clippers,123
Thu Oct 26 2023,Philadelphia 76ers,117,Milwaukee Bucks,118
Thu Oct 26 2023,Phoenix Suns,95,Los Angeles Lakers,100
Fri Oct 27 2023,Denver Nuggets,108,Memphis Grizzlies,104
Fri Oct 27 2023,Detroit Pistons,111,Charlotte Hornets,99
Fri Oct 27 2023,New York Knicks,126,Atlanta Hawks,120
Fri Oct 27 2023,Oklahoma City Thunder,108,Cleveland Cavaliers,105
Fri Oct 27 2023,Miami Heat,111,Boston Celtics,119
Fri Oct 27 2023,Toronto Raptors,103,Chicago Bulls,104
Fri Oct 27 2023,Houston Rockets,122,San Antonio Spurs,126
Fri Oct 27 2023,Brooklyn Nets,120,Dallas Mavericks,125
Fri Oct 27 2023,Los Angeles Clippers,118,Utah Jazz,120
Fri Oct 27 2023,Orlando Magic,102,Portland Trail Blazers,97
Fri Oct 27 2023,Golden State Warriors,122,Sacramento Kings,114
Sat Oct 28 2023,Chicago Bulls,102,Detroit Pistons,118
Sat Oct 28 2023,Memphis Grizzlies,106,Washington Wizards,113
Sat Oct 28 2023,New York Knicks,87,New Orleans Pelicans,96
Sat Oct 28 2023,Indiana Pacers,125,Cleveland Cavaliers,113
Sat Oct 28 2023,Philadelphia 76ers,114,Toronto Raptors,107
Sat Oct 28 2023,Miami Heat,90,Minnesota Timberwolves,106
Sat Oct 28 2023,Utah Jazz,104,Phoenix Suns,126
Sun Oct 29 2023,Denver Nuggets,128,Oklahoma City Thunder,95
Sun Oct 29 2023,Golden State Warriors,106,Houston Rockets,95
Sun Oct 29 2023,Atlanta Hawks,127,Milwaukee Bucks,110
Sun Oct 29 2023,Portland Trail Blazers,98,Philadelphia 76ers,126
Sun Oct 29 2023,San Antonio Spurs,83,Los Angeles Clippers,123
Sun Oct 29 2023,Los Angeles Lakers,127,Sacramento Kings,132
Mon Oct 30 2023,Chicago Bulls,112,Indiana Pacers,105
Mon Oct 30 2023,Boston Celtics,126,Washington Wizards,107
Mon Oct 30 2023,Brooklyn Nets,133,Charlotte Hornets,121
Mon Oct 30 2023,Portland Trail Blazers,99,Toronto Raptors,91
Mon Oct 30 2023,Minnesota Timberwolves,113,Atlanta Hawks,127
Mon Oct 30 2023,Dallas Mavericks,125,Memphis Grizzlies,110
Mon Oct 30 2023,Miami Heat,114,Milwaukee Bucks,122
Mon Oct 30 2023,Golden State Warriors,130,New Orleans Pelicans,102
Mon Oct 30 2023,Detroit Pistons,112,Oklahoma City Thunder,124
Mon Oct 30 2023,Utah Jazz,102,Denver Nuggets,110
Mon Oct 30 2023,Orlando Magic,103,Los Angeles Lakers,106
Tue Oct 31 2023,New York Knicks,109,Cleveland Cavaliers,91
Tue Oct 31 2023,San Antonio Spurs,115,Phoenix Suns,114
Tue Oct 31 2023,Orlando Magic,102,Los Angeles Clippers,118
Wed Nov 1 2023,Portland Trail Blazers,110,Detroit Pistons,101
Wed Nov 1 2023,Milwaukee Bucks,111,Toronto Raptors,130
Wed Nov 1 2023,Washington Wizards,121,Atlanta Hawks,130
Wed Nov 1 2023,Indiana Pacers,104,Boston Celtics,155
Wed Nov 1 2023,Brooklyn Nets,109,Miami Heat,105
Wed Nov 1 2023,Cleveland Cavaliers,95,New York Knicks,89
Wed Nov 1 2023,New Orleans Pelicans,110,Oklahoma City Thunder,106
Wed Nov 1 2023,Charlotte Hornets,119,Houston Rockets,128
Wed Nov 1 2023,Denver Nuggets,89,Minnesota Timberwolves,110
Wed Nov 1 2023,Chicago Bulls,105,Dallas Mavericks,114
Wed Nov 1 2023,Memphis Grizzlies,109,Utah Jazz,133
Wed Nov 1 2023,Sacramento Kings,101,Golden State Warriors,102
Wed Nov 1 2023,Los Angeles Clippers,125,Los Angeles Lakers,130
Thu Nov 2 2023,Toronto Raptors,99,Philadelphia 76ers,114
Thu Nov 2 2023,Detroit Pistons,116,New Orleans Pelicans,125
Thu Nov 2 2023,Orlando Magic,115,Utah Jazz,113
Thu Nov 2 2023,San Antonio Spurs,132,Phoenix Suns,121
Fri Nov 3 2023,Cleveland Cavaliers,116,Indiana Pacers,121
Fri Nov 3 2023,New York Knicks,105,Milwaukee Bucks,110
Fri Nov 3 2023,Brooklyn Nets,109,Chicago Bulls,107
Fri Nov 3 2023,Washington Wizards,114,Miami Heat,121
Fri Nov 3 2023,Golden State Warriors,141,Oklahoma City Thunder,139
Fri Nov 3 2023,Dallas Mavericks,114,Denver Nuggets,125
Fri Nov 3 2023,Memphis Grizzlies,113,Portland Trail Blazers,115
Sat Nov 4 2023,Phoenix Suns,100,Philadelphia 76ers,112
Sat Nov 4 2023,Charlotte Hornets,125,Indiana Pacers,124
Sat Nov 4 2023,Atlanta Hawks,123,New Orleans Pelicans,105
Sat Nov 4 2023,Los Angeles Lakers,101,Orlando Magic,120
Sat Nov 4 2023,Boston Celtics,124,Brooklyn Nets,114
Sat Nov 4 2023,Sacramento Kings,89,Houston Rockets,107
Sat Nov 4 2023,Utah Jazz,95,Minnesota Timberwolves,123
Sat Nov 4 2023,Chicago Bulls,101,Denver Nuggets,123
Sun Nov 5 2023,Phoenix Suns,120,Detroit Pistons,106
Sun Nov 5 2023,Toronto Raptors,123,San Antonio Spurs,116
Sun Nov 5 2023,Golden State Warriors,104,Cleveland Cavaliers,115
Sun Nov 5 2023,Charlotte Hornets,118,Dallas Mavericks,124
Sun Nov 5 2023,Memphis Grizzlies,112,Portland Trail Blazers,100
Mon Nov 6 2023,Golden State Warriors,120,Detroit Pistons,109
Mon Nov 6 2023,San Antonio Spurs,111,Indiana Pacers,152
Mon Nov 6 2023,Dallas Mavericks,117,Orlando Magic,102
Mon Nov 6 2023,Washington Wizards,128,Philadelphia 76ers,146
Mon Nov 6 2023,Milwaukee Bucks,129,Brooklyn Nets,125
Mon Nov 6 2023,Los Angeles Lakers,107,Miami Heat,108
Mon Nov 6 2023,Los Angeles Clippers,97,New York Knicks,111
Mon Nov 6 2023,Utah Jazz,113,Chicago Bulls,130
Mon Nov 6 2023,Sacramento Kings,97,Houston Rockets,122
Mon Nov 6 2023,Boston Celtics,109,Minnesota Timberwolves,114
Mon Nov 6 2023,Atlanta Hawks,117,Oklahoma City Thunder,126
Mon Nov 6 2023,New Orleans Pelicans,116,Denver Nuggets,134
Wed Nov 8 2023,Washington Wizards,132,Charlotte Hornets,116
Wed Nov 8 2023,Utah Jazz,118,Indiana Pacers,134
Wed Nov 8 2023,Boston Celtics,103,Philadelphia 76ers,106
Wed Nov 8 2023,Los Angeles Clippers,93,Brooklyn Nets,100
Wed Nov 8 2023,San Antonio Spurs,105,New York Knicks,126
Wed Nov 8 2023,Phoenix Suns,116,Chicago Bulls,115
Wed Nov 8 2023,Los Angeles Lakers,94,Houston Rockets,128
Wed Nov 8 2023,Miami Heat,108,Memphis Grizzlies,102
Wed Nov 8 2023,Detroit Pistons,118,Milwaukee Bucks,120
Wed Nov 8 2023,New Orleans Pelicans,101,Minnesota Timberwolves,122
Wed Nov 8 2023,Cleveland Cavaliers,120,Oklahoma City Thunder,128
Wed Nov 8 2023,Toronto Raptors,127,Dallas Mavericks,116
Wed Nov 8 2023,Golden State Warriors,105,Denver Nuggets,108
Wed Nov 8 2023,Portland Trail Blazers,118,Sacramento Kings,121
Thu Nov 9 2023,Milwaukee Bucks,124,Indiana Pacers,126
Thu Nov 9 2023,Atlanta Hawks,120,Orlando Magic,119
Fri Nov 10 2023,Philadelphia 76ers,114,Detroit Pistons,106
Fri Nov 10 2023,Charlotte Hornets,124,Washington Wizards,117
Fri Nov 10 2023,Brooklyn Nets,107,Boston Celtics,121
Fri Nov 10 2023,New Orleans Pelicans,101,Houston Rockets,104
Fri Nov 10 2023,Utah Jazz,127,Memphis Grizzlies,121
Fri Nov 10 2023,Minnesota Timberwolves,117,San Antonio Spurs,110
Fri Nov 10 2023,Los Angeles Clippers,126,Dallas Mavericks,144
Fri Nov 10 2023,Los Angeles Lakers,122,Phoenix Suns,119
Fri Nov 10 2023,Oklahoma City Thunder,98,Sacramento Kings,105
Sat Nov 11 2023,Milwaukee Bucks,97,Orlando Magic,112
Sat Nov 11 2023,Toronto Raptors,94,Boston Celtics,117
Sat Nov 11 2023,Miami Heat,117,Atlanta Hawks,109
Sat Nov 11 2023,Cleveland Cavaliers,118,Golden State Warriors,110
Sun Nov 12 2023,Charlotte Hornets,107,New York Knicks,129
Sun Nov 12 2023,Washington Wizards,94,Brooklyn Nets,102
Sun Nov 12 2023,Memphis Grizzlies,105,Los Angeles Clippers,101
Sun Nov 12 2023,Indiana Pacers,126,Philadelphia 76ers,137
Sun Nov 12 2023,Detroit Pistons,108,Chicago Bulls,119
Sun Nov 12 2023,Denver Nuggets,104,Houston Rockets,107
Sun Nov 12 2023,Dallas Mavericks,136,New Orleans Pelicans,124
Sun Nov 12 2023,Miami Heat,118,San Antonio Spurs,113
Sun Nov 12 2023,Oklahoma City Thunder,111,Phoenix Suns,99
Sun Nov 12 2023,Minnesota Timberwolves,116,Golden State Warriors,110
Sun Nov 12 2023,Portland Trail Blazers,110,Los Angeles Lakers,116
Mon Nov 13 2023,New York Knicks,98,Boston Celtics,114
Mon Nov 13 2023,Washington Wizards,107,Toronto Raptors,111
Mon Nov 13 2023,Chicago Bulls,109,Milwaukee Bucks,118
Mon Nov 13 2023,Cleveland Cavaliers,120,Sacramento Kings,132
Tue Nov 14 2023,Miami Heat,111,Charlotte Hornets,105
Tue Nov 14 2023,Atlanta Hawks,126,Detroit Pistons,120
Tue Nov 14 2023,Indiana Pacers,132,Philadelphia 76ers,126
Tue Nov 14 2023,Orlando Magic,104,Brooklyn Nets,124
Tue Nov 14 2023,San Antonio Spurs,87,Oklahoma City Thunder,123
Tue Nov 14 2023,Dallas Mavericks,110,New Orleans Pelicans,131
Tue Nov 14 2023,Portland Trail Blazers,99,Utah Jazz,115
Tue Nov 14 2023,Los Angeles Clippers,108,Denver Nuggets,111
Tue Nov 14 2023,Minnesota Timberwolves,104,Golden State Warriors,101
Tue Nov 14 2023,Memphis Grizzlies,107,Los Angeles Lakers,134
Wed Nov 15 2023,Dallas Mavericks,130,Washington Wizards,117
Wed Nov 15 2023,New York Knicks,116,Atlanta Hawks,114
Wed Nov 15 2023,Boston Celtics,117,Philadelphia 76ers,107
Wed Nov 15 2023,Milwaukee Bucks,128,Toronto Raptors,112
Wed Nov 15 2023,Orlando Magic,96,Chicago Bulls,94
Wed Nov 15 2023,Minnesota Timberwolves,115,Phoenix Suns,133
Wed Nov 15 2023,Sacramento Kings,125,Los Angeles Lakers,110
Wed Nov 15 2023,Cleveland Cavaliers,109,Portland Trail Blazers,95
Thu Nov 16 2023,Brooklyn Nets,115,Miami Heat,122
Thu Nov 16 2023,Oklahoma City Thunder,128,Golden State Warriors,109
Fri Nov 17 2023,Milwaukee Bucks,130,Charlotte Hornets,99
Fri Nov 17 2023,New York Knicks,120,Washington Wizards,99
Fri Nov 17 2023,Philadelphia 76ers,126,Atlanta Hawks,116
Fri Nov 17 2023,Detroit Pistons,100,Cleveland Cavaliers,108
Fri Nov 17 2023,Sacramento Kings,129,San Antonio Spurs,120
Fri Nov 17 2023,Boston Celtics,108,Toronto Raptors,105
Fri Nov 17 2023,Orlando Magic,103,Chicago Bulls,97
Fri Nov 17 2023,Denver Nuggets,110,New Orleans Pelicans,115
Fri Nov 17 2023,Los Angeles Lakers,107,Portland Trail Blazers,95
Fri Nov 17 2023,Phoenix Suns,131,Utah Jazz,128
Fri Nov 17 2023,Houston Rockets,100,Los Angeles Clippers,106
Sat Nov 18 2023,New York Knicks,122,Charlotte Hornets,108
Sat Nov 18 2023,Minnesota Timberwolves,121,New Orleans Pelicans,120
Sat Nov 18 2023,Miami Heat,97,Chicago Bulls,102
Sat Nov 18 2023,Dallas Mavericks,125,Milwaukee Bucks,132
Sat Nov 18 2023,Memphis Grizzlies,120,San Antonio Spurs,108
Sat Nov 18 2023,Oklahoma City Thunder,130,Golden State Warriors,123
Sun Nov 19 2023,Philadelphia 76ers,121,Brooklyn Nets,99
Sun Nov 19 2023,Detroit Pistons,113,Toronto Raptors,142
Sun Nov 19 2023,Orlando Magic,128,Indiana Pacers,116
Sun Nov 19 2023,Denver Nuggets,109,Cleveland Cavaliers,121
Sun Nov 19 2023,Sacramento Kings,129,Dallas Mavericks,113
Sun Nov 19 2023,Boston Celtics,102,Memphis Grizzlies,100
Sun Nov 19 2023,Phoenix Suns,140,Utah Jazz,137
Sun Nov 19 2023,Oklahoma City Thunder,134,Portland Trail Blazers,91
Sun Nov 19 2023,Houston Rockets,104,Los Angeles Lakers,105
Mon Nov 20 2023,Boston Celtics,118,Charlotte Hornets,121
Mon Nov 20 2023,Denver Nuggets,107,Detroit Pistons,103
Mon Nov 20 2023,Milwaukee Bucks,142,Washington Wizards,129
Mon Nov 20 2023,Miami Heat,118,Chicago Bulls,100
Mon Nov 20 2023,New York Knicks,100,Minnesota Timberwolves,117
Mon Nov 20 2023,Sacramento Kings,93,New Orleans Pelicans,129
Mon Nov 20 2023,Los Angeles Clippers,124,San Antonio Spurs,99
Mon Nov 20 2023,Houston Rockets,116,Golden State Warriors,121
Tue Nov 21 2023,Toronto Raptors,107,Orlando Magic,126
Tue Nov 21 2023,Indiana Pacers,157,Atlanta Hawks,152
Tue Nov 21 2023,Cleveland Cavaliers,122,Philadelphia 76ers,119
Tue Nov 21 2023,Portland Trail Blazers,107,Phoenix Suns,120
Tue Nov 21 2023,Utah Jazz,99,Los Angeles Lakers,131
Wed Nov 22 2023,Washington Wizards,114,Charlotte Hornets,117
Wed Nov 22 2023,Denver Nuggets,119,Orlando Magic,124
Wed Nov 22 2023,Brooklyn Nets,145,Atlanta Hawks,147
Wed Nov 22 2023,Milwaukee Bucks,116,Boston Celtics,119
Wed Nov 22 2023,Miami Heat,129,Cleveland Cavaliers,96
Wed Nov 22 2023,Toronto Raptors,132,Indiana Pacers,131
Wed Nov 22 2023,Memphis Grizzlies,91,Houston Rockets,111
Wed Nov 22 2023,Philadelphia 76ers,99,Minnesota Timberwolves,112
Wed Nov 22 2023,Sacramento Kings,112,New Orleans Pelicans,117
Wed Nov 22 2023,Chicago Bulls,102,Oklahoma City Thunder,116
Wed Nov 22 2023,Los Angeles Clippers,109,San Antonio Spurs,102
Wed Nov 22 2023,Golden State Warriors,115,Phoenix Suns,123
Wed Nov 22 2023,Utah Jazz,105,Portland Trail Blazers,121
Wed Nov 22 2023,Dallas Mavericks,104,Los Angeles Lakers,101
Fri Nov 24 2023,Boston Celtics,96,Orlando Magic,113
Fri Nov 24 2023,Phoenix Suns,110,Memphis Grizzlies,89
Fri Nov 24 2023,Miami Heat,98,New York Knicks,100
Fri Nov 24 2023,Chicago Bulls,108,Toronto Raptors,121
Fri Nov 24 2023,Denver Nuggets,86,Houston Rockets,105
Fri Nov 24 2023,Detroit Pistons,113,Indiana Pacers,136
Fri Nov 24 2023,Washington Wizards,128,Milwaukee Bucks,131
Fri Nov 24 2023,Sacramento Kings,124,Minnesota Timberwolves,111
Fri Nov 24 2023,San Antonio Spurs,112,Golden State Warriors,118
Fri Nov 24 2023,New Orleans Pelicans,116,Los Angeles Clippers,106
Sat Nov 25 2023,Philadelphia 76ers,127,Oklahoma City Thunder,123
Sat Nov 25 2023,Miami Heat,97,Brooklyn Nets,112
Sat Nov 25 2023,Atlanta Hawks,136,Washington Wizards,108
Sat Nov 25 2023,Los Angeles Lakers,121,Cleveland Cavaliers,115
Sat Nov 25 2023,New Orleans Pelicans,100,Utah Jazz,105
Sat Nov 25 2023,Dallas Mavericks,88,Los Angeles Clippers,107
Sun Nov 26 2023,Portland Trail Blazers,102,Milwaukee Bucks,108
Sun Nov 26 2023,Atlanta Hawks,103,Boston Celtics,113
Sun Nov 26 2023,Minnesota Timberwolves,119,Memphis Grizzlies,97
Sun Nov 26 2023,Phoenix Suns,116,New York Knicks,113
Sun Nov 26 2023,Charlotte Hornets,117,Orlando Magic,130
Sun Nov 26 2023,Chicago Bulls,109,Brooklyn Nets,118
Sun Nov 26 2023,Toronto Raptors,102,Cleveland Cavaliers,105
Sun Nov 26 2023,San Antonio Spurs,120,Denver Nuggets,132
Mon Nov 27 2023,Washington Wizards,126,Detroit Pistons,107
Mon Nov 27 2023,Portland Trail Blazers,114,Indiana Pacers,110
Mon Nov 27 2023,Los Angeles Lakers,94,Philadelphia 76ers,138
Mon Nov 27 2023,New Orleans Pelicans,112,Utah Jazz,114
Mon Nov 27 2023,Denver Nuggets,113,Los Angeles Clippers,104
Tue Nov 28 2023,Chicago Bulls,97,Boston Celtics,124
Tue Nov 28 2023,Toronto Raptors,103,Brooklyn Nets,115
Tue Nov 28 2023,Atlanta Hawks,105,Cleveland Cavaliers,128
Tue Nov 28 2023,Milwaukee Bucks,131,Miami Heat,124
Tue Nov 28 2023,Charlotte Hornets,91,New York Knicks,115
Tue Nov 28 2023,Oklahoma City Thunder,103,Minnesota Timberwolves,106
Tue Nov 28 2023,Houston Rockets,115,Dallas Mavericks,121
Tue Nov 28 2023,Golden State Warriors,123,Sacramento Kings,124
Wed Nov 29 2023,Los Angeles Lakers,133,Detroit Pistons,107
Wed Nov 29 2023,Washington Wizards,120,Orlando Magic,139
Wed Nov 29 2023,Phoenix Suns,105,Toronto Raptors,112
Wed Nov 29 2023,Utah Jazz,91,Memphis Grizzlies,105
Wed Nov 29 2023,Philadelphia 76ers,114,New Orleans Pelicans,124
Wed Nov 29 2023,Houston Rockets,124,Denver Nuggets,134
Wed Nov 29 2023,Los Angeles Clippers,131,Sacramento Kings,117
Thu Nov 30 2023,Portland Trail Blazers,103,Cleveland Cavaliers,95
Thu Nov 30 2023,Charlotte Hornets,129,Brooklyn Nets,128
Thu Nov 30 2023,Indiana Pacers,132,Miami Heat,142
Thu Nov 30 2023,Detroit Pistons,112,New York Knicks,118
Thu Nov 30 2023,Milwaukee Bucks,113,Chicago Bulls,120
Thu Nov 30 2023,Utah Jazz,90,Minnesota Timberwolves,101
Thu Nov 30 2023,Los Angeles Lakers,110,Oklahoma City Thunder,133
Thu Nov 30 2023,Atlanta Hawks,137,San Antonio Spurs,135
Thu Nov 30 2023,Los Angeles Clippers,114,Golden State Warriors,120
Fri Dec 1 2023,Washington Wizards,125,Orlando Magic,130
Fri Dec 1 2023,Philadelphia 76ers,119,Boston Celtics,125
Fri Dec 1 2023,Memphis Grizzlies,108,Dallas Mavericks,94
Fri Dec 1 2023,New York Knicks,119,Toronto Raptors,106
Fri Dec 1 2023,San Antonio Spurs,106,New Orleans Pelicans,121
Fri Dec 1 2023,Denver Nuggets,119,Phoenix Suns,111
Sat Dec 2 2023,Golden State Warriors,112,Los Angeles Clippers,113
Sat Dec 2 2023,Minnesota Timberwolves,123,Charlotte Hornets,117
Sat Dec 2 2023,Orlando Magic,101,Brooklyn Nets,129
Sat Dec 2 2023,Cleveland Cavaliers,110,Detroit Pistons,101
Sat Dec 2 2023,New Orleans Pelicans,118,Chicago Bulls,124
Sat Dec 2 2023,Indiana Pacers,144,Miami Heat,129
Sat Dec 2 2023,Atlanta Hawks,121,Milwaukee Bucks,132
Sat Dec 2 2023,Oklahoma City Thunder,126,Dallas Mavericks,120
Sat Dec 2 2023,Memphis Grizzlies,109,Phoenix Suns,116
Sat Dec 2 2023,Portland Trail Blazers,113,Utah Jazz,118
Sat Dec 2 2023,Denver Nuggets,117,Sacramento Kings,123
Sat Dec 2 2023,Houston Rockets,97,Los Angeles Lakers,107
Mon Dec 4 2023,Boston Celtics,112,Indiana Pacers,122
Mon Dec 4 2023,New Orleans Pelicans,127,Sacramento Kings,117
Tue Dec 5 2023,New York Knicks,122,Milwaukee Bucks,146
Tue Dec 5 2023,Phoenix Suns,103,Los Angeles Lakers,106
Wed Dec 6 2023,Orlando Magic,111,Cleveland Cavaliers,121
Wed Dec 6 2023,Memphis Grizzlies,116,Detroit Pistons,102
Wed Dec 6 2023,Philadelphia 76ers,131,Washington Wizards,126
Wed Dec 6 2023,Brooklyn Nets,114,Atlanta Hawks,113
Wed Dec 6 2023,San Antonio Spurs,94,Minnesota Timberwolves,102
Wed Dec 6 2023,Miami Heat,112,Toronto Raptors,103
Wed Dec 6 2023,Charlotte Hornets,100,Chicago Bulls,111
Wed Dec 6 2023,Oklahoma City Thunder,101,Houston Rockets,110
Wed Dec 6 2023,Utah Jazz,97,Dallas Mavericks,147
Wed Dec 6 2023,Portland Trail Blazers,106,Golden State Warriors,110
Wed Dec 6 2023,Denver Nuggets,102,Los Angeles Clippers,111
Thu Dec 7 2023,Indiana Pacers,128,Milwaukee Bucks,119
Thu Dec 7 2023,New Orleans Pelicans,89,Los Angeles Lakers,133
Fri Dec 8 2023,Toronto Raptors,116,Charlotte Hornets,119
Fri Dec 8 2023,Detroit Pistons,91,Orlando Magic,123
Fri Dec 8 2023,Atlanta Hawks,114,Philadelphia 76ers,125
Fri Dec 8 2023,New York Knicks,123,Boston Celtics,133
Fri Dec 8 2023,Washington Wizards,97,Brooklyn Nets,124
Fri Dec 8 2023,Minnesota Timberwolves,127,Memphis Grizzlies,103
Fri Dec 8 2023,Cleveland Cavaliers,111,Miami Heat,99
Fri Dec 8 2023,Golden State Warriors,136,Oklahoma City Thunder,138
Fri Dec 8 2023,Chicago Bulls,121,San Antonio Spurs,112
Fri Dec 8 2023,Houston Rockets,114,Denver Nuggets,106
Fri Dec 8 2023,Sacramento Kings,114,Phoenix Suns,106
Fri Dec 8 2023,Dallas Mavericks,125,Portland Trail Blazers,112
Fri Dec 8 2023,Los Angeles Clippers,117,Utah Jazz,103
Sat Dec 9 2023,Indiana Pacers,109,Los Angeles Lakers,123
Mon Dec 11 2023,Miami Heat,116,Charlotte Hornets,114
Mon Dec 11 2023,Indiana Pacers,131,Detroit Pistons,123
Mon Dec 11 2023,Cleveland Cavaliers,94,Orlando Magic,104
Mon Dec 11 2023,Washington Wizards,101,Philadelphia 76ers,146
Mon Dec 11 2023,Denver Nuggets,129,Atlanta Hawks,122
Mon Dec 11 2023,Toronto Raptors,130,New York Knicks,136
Mon Dec 11 2023,San Antonio Spurs,82,Houston Rockets,93
Mon Dec 11 2023,Dallas Mavericks,120,Memphis Grizzlies,113
Mon Dec 11 2023,Chicago Bulls,129,Milwaukee Bucks,133
Mon Dec 11 2023,Minnesota Timberwolves,107,New Orleans Pelicans,121
Mon Dec 11 2023,Utah Jazz,120,Oklahoma City Thunder,134
Mon Dec 11 2023,Brooklyn Nets,118,Sacramento Kings,131
Mon Dec 11 2023,Portland Trail Blazers,127,Los Angeles Clippers,132
Tue Dec 12 2023,Cleveland Cavaliers,113,Boston Celtics,120
Tue Dec 12 2023,Los Angeles Lakers,125,Dallas Mavericks,127
Tue Dec 12 2023,Denver Nuggets,114,Chicago Bulls,106
Tue Dec 12 2023,Golden State Warriors,116,Phoenix Suns,119
Tue Dec 12 2023,Sacramento Kings,99,Los Angeles Clippers,119
Wed Dec 13 2023,Philadelphia 76ers,129,Detroit Pistons,111
Wed Dec 13 2023,New Orleans Pelicans,142,Washington Wizards,122
Wed Dec 13 2023,Charlotte Hornets,104,Miami Heat,115
Wed Dec 13 2023,Atlanta Hawks,128,Toronto Raptors,135
Wed Dec 13 2023,Memphis Grizzlies,104,Houston Rockets,117
Wed Dec 13 2023,Indiana Pacers,126,Milwaukee Bucks,140
Wed Dec 13 2023,Los Angeles Lakers,122,San Antonio Spurs,119
Wed Dec 13 2023,Brooklyn Nets,116,Phoenix Suns,112
Wed Dec 13 2023,New York Knicks,113,Utah Jazz,117
Thu Dec 14 2023,Cleveland Cavaliers,107,Boston Celtics,116
Thu Dec 14 2023,Chicago Bulls,124,Miami Heat,116
Thu Dec 14 2023,Minnesota Timberwolves,119,Dallas Mavericks,101
Thu Dec 14 2023,Brooklyn Nets,101,Denver Nuggets,124
Thu Dec 14 2023,Utah Jazz,122,Portland Trail Blazers,114
Thu Dec 14 2023,Oklahoma City Thunder,123,Sacramento Kings,128
Thu Dec 14 2023,Golden State Warriors,113,Los Angeles Clippers,121
Fri Dec 15 2023,New Orleans Pelicans,112,Charlotte Hornets,107
Fri Dec 15 2023,Detroit Pistons,92,Philadelphia 76ers,124
Fri Dec 15 2023,Indiana Pacers,123,Washington Wizards,137
Fri Dec 15 2023,Orlando Magic,111,Boston Celtics,128
Fri Dec 15 2023,Los Angeles Lakers,115,San Antonio Spurs,129
Fri Dec 15 2023,Atlanta Hawks,125,Toronto Raptors,104
Fri Dec 15 2023,Houston Rockets,103,Memphis Grizzlies,96
Fri Dec 15 2023,New York Knicks,139,Phoenix Suns,122
Sat Dec 16 2023,Detroit Pistons,114,Milwaukee Bucks,146
Sat Dec 16 2023,Philadelphia 76ers,135,Charlotte Hornets,82
Sat Dec 16 2023,Atlanta Hawks,119,Cleveland Cavaliers,127
Sat Dec 16 2023,Chicago Bulls,116,Miami Heat,118
Sat Dec 16 2023,Indiana Pacers,109,Minnesota Timberwolves,127
Sat Dec 16 2023,Brooklyn Nets,120,Golden State Warriors,124
Sat Dec 16 2023,Oklahoma City Thunder,118,Denver Nuggets,117
Sat Dec 16 2023,Dallas Mavericks,131,Portland Trail Blazers,120
Sat Dec 16 2023,Utah Jazz,104,Sacramento Kings,125
Sat Dec 16 2023,New York Knicks,122,Los Angeles Clippers,144
Sun Dec 17 2023,Orlando Magic,97,Boston Celtics,114
Sun Dec 17 2023,New Orleans Pelicans,146,San Antonio Spurs,110
Sun Dec 17 2023,Houston Rockets,119,Milwaukee Bucks,128
Sun Dec 17 2023,Washington Wizards,108,Phoenix Suns,112
Sun Dec 17 2023,Golden State Warriors,118,Portland Trail Blazers,114
Mon Dec 18 2023,Houston Rockets,130,Cleveland Cavaliers,135
Mon Dec 18 2023,Los Angeles Clippers,151,Indiana Pacers,127
Mon Dec 18 2023,Chicago Bulls,108,Philadelphia 76ers,104
Mon Dec 18 2023,Detroit Pistons,124,Atlanta Hawks,130
Mon Dec 18 2023,Minnesota Timberwolves,112,Miami Heat,108
Mon Dec 18 2023,Charlotte Hornets,99,Toronto Raptors,114
Mon Dec 18 2023,Memphis Grizzlies,97,Oklahoma City Thunder,116
Mon Dec 18 2023,Dallas Mavericks,104,Denver Nuggets,130
Mon Dec 18 2023,Brooklyn Nets,108,Utah Jazz,125
Mon Dec 18 2023,Washington Wizards,131,Sacramento Kings,143
Mon Dec 18 2023,New York Knicks,114,Los Angeles Lakers,109
Tue Dec 19 2023,Memphis Grizzlies,115,New Orleans Pelicans,113
Tue Dec 19 2023,San Antonio Spurs,119,Milwaukee Bucks,132
Tue Dec 19 2023,Boston Celtics,126,Golden State Warriors,132
Tue Dec 19 2023,Phoenix Suns,104,Portland Trail Blazers,109
Wed Dec 20 2023,Utah Jazz,116,Cleveland Cavaliers,124
Wed Dec 20 2023,Charlotte Hornets,113,Indiana Pacers,144
Wed Dec 20 2023,Miami Heat,115,Orlando Magic,106
Wed Dec 20 2023,Minnesota Timberwolves,113,Philadelphia 76ers,127
Wed Dec 20 2023,New York Knicks,121,Brooklyn Nets,102
Wed Dec 20 2023,Denver Nuggets,113,Toronto Raptors,104
Wed Dec 20 2023,Los Angeles Lakers,108,Chicago Bulls,124
Wed Dec 20 2023,Atlanta Hawks,134,Houston Rockets,127
Wed Dec 20 2023,Los Angeles Clippers,120,Dallas Mavericks,111
Wed Dec 20 2023,Boston Celtics,144,Sacramento Kings,119
Thu Dec 21 2023,Utah Jazz,119,Detroit Pistons,111
Thu Dec 21 2023,New Orleans Pelicans,123,Cleveland Cavaliers,104
Thu Dec 21 2023,San Antonio Spurs,95,Chicago Bulls,114
Thu Dec 21 2023,Indiana Pacers,103,Memphis Grizzlies,116
Thu Dec 21 2023,Orlando Magic,114,Milwaukee Bucks,118
Thu Dec 21 2023,Los Angeles Clippers,115,Oklahoma City Thunder,134
Thu Dec 21 2023,Los Angeles Lakers,111,Minnesota Timberwolves,118
Thu Dec 21 2023,Washington Wizards,118,Portland Trail Blazers,117
Fri Dec 22 2023,Toronto Raptors,111,Philadelphia 76ers,121
Fri Dec 22 2023,Denver Nuggets,122,Brooklyn Nets,117
Fri Dec 22 2023,Dallas Mavericks,96,Houston Rockets,122
Fri Dec 22 2023,Atlanta Hawks,113,Miami Heat,122
Fri Dec 22 2023,Washington Wizards,118,Golden State Warriors,129
Fri Dec 22 2023,Phoenix Suns,105,Sacramento Kings,120
Sat Dec 23 2023,Milwaukee Bucks,130,New York Knicks,111
Sat Dec 23 2023,Boston Celtics,145,Los Angeles Clippers,108
Sat Dec 23 2023,Denver Nuggets,102,Charlotte Hornets,95
Sat Dec 23 2023,Orlando Magic,117,Indiana Pacers,110
Sat Dec 23 2023,Houston Rockets,106,New Orleans Pelicans,104
Sat Dec 23 2023,Memphis Grizzlies,125,Atlanta Hawks,119
Sat Dec 23 2023,Detroit Pistons,115,Brooklyn Nets,126
Sat Dec 23 2023,Utah Jazz,126,Toronto Raptors,119
Sat Dec 23 2023,Cleveland Cavaliers,109,Chicago Bulls,95
Sat Dec 23 2023,Los Angeles Lakers,129,Oklahoma City Thunder,120
Sat Dec 23 2023,San Antonio Spurs,119,Dallas Mavericks,144
Sat Dec 23 2023,Portland Trail Blazers,106,Golden State Warriors,126
Sat Dec 23 2023,Minnesota Timberwolves,110,Sacramento Kings,98
Mon Dec 25 2023,Milwaukee Bucks,122,New York Knicks,129
Mon Dec 25 2023,Golden State Warriors,114,Denver Nuggets,120
Mon Dec 25 2023,Boston Celtics,126,Los Angeles Lakers,115
Mon Dec 25 2023,Philadelphia 76ers,113,Miami Heat,119
Mon Dec 25 2023,Dallas Mavericks,128,Phoenix Suns,114
Tue Dec 26 2023,Brooklyn Nets,118,Detroit Pistons,112
Tue Dec 26 2023,Orlando Magic,127,Washington Wizards,119
Tue Dec 26 2023,Atlanta Hawks,113,Chicago Bulls,118
Tue Dec 26 2023,Indiana Pacers,123,Houston Rockets,117
Tue Dec 26 2023,Memphis Grizzlies,116,New Orleans Pelicans,115
Tue Dec 26 2023,Minnesota Timberwolves,106,Oklahoma City Thunder,129
Tue Dec 26 2023,Utah Jazz,130,San Antonio Spurs,118
Tue Dec 26 2023,Sacramento Kings,113,Portland Trail Blazers,130
Tue Dec 26 2023,Charlotte Hornets,104,Los Angeles Clippers,113
Wed Dec 27 2023,Philadelphia 76ers,112,Orlando Magic,92
Wed Dec 27 2023,Toronto Raptors,132,Washington Wizards,102
Wed Dec 27 2023,Milwaukee Bucks,144,Brooklyn Nets,122
Wed Dec 27 2023,Phoenix Suns,129,Houston Rockets,113
Wed Dec 27 2023,New York Knicks,120,Oklahoma City Thunder,129
Wed Dec 27 2023,Cleveland Cavaliers,113,Dallas Mavericks,110
Thu Dec 28 2023,Detroit Pistons,122,Boston Celtics,128
Thu Dec 28 2023,Indiana Pacers,120,Chicago Bulls,104
Thu Dec 28 2023,Dallas Mavericks,110,Minnesota Timberwolves,118
Thu Dec 28 2023,Utah Jazz,105,New Orleans Pelicans,112
Thu Dec 28 2023,Memphis Grizzlies,105,Denver Nuggets,142
Thu Dec 28 2023,Miami Heat,114,Golden State Warriors,102
Thu Dec 28 2023,San Antonio Spurs,118,Portland Trail Blazers,105
Thu Dec 28 2023,Charlotte Hornets,112,Los Angeles Lakers,133
Fri Dec 29 2023,New York Knicks,108,Orlando Magic,117
Fri Dec 29 2023,Brooklyn Nets,104,Washington Wizards,110
Fri Dec 29 2023,Sacramento Kings,117,Atlanta Hawks,110
Fri Dec 29 2023,Toronto Raptors,118,Boston Celtics,120
Fri Dec 29 2023,Milwaukee Bucks,119,Cleveland Cavaliers,111
Fri Dec 29 2023,Philadelphia 76ers,131,Houston Rockets,127
Fri Dec 29 2023,Oklahoma City Thunder,119,Denver Nuggets,93
Fri Dec 29 2023,Charlotte Hornets,119,Phoenix Suns,133
Fri Dec 29 2023,San Antonio Spurs,128,Portland Trail Blazers,134
Fri Dec 29 2023,Memphis Grizzlies,106,Los Angeles Clippers,117
Sat Dec 30 2023,Miami Heat,109,Utah Jazz,117
Sat Dec 30 2023,Toronto Raptors,127,Detroit Pistons,129
Sat Dec 30 2023,New York Knicks,126,Indiana Pacers,140
Sat Dec 30 2023,Philadelphia 76ers,92,Chicago Bulls,105
Sat Dec 30 2023,Los Angeles Lakers,106,Minnesota Timberwolves,108
Sat Dec 30 2023,Dallas Mavericks,132,Golden State Warriors,122
Sun Dec 31 2023,Atlanta Hawks,130,Washington Wizards,126
Sun Dec 31 2023,Los Angeles Lakers,109,New Orleans Pelicans,129
Sun Dec 31 2023,Brooklyn Nets,108,Oklahoma City Thunder,124
Sun Dec 31 2023,Boston Celtics,134,San Antonio Spurs,101
Sun Dec 31 2023,Sacramento Kings,123,Memphis Grizzlies,92
Sun Dec 31 2023,Orlando Magic,107,Phoenix Suns,112
Mon Jan 1 2024,Minnesota Timberwolves,106,New York Knicks,112
Mon Jan 1 2024,Cleveland Cavaliers,121,Toronto Raptors,124
Mon Jan 1 2024,Detroit Pistons,113,Houston Rockets,136
Mon Jan 1 2024,Indiana Pacers,122,Milwaukee Bucks,113
Mon Jan 1 2024,Charlotte Hornets,93,Denver Nuggets,111
Mon Jan 1 2024,Portland Trail Blazers,88,Phoenix Suns,109
Mon Jan 1 2024,Dallas Mavericks,90,Utah Jazz,127
Mon Jan 1 2024,Miami Heat,104,Los Angeles Clippers,121
Tue Jan 2 2024,Chicago Bulls,97,Philadelphia 76ers,110
Tue Jan 2 2024,San Antonio Spurs,98,Memphis Grizzlies,106
Tue Jan 2 2024,Brooklyn Nets,85,New Orleans Pelicans,112
Tue Jan 2 2024,Boston Celtics,123,Oklahoma City Thunder,127
Tue Jan 2 2024,Orlando Magic,115,Golden State Warriors,121
Tue Jan 2 2024,Charlotte Hornets,111,Sacramento Kings,104
Wed Jan 3 2024,Washington Wizards,101,Cleveland Cavaliers,140
Wed Jan 3 2024,Milwaukee Bucks,130,Indiana Pacers,142
Wed Jan 3 2024,Oklahoma City Thunder,138,Atlanta Hawks,141
Wed Jan 3 2024,Brooklyn Nets,101,Houston Rockets,112
Wed Jan 3 2024,Toronto Raptors,116,Memphis Grizzlies,111
Wed Jan 3 2024,New Orleans Pelicans,117,Minnesota Timberwolves,106
Wed Jan 3 2024,Portland Trail Blazers,97,Dallas Mavericks,126
Wed Jan 3 2024,Chicago Bulls,100,New York Knicks,116
Wed Jan 3 2024,Los Angeles Clippers,131,Phoenix Suns,122
Wed Jan 3 2024,Detroit Pistons,148,Utah Jazz,154
Wed Jan 3 2024,Miami Heat,110,Los Angeles Lakers,96
Wed Jan 3 2024,Orlando Magic,135,Sacramento Kings,138
Thu Jan 4 2024,Milwaukee Bucks,125,San Antonio Spurs,121
Thu Jan 4 2024,Denver Nuggets,130,Golden State Warriors,127
Fri Jan 5 2024,Utah Jazz,97,Boston Celtics,126
Fri Jan 5 2024,Atlanta Hawks,116,Indiana Pacers,150
Fri Jan 5 2024,Oklahoma City Thunder,115,Brooklyn Nets,124
Fri Jan 5 2024,Washington Wizards,90,Cleveland Cavaliers,114
Fri Jan 5 2024,New York Knicks,128,Philadelphia 76ers,92
Fri Jan 5 2024,Charlotte Hornets,91,Chicago Bulls,104
Fri Jan 5 2024,Minnesota Timberwolves,122,Houston Rockets,95
Fri Jan 5 2024,Los Angeles Clippers,111,New Orleans Pelicans,95
Fri Jan 5 2024,Portland Trail Blazers,103,Dallas Mavericks,139
Fri Jan 5 2024,Orlando Magic,122,Denver Nuggets,120
Fri Jan 5 2024,Miami Heat,97,Phoenix Suns,113
Fri Jan 5 2024,Detroit Pistons,109,Golden State Warriors,113
Fri Jan 5 2024,Memphis Grizzlies,127,Los Angeles Lakers,113
Fri Jan 5 2024,Toronto Raptors,130,Sacramento Kings,135
Sat Jan 6 2024,Boston Celtics,118,Indiana Pacers,101
Sat Jan 6 2024,New York Knicks,121,Washington Wizards,105
Sat Jan 6 2024,Utah Jazz,120,Philadelphia 76ers,109
Sat Jan 6 2024,Milwaukee Bucks,108,Houston Rockets,112
Sun Jan 7 2024,San Antonio Spurs,115,Cleveland Cavaliers,117
Sun Jan 7 2024,Portland Trail Blazers,134,Brooklyn Nets,127
Sun Jan 7 2024,Atlanta Hawks,110,Orlando Magic,117
Sun Jan 7 2024,New Orleans Pelicans,133,Sacramento Kings,100
Sun Jan 7 2024,Minnesota Timberwolves,108,Dallas Mavericks,115
Sun Jan 7 2024,Detroit Pistons,114,Denver Nuggets,131
Sun Jan 7 2024,Memphis Grizzlies,121,Phoenix Suns,115
Sun Jan 7 2024,Toronto Raptors,133,Golden State Warriors,118
Sun Jan 7 2024,Los Angeles Clippers,103,Los Angeles Lakers,106
Mon Jan 8 2024,Chicago Bulls,119,Charlotte Hornets,112
Mon Jan 8 2024,Boston Celtics,131,Indiana Pacers,133
Mon Jan 8 2024,Oklahoma City Thunder,136,Washington Wizards,128
Mon Jan 8 2024,Houston Rockets,113,Miami Heat,120
Mon Jan 8 2024,Utah Jazz,132,Milwaukee Bucks,116
Mon Jan 8 2024,Phoenix Suns,111,Los Angeles Clippers,138
Tue Jan 9 2024,Sacramento Kings,131,Detroit Pistons,110
Tue Jan 9 2024,Minnesota Timberwolves,113,Orlando Magic,92
Tue Jan 9 2024,Portland Trail Blazers,84,New York Knicks,112
Tue Jan 9 2024,Memphis Grizzlies,120,Dallas Mavericks,103
Tue Jan 9 2024,Toronto Raptors,131,Los Angeles Lakers,132
Wed Jan 10 2024,Minnesota Timberwolves,120,Boston Celtics,127
Wed Jan 10 2024,Sacramento Kings,123,Charlotte Hornets,98
Wed Jan 10 2024,San Antonio Spurs,130,Detroit Pistons,108
Wed Jan 10 2024,Washington Wizards,104,Indiana Pacers,112
Wed Jan 10 2024,Philadelphia 76ers,132,Atlanta Hawks,139
Wed Jan 10 2024,Oklahoma City Thunder,128,Miami Heat,120
Wed Jan 10 2024,Houston Rockets,119,Chicago Bulls,124
Wed Jan 10 2024,New Orleans Pelicans,141,Golden State Warriors,105
Wed Jan 10 2024,Denver Nuggets,111,Utah Jazz,124
Wed Jan 10 2024,Toronto Raptors,120,Los Angeles Clippers,126
Thu Jan 11 2024,Brooklyn Nets,102,Cleveland Cavaliers,111
Thu Jan 11 2024,Boston Celtics,102,Milwaukee Bucks,135
Thu Jan 11 2024,Portland Trail Blazers,77,Oklahoma City Thunder,139
Thu Jan 11 2024,New York Knicks,124,Dallas Mavericks,128
Thu Jan 11 2024,Phoenix Suns,127,Los Angeles Lakers,109
Fri Jan 12 2024,Indiana Pacers,126,Atlanta Hawks,108
Fri Jan 12 2024,Houston Rockets,112,Detroit Pistons,110
Fri Jan 12 2024,Sacramento Kings,93,Philadelphia 76ers,112
Fri Jan 12 2024,Golden State Warriors,140,Chicago Bulls,131
Fri Jan 12 2024,Los Angeles Clippers,128,Memphis Grizzlies,119
Fri Jan 12 2024,Orlando Magic,96,Miami Heat,99
Fri Jan 12 2024,Portland Trail Blazers,93,Minnesota Timberwolves,116
Fri Jan 12 2024,Charlotte Hornets,99,San Antonio Spurs,135
Fri Jan 12 2024,Toronto Raptors,113,Utah Jazz,145
Fri Jan 12 2024,New Orleans Pelicans,113,Denver Nuggets,125
Sat Jan 13 2024,Houston Rockets,113,Boston Celtics,145
Sat Jan 13 2024,Washington Wizards,127,Atlanta Hawks,99
Sat Jan 13 2024,New York Knicks,106,Memphis Grizzlies,94
Sat Jan 13 2024,Golden State Warriors,118,Milwaukee Bucks,129
Sat Jan 13 2024,Orlando Magic,100,Oklahoma City Thunder,112
Sat Jan 13 2024,New Orleans Pelicans,118,Dallas Mavericks,108
Sat Jan 13 2024,Chicago Bulls,122,San Antonio Spurs,116
Sat Jan 13 2024,Los Angeles Lakers,125,Utah Jazz,132
Sun Jan 14 2024,Indiana Pacers,109,Denver Nuggets,117
Sun Jan 14 2024,Charlotte Hornets,87,Miami Heat,104
Sun Jan 14 2024,Sacramento Kings,142,Milwaukee Bucks,143
Sun Jan 14 2024,Los Angeles Clippers,105,Minnesota Timberwolves,109
Sun Jan 14 2024,Phoenix Suns,127,Portland Trail Blazers,116
Mon Jan 15 2024,Houston Rockets,115,Philadelphia 76ers,124
Mon Jan 15 2024,New Orleans Pelicans,120,Dallas Mavericks,125
Mon Jan 15 2024,Orlando Magic,98,New York Knicks,94
Mon Jan 15 2024,Detroit Pistons,129,Washington Wizards,117
Mon Jan 15 2024,San Antonio Spurs,99,Atlanta Hawks,109
Mon Jan 15 2024,Golden State Warriors,107,Memphis Grizzlies,116
Mon Jan 15 2024,Chicago Bulls,91,Cleveland Cavaliers,109
Mon Jan 15 2024,Miami Heat,96,Brooklyn Nets,95
Mon Jan 15 2024,Boston Celtics,105,Toronto Raptors,96
Mon Jan 15 2024,Indiana Pacers,105,Utah Jazz,132
Mon Jan 15 2024,Oklahoma City Thunder,105,Los Angeles Lakers,112
Tue Jan 16 2024,Denver Nuggets,121,Philadelphia 76ers,126
Tue Jan 16 2024,Sacramento Kings,117,Phoenix Suns,119
Tue Jan 16 2024,Oklahoma City Thunder,117,Los Angeles Clippers,128
Wed Jan 17 2024,Minnesota Timberwolves,124,Detroit Pistons,117
Wed Jan 17 2024,Orlando Magic,104,Atlanta Hawks,106
Wed Jan 17 2024,San Antonio Spurs,98,Boston Celtics,117
Wed Jan 17 2024,Milwaukee Bucks,95,Cleveland Cavaliers,135
Wed Jan 17 2024,Houston Rockets,94,New York Knicks,109
Wed Jan 17 2024,Miami Heat,97,Toronto Raptors,121
Wed Jan 17 2024,Charlotte Hornets,112,New Orleans Pelicans,132
Wed Jan 17 2024,Dallas Mavericks,110,Los Angeles Lakers,127
Wed Jan 17 2024,Brooklyn Nets,103,Portland Trail Blazers,105
Thu Jan 18 2024,Washington Wizards,109,New York Knicks,113
Thu Jan 18 2024,Chicago Bulls,116,Toronto Raptors,110
Thu Jan 18 2024,Oklahoma City Thunder,134,Utah Jazz,129
Thu Jan 18 2024,Memphis Grizzlies,103,Minnesota Timberwolves,118
Thu Jan 18 2024,Indiana Pacers,126,Sacramento Kings,121
Fri Jan 19 2024,San Antonio Spurs,120,Charlotte Hornets,124
Fri Jan 19 2024,Philadelphia 76ers,124,Orlando Magic,109
Fri Jan 19 2024,Denver Nuggets,102,Boston Celtics,100
Fri Jan 19 2024,Atlanta Hawks,109,Miami Heat,108
Fri Jan 19 2024,Phoenix Suns,123,New Orleans Pelicans,109
Fri Jan 19 2024,Indiana Pacers,115,Portland Trail Blazers,118
Fri Jan 19 2024,Brooklyn Nets,130,Los Angeles Lakers,112
Sat Jan 20 2024,Milwaukee Bucks,141,Detroit Pistons,135
Sat Jan 20 2024,Philadelphia 76ers,97,Charlotte Hornets,89
Sat Jan 20 2024,San Antonio Spurs,131,Washington Wizards,127
Sat Jan 20 2024,Cleveland Cavaliers,116,Atlanta Hawks,95
Sat Jan 20 2024,Toronto Raptors,100,New York Knicks,126
Sat Jan 20 2024,Memphis Grizzlies,96,Chicago Bulls,125
Sat Jan 20 2024,Utah Jazz,126,Houston Rockets,127
Sat Jan 20 2024,Oklahoma City Thunder,102,Minnesota Timberwolves,97
Sun Jan 21 2024,Brooklyn Nets,114,Los Angeles Clippers,125
Sun Jan 21 2024,Miami Heat,87,Orlando Magic,105
Sun Jan 21 2024,Denver Nuggets,113,Washington Wizards,104
Sun Jan 21 2024,Boston Celtics,116,Houston Rockets,107
Sun Jan 21 2024,Indiana Pacers,110,Phoenix Suns,117
Sun Jan 21 2024,Portland Trail Blazers,110,Los Angeles Lakers,134
Mon Jan 22 2024,Milwaukee Bucks,122,Detroit Pistons,113
Mon Jan 22 2024,Cleveland Cavaliers,126,Orlando Magic,99
Mon Jan 22 2024,San Antonio Spurs,123,Philadelphia 76ers,133
Mon Jan 22 2024,Memphis Grizzlies,108,Toronto Raptors,100
Mon Jan 22 2024,Charlotte Hornets,128,Minnesota Timberwolves,125
Mon Jan 22 2024,Boston Celtics,119,Dallas Mavericks,110
Mon Jan 22 2024,Chicago Bulls,113,Phoenix Suns,115
Mon Jan 22 2024,Atlanta Hawks,107,Sacramento Kings,122
Tue Jan 23 2024,Denver Nuggets,114,Indiana Pacers,109
Tue Jan 23 2024,New York Knicks,108,Brooklyn Nets,103
Tue Jan 23 2024,Utah Jazz,124,New Orleans Pelicans,153
Tue Jan 23 2024,Portland Trail Blazers,109,Oklahoma City Thunder,111
Tue Jan 23 2024,Los Angeles Lakers,116,Los Angeles Clippers,127
Wed Jan 24 2024,Charlotte Hornets,106,Detroit Pistons,113
Wed Jan 24 2024,Minnesota Timberwolves,118,Washington Wizards,107
Wed Jan 24 2024,Memphis Grizzlies,105,Miami Heat,96
Wed Jan 24 2024,Portland Trail Blazers,137,Houston Rockets,131
Wed Jan 24 2024,Cleveland Cavaliers,116,Milwaukee Bucks,126
Wed Jan 24 2024,Phoenix Suns,132,Dallas Mavericks,109
Wed Jan 24 2024,Oklahoma City Thunder,140,San Antonio Spurs,114
Wed Jan 24 2024,Atlanta Hawks,112,Golden State Warriors,134
Thu Jan 25 2024,Philadelphia 76ers,122,Indiana Pacers,134
Thu Jan 25 2024,Utah Jazz,123,Washington Wizards,108
Thu Jan 25 2024,Minnesota Timberwolves,96,Brooklyn Nets,94
Thu Jan 25 2024,Boston Celtics,143,Miami Heat,110
Thu Jan 25 2024,Denver Nuggets,84,New York Knicks,122
Thu Jan 25 2024,Sacramento Kings,134,Golden State Warriors,133
Thu Jan 25 2024,Chicago Bulls,132,Los Angeles Lakers,141
Fri Jan 26 2024,Dallas Mavericks,148,Atlanta Hawks,143
Fri Jan 26 2024,Houston Rockets,138,Charlotte Hornets,104
Fri Jan 26 2024,Phoenix Suns,131,Indiana Pacers,133
Fri Jan 26 2024,Los Angeles Clippers,127,Toronto Raptors,107
Fri Jan 26 2024,Orlando Magic,106,Memphis Grizzlies,107
Fri Jan 26 2024,Cleveland Cavaliers,112,Milwaukee Bucks,100
Fri Jan 26 2024,Oklahoma City Thunder,107,New Orleans Pelicans,83
Fri Jan 26 2024,Portland Trail Blazers,100,San Antonio Spurs,116
Sat Jan 27 2024,Washington Wizards,118,Detroit Pistons,104
Sat Jan 27 2024,Miami Heat,109,New York Knicks,125
Sat Jan 27 2024,Philadelphia 76ers,105,Denver Nuggets,111
Sat Jan 27 2024,Houston Rockets,104,Brooklyn Nets,106
Sat Jan 27 2024,Los Angeles Clippers,115,Boston Celtics,96
Sat Jan 27 2024,Utah Jazz,134,Charlotte Hornets,122
Sat Jan 27 2024,New Orleans Pelicans,117,Milwaukee Bucks,141
Sat Jan 27 2024,Los Angeles Lakers,145,Golden State Warriors,144
Sat Jan 27 2024,Minnesota Timberwolves,112,San Antonio Spurs,113
Sat Jan 27 2024,Sacramento Kings,120,Dallas Mavericks,115
Sun Jan 28 2024,Oklahoma City Thunder,104,Detroit Pistons,120
Sun Jan 28 2024,Memphis Grizzlies,110,Indiana Pacers,116
Sun Jan 28 2024,Toronto Raptors,125,Atlanta Hawks,126
Sun Jan 28 2024,Phoenix Suns,98,Orlando Magic,113
Sun Jan 28 2024,Chicago Bulls,104,Portland Trail Blazers,96
Mon Jan 29 2024,New York Knicks,113,Charlotte Hornets,92
Mon Jan 29 2024,Los Angeles Clippers,108,Cleveland Cavaliers,118
Mon Jan 29 2024,New Orleans Pelicans,112,Boston Celtics,118
Mon Jan 29 2024,Utah Jazz,114,Brooklyn Nets,147
Mon Jan 29 2024,Phoenix Suns,118,Miami Heat,105
Mon Jan 29 2024,Los Angeles Lakers,119,Houston Rockets,135
Mon Jan 29 2024,Sacramento Kings,103,Memphis Grizzlies,94
Mon Jan 29 2024,Minnesota Timberwolves,107,Oklahoma City Thunder,101
Mon Jan 29 2024,Washington Wizards,118,San Antonio Spurs,113
Mon Jan 29 2024,Orlando Magic,129,Dallas Mavericks,131
Mon Jan 29 2024,Milwaukee Bucks,107,Denver Nuggets,113
Mon Jan 29 2024,Philadelphia 76ers,104,Portland Trail Blazers,130
Tue Jan 30 2024,Los Angeles Lakers,122,Atlanta Hawks,138
Tue Jan 30 2024,Indiana Pacers,124,Boston Celtics,129
Tue Jan 30 2024,Utah Jazz,103,New York Knicks,118
Tue Jan 30 2024,Toronto Raptors,118,Chicago Bulls,107
Tue Jan 30 2024,Philadelphia 76ers,107,Golden State Warriors,119
Wed Jan 31 2024,Chicago Bulls,117,Charlotte Hornets,110
Wed Jan 31 2024,Detroit Pistons,121,Cleveland Cavaliers,128
Wed Jan 31 2024,Los Angeles Clippers,125,Washington Wizards,109
Wed Jan 31 2024,Sacramento Kings,106,Miami Heat,115
Wed Jan 31 2024,New Orleans Pelicans,110,Houston Rockets,99
Wed Jan 31 2024,Dallas Mavericks,87,Minnesota Timberwolves,121
Wed Jan 31 2024,Denver Nuggets,100,Oklahoma City Thunder,105
Wed Jan 31 2024,Orlando Magic,108,San Antonio Spurs,98
Wed Jan 31 2024,Phoenix Suns,136,Brooklyn Nets,120
Wed Jan 31 2024,Milwaukee Bucks,116,Portland Trail Blazers,119
Thu Feb 1 2024,Los Angeles Lakers,114,Boston Celtics,105
Thu Feb 1 2024,Indiana Pacers,105,New York Knicks,109
Thu Feb 1 2024,Cleveland Cavaliers,108,Memphis Grizzlies,101
Thu Feb 1 2024,Philadelphia 76ers,127,Utah Jazz,124
Fri Feb 2 2024,Los Angeles Clippers,136,Detroit Pistons,125
Fri Feb 2 2024,Miami Heat,110,Washington Wizards,102
Fri Feb 2 2024,Phoenix Suns,120,Atlanta Hawks,129
Fri Feb 2 2024,Sacramento Kings,133,Indiana Pacers,122
Fri Feb 2 2024,Toronto Raptors,106,Houston Rockets,135
Fri Feb 2 2024,Golden State Warriors,121,Memphis Grizzlies,101
Fri Feb 2 2024,Orlando Magic,108,Minnesota Timberwolves,106
Fri Feb 2 2024,Charlotte Hornets,106,Oklahoma City Thunder,126
Fri Feb 2 2024,New Orleans Pelicans,114,San Antonio Spurs,113
Fri Feb 2 2024,Portland Trail Blazers,108,Denver Nuggets,120
Sat Feb 3 2024,Brooklyn Nets,136,Philadelphia 76ers,121
Sat Feb 3 2024,Golden State Warriors,134,Atlanta Hawks,141
Sat Feb 3 2024,Sacramento Kings,123,Chicago Bulls,115
Sat Feb 3 2024,Milwaukee Bucks,129,Dallas Mavericks,117
Sat Feb 3 2024,Los Angeles Lakers,113,New York Knicks,105
Sat Feb 3 2024,Cleveland Cavaliers,117,San Antonio Spurs,101
Sun Feb 4 2024,Orlando Magic,111,Detroit Pistons,99
Sun Feb 4 2024,Phoenix Suns,140,Washington Wizards,112
Sun Feb 4 2024,Memphis Grizzlies,91,Boston Celtics,131
Sun Feb 4 2024,Indiana Pacers,115,Charlotte Hornets,99
Sun Feb 4 2024,Los Angeles Clippers,103,Miami Heat,95
Sun Feb 4 2024,Houston Rockets,90,Minnesota Timberwolves,111
Sun Feb 4 2024,Toronto Raptors,127,Oklahoma City Thunder,135
Sun Feb 4 2024,Milwaukee Bucks,108,Utah Jazz,123
Sun Feb 4 2024,Portland Trail Blazers,103,Denver Nuggets,112
Mon Feb 5 2024,Los Angeles Lakers,124,Charlotte Hornets,118
Mon Feb 5 2024,Sacramento Kings,110,Cleveland Cavaliers,136
Mon Feb 5 2024,Dallas Mavericks,118,Philadelphia 76ers,102
Mon Feb 5 2024,Los Angeles Clippers,149,Atlanta Hawks,144
Mon Feb 5 2024,Golden State Warriors,109,Brooklyn Nets,98
Mon Feb 5 2024,Toronto Raptors,100,New Orleans Pelicans,138
Tue Feb 6 2024,Houston Rockets,129,Indiana Pacers,132
Tue Feb 6 2024,Dallas Mavericks,119,Brooklyn Nets,107
Tue Feb 6 2024,Orlando Magic,95,Miami Heat,121
Tue Feb 6 2024,Memphis Grizzlies,113,New York Knicks,123
Tue Feb 6 2024,Minnesota Timberwolves,123,Chicago Bulls,129
Tue Feb 6 2024,Oklahoma City Thunder,117,Utah Jazz,124
Tue Feb 6 2024,Milwaukee Bucks,106,Phoenix Suns,114
Wed Feb 7 2024,Toronto Raptors,123,Charlotte Hornets,117
Wed Feb 7 2024,Cleveland Cavaliers,114,Washington Wizards,106
Wed Feb 7 2024,Atlanta Hawks,117,Boston Celtics,125
Wed Feb 7 2024,San Antonio Spurs,104,Miami Heat,116
Wed Feb 7 2024,Golden State Warriors,127,Philadelphia 76ers,104
Wed Feb 7 2024,New Orleans Pelicans,117,Los Angeles Clippers,106
Wed Feb 7 2024,Detroit Pistons,133,Sacramento Kings,120
Thu Feb 8 2024,Golden State Warriors,131,Indiana Pacers,109
Thu Feb 8 2024,San Antonio Spurs,111,Orlando Magic,127
Thu Feb 8 2024,Cleveland Cavaliers,118,Brooklyn Nets,95
Thu Feb 8 2024,Dallas Mavericks,122,New York Knicks,108
Thu Feb 8 2024,Chicago Bulls,118,Memphis Grizzlies,110
Thu Feb 8 2024,Minnesota Timberwolves,129,Milwaukee Bucks,105
Thu Feb 8 2024,Utah Jazz,115,Phoenix Suns,129
Thu Feb 8 2024,Denver Nuggets,114,Los Angeles Lakers,106
Thu Feb 8 2024,Detroit Pistons,128,Portland Trail Blazers,122
Fri Feb 9 2024,Atlanta Hawks,127,Philadelphia 76ers,121
Fri Feb 9 2024,Washington Wizards,129,Boston Celtics,133
Fri Feb 9 2024,Houston Rockets,104,Toronto Raptors,107
Fri Feb 9 2024,Charlotte Hornets,84,Milwaukee Bucks,120
Fri Feb 9 2024,Denver Nuggets,106,Sacramento Kings,135
Fri Feb 9 2024,New Orleans Pelicans,122,Los Angeles Lakers,139
Sat Feb 10 2024,Oklahoma City Thunder,111,Dallas Mavericks,146
Sat Feb 10 2024,Detroit Pistons,106,Los Angeles Clippers,112
Sat Feb 10 2024,San Antonio Spurs,103,Brooklyn Nets,123
Sat Feb 10 2024,Memphis Grizzlies,106,Charlotte Hornets,115
Sat Feb 10 2024,Chicago Bulls,108,Orlando Magic,114
Sat Feb 10 2024,Philadelphia 76ers,119,Washington Wizards,113
Sat Feb 10 2024,Houston Rockets,113,Atlanta Hawks,122
Sat Feb 10 2024,Indiana Pacers,125,New York Knicks,111
Sat Feb 10 2024,Cleveland Cavaliers,119,Toronto Raptors,95
Sat Feb 10 2024,Phoenix Suns,112,Golden State Warriors,113
Sat Feb 10 2024,New Orleans Pelicans,93,Portland Trail Blazers,84
Sun Feb 11 2024,Boston Celtics,110,Miami Heat,106
Sun Feb 11 2024,Sacramento Kings,113,Oklahoma City Thunder,127
Mon Feb 12 2024,Indiana Pacers,102,Charlotte Hornets,111
Mon Feb 12 2024,Philadelphia 76ers,123,Cleveland Cavaliers,121
Mon Feb 12 2024,Chicago Bulls,136,Atlanta Hawks,126
Mon Feb 12 2024,San Antonio Spurs,122,Toronto Raptors,99
Mon Feb 12 2024,New York Knicks,103,Houston Rockets,105
Mon Feb 12 2024,New Orleans Pelicans,96,Memphis Grizzlies,87
Mon Feb 12 2024,Denver Nuggets,95,Milwaukee Bucks,112
Mon Feb 12 2024,Washington Wizards,104,Dallas Mavericks,112
Mon Feb 12 2024,Golden State Warriors,129,Utah Jazz,107
Mon Feb 12 2024,Minnesota Timberwolves,121,Los Angeles Clippers,100
Tue Feb 13 2024,Boston Celtics,118,Brooklyn Nets,110
Tue Feb 13 2024,Oklahoma City Thunder,127,Orlando Magic,113
Tue Feb 13 2024,Miami Heat,123,Milwaukee Bucks,97
Tue Feb 13 2024,Sacramento Kings,125,Phoenix Suns,130
Tue Feb 13 2024,Minnesota Timberwolves,121,Portland Trail Blazers,109
Tue Feb 13 2024,Detroit Pistons,111,Los Angeles Lakers,125
Wed Feb 14 2024,Atlanta Hawks,99,Charlotte Hornets,122
Wed Feb 14 2024,New York Knicks,100,Orlando Magic,118
Wed Feb 14 2024,Miami Heat,109,Philadelphia 76ers,104
Wed Feb 14 2024,Brooklyn Nets,86,Boston Celtics,136
Wed Feb 14 2024,Chicago Bulls,105,Cleveland Cavaliers,108
Wed Feb 14 2024,Indiana Pacers,127,Toronto Raptors,125
Wed Feb 14 2024,Houston Rockets,113,Memphis Grizzlies,121
Wed Feb 14 2024,Washington Wizards,126,New Orleans Pelicans,133
Wed Feb 14 2024,San Antonio Spurs,93,Dallas Mavericks,116
Wed Feb 14 2024,Sacramento Kings,102,Denver Nuggets,98
Wed Feb 14 2024,Detroit Pistons,100,Phoenix Suns,116
Wed Feb 14 2024,Los Angeles Lakers,138,Utah Jazz,122
Wed Feb 14 2024,Los Angeles Clippers,130,Golden State Warriors,125
Thu Feb 15 2024,Milwaukee Bucks,110,Memphis Grizzlies,113
Thu Feb 15 2024,Golden State Warriors,140,Utah Jazz,137
Thu Feb 15 2024,Minnesota Timberwolves,128,Portland Trail Blazers,91
Thu Feb 22 2024,Orlando Magic,116,Cleveland Cavaliers,109
Thu Feb 22 2024,Detroit Pistons,115,Indiana Pacers,129
Thu Feb 22 2024,New York Knicks,110,Philadelphia 76ers,96
Thu Feb 22 2024,Brooklyn Nets,93,Toronto Raptors,121
Thu Feb 22 2024,Phoenix Suns,113,Dallas Mavericks,123
Thu Feb 22 2024,Boston Celtics,129,Chicago Bulls,112
Thu Feb 22 2024,Houston Rockets,105,New Orleans Pelicans,127
Thu Feb 22 2024,Los Angeles Clippers,107,Oklahoma City Thunder,129
Thu Feb 22 2024,Washington Wizards,110,Denver Nuggets,130
Thu Feb 22 2024,Charlotte Hornets,115,Utah Jazz,107
Thu Feb 22 2024,Los Angeles Lakers,110,Golden State Warriors,128
Thu Feb 22 2024,San Antonio Spurs,122,Sacramento Kings,127
Fri Feb 23 2024,Toronto Raptors,123,Atlanta Hawks,121
Fri Feb 23 2024,Cleveland Cavaliers,97,Philadelphia 76ers,104
Fri Feb 23 2024,Phoenix Suns,110,Houston Rockets,114
Fri Feb 23 2024,Los Angeles Clippers,101,Memphis Grizzlies,95
Fri Feb 23 2024,Miami Heat,106,New Orleans Pelicans,95
Fri Feb 23 2024,Washington Wizards,106,Oklahoma City Thunder,147
Fri Feb 23 2024,Charlotte Hornets,84,Golden State Warriors,97
Fri Feb 23 2024,Milwaukee Bucks,112,Minnesota Timberwolves,107
Fri Feb 23 2024,Denver Nuggets,127,Portland Trail Blazers,112
Fri Feb 23 2024,San Antonio Spurs,118,Los Angeles Lakers,123
Sat Feb 24 2024,Orlando Magic,112,Detroit Pistons,109
Sat Feb 24 2024,Boston Celtics,116,New York Knicks,102
Sat Feb 24 2024,Brooklyn Nets,86,Minnesota Timberwolves,101
Sun Feb 25 2024,Milwaukee Bucks,119,Philadelphia 76ers,98
Sun Feb 25 2024,Los Angeles Lakers,113,Phoenix Suns,123
Sun Feb 25 2024,Dallas Mavericks,111,Indiana Pacers,133
Sun Feb 25 2024,Cleveland Cavaliers,114,Washington Wizards,105
Sun Feb 25 2024,Orlando Magic,92,Atlanta Hawks,109
Sun Feb 25 2024,Denver Nuggets,119,Golden State Warriors,103
Sun Feb 25 2024,Oklahoma City Thunder,123,Houston Rockets,110
Sun Feb 25 2024,Chicago Bulls,114,New Orleans Pelicans,106
Sun Feb 25 2024,San Antonio Spurs,109,Utah Jazz,128
Sun Feb 25 2024,Charlotte Hornets,93,Portland Trail Blazers,80
Sun Feb 25 2024,Sacramento Kings,123,Los Angeles Clippers,107
Mon Feb 26 2024,Toronto Raptors,130,Indiana Pacers,122
Mon Feb 26 2024,Detroit Pistons,111,New York Knicks,113
Mon Feb 26 2024,Brooklyn Nets,111,Memphis Grizzlies,86
Mon Feb 26 2024,Miami Heat,121,Sacramento Kings,110
Tue Feb 27 2024,Dallas Mavericks,119,Cleveland Cavaliers,121
Tue Feb 27 2024,Brooklyn Nets,81,Orlando Magic,108
Tue Feb 27 2024,Golden State Warriors,123,Washington Wizards,112
Tue Feb 27 2024,Utah Jazz,97,Atlanta Hawks,124
Tue Feb 27 2024,Philadelphia 76ers,99,Boston Celtics,117
Tue Feb 27 2024,New Orleans Pelicans,115,New York Knicks,92
Tue Feb 27 2024,Detroit Pistons,105,Chicago Bulls,95
Tue Feb 27 2024,Charlotte Hornets,85,Milwaukee Bucks,123
Tue Feb 27 2024,San Antonio Spurs,105,Minnesota Timberwolves,114
Tue Feb 27 2024,Houston Rockets,95,Oklahoma City Thunder,112
Tue Feb 27 2024,Miami Heat,106,Portland Trail Blazers,96
Wed Feb 28 2024,New Orleans Pelicans,114,Indiana Pacers,123
Wed Feb 28 2024,Dallas Mavericks,136,Toronto Raptors,125
Wed Feb 28 2024,Cleveland Cavaliers,123,Chicago Bulls,132
Wed Feb 28 2024,Memphis Grizzlies,101,Minnesota Timberwolves,110
Wed Feb 28 2024,Sacramento Kings,96,Denver Nuggets,117
Wed Feb 28 2024,Los Angeles Lakers,116,Los Angeles Clippers,112
Thu Feb 29 2024,Milwaukee Bucks,111,Charlotte Hornets,99
Thu Feb 29 2024,Utah Jazz,107,Orlando Magic,115
Thu Feb 29 2024,Atlanta Hawks,97,Brooklyn Nets,124
Thu Feb 29 2024,Golden State Warriors,110,New York Knicks,99
Thu Feb 29 2024,Oklahoma City Thunder,118,San Antonio Spurs,132
Thu Feb 29 2024,Houston Rockets,105,Phoenix Suns,110
Thu Feb 29 2024,Miami Heat,97,Denver Nuggets,103
Thu Feb 29 2024,Washington Wizards,131,Los Angeles Lakers,134
Fri Mar 1 2024,Cleveland Cavaliers,110,Detroit Pistons,100
Fri Mar 1 2024,Charlotte Hornets,114,Philadelphia 76ers,121
Fri Mar 1 2024,Dallas Mavericks,110,Boston Celtics,138
Fri Mar 1 2024,Golden State Warriors,120,Toronto Raptors,105
Fri Mar 1 2024,Portland Trail Blazers,122,Memphis Grizzlies,92
Fri Mar 1 2024,Sacramento Kings,124,Minnesota Timberwolves,120
Fri Mar 1 2024,Indiana Pacers,102,New Orleans Pelicans,129
Fri Mar 1 2024,Milwaukee Bucks,113,Chicago Bulls,97
Fri Mar 1 2024,Washington Wizards,115,Los Angeles Clippers,140
Sat Mar 2 2024,Atlanta Hawks,102,Brooklyn Nets,114
Sat Mar 2 2024,Utah Jazz,120,Miami Heat,126
Sat Mar 2 2024,Portland Trail Blazers,107,Memphis Grizzlies,100
Sat Mar 2 2024,Denver Nuggets,124,Los Angeles Lakers,114
Sat Mar 2 2024,Houston Rockets,118,Phoenix Suns,109
Sun Mar 3 2024,Philadelphia 76ers,120,Dallas Mavericks,116
Sun Mar 3 2024,Golden State Warriors,88,Boston Celtics,140
Sun Mar 3 2024,Los Angeles Clippers,89,Minnesota Timberwolves,88
Sun Mar 3 2024,Detroit Pistons,91,Orlando Magic,113
Sun Mar 3 2024,Charlotte Hornets,106,Toronto Raptors,111
Sun Mar 3 2024,New York Knicks,107,Cleveland Cavaliers,98
Sun Mar 3 2024,Indiana Pacers,105,San Antonio Spurs,117
Sun Mar 3 2024,Oklahoma City Thunder,118,Phoenix Suns,110
Mon Mar 4 2024,Memphis Grizzlies,106,Brooklyn Nets,102
Mon Mar 4 2024,Los Angeles Clippers,106,Milwaukee Bucks,113
Mon Mar 4 2024,Portland Trail Blazers,114,Minnesota Timberwolves,119
Mon Mar 4 2024,Washington Wizards,115,Utah Jazz,127
Mon Mar 4 2024,Chicago Bulls,113,Sacramento Kings,109
Mon Mar 4 2024,Oklahoma City Thunder,104,Los Angeles Lakers,116
Tue Mar 5 2024,Orlando Magic,101,Charlotte Hornets,89
Tue Mar 5 2024,Philadelphia 76ers,107,Brooklyn Nets,112
Tue Mar 5 2024,Boston Celtics,104,Cleveland Cavaliers,105
Tue Mar 5 2024,Detroit Pistons,110,Miami Heat,118
Tue Mar 5 2024,Atlanta Hawks,116,New York Knicks,100
Tue Mar 5 2024,New Orleans Pelicans,139,Toronto Raptors,98
Tue Mar 5 2024,San Antonio Spurs,101,Houston Rockets,114
Tue Mar 5 2024,Indiana Pacers,137,Dallas Mavericks,120
Tue Mar 5 2024,Phoenix Suns,117,Denver Nuggets,107
Wed Mar 6 2024,Orlando Magic,119,Washington Wizards,109
Wed Mar 6 2024,Cleveland Cavaliers,101,Atlanta Hawks,112
Wed Mar 6 2024,Los Angeles Clippers,122,Houston Rockets,116
Wed Mar 6 2024,Memphis Grizzlies,115,Philadelphia 76ers,109
Wed Mar 6 2024,Chicago Bulls,119,Utah Jazz,117
Wed Mar 6 2024,Milwaukee Bucks,90,Golden State Warriors,125
Wed Mar 6 2024,Oklahoma City Thunder,128,Portland Trail Blazers,120
Wed Mar 6 2024,Sacramento Kings,130,Los Angeles Lakers,120
Thu Mar 7 2024,Brooklyn Nets,112,Detroit Pistons,118
Thu Mar 7 2024,Minnesota Timberwolves,113,Indiana Pacers,111
Thu Mar 7 2024,Miami Heat,108,Dallas Mavericks,114
Thu Mar 7 2024,Toronto Raptors,113,Phoenix Suns,120
Thu Mar 7 2024,Boston Celtics,109,Denver Nuggets,115
Thu Mar 7 2024,Chicago Bulls,125,Golden State Warriors,122
Thu Mar 7 2024,San Antonio Spurs,129,Sacramento Kings,131
Fri Mar 8 2024,New Orleans Pelicans,103,Philadelphia 76ers,95
Fri Mar 8 2024,Charlotte Hornets,100,Washington Wizards,112
Fri Mar 8 2024,Minnesota Timberwolves,104,Cleveland Cavaliers,113
Fri Mar 8 2024,Orlando Magic,74,New York Knicks,98
Fri Mar 8 2024,Atlanta Hawks,99,Memphis Grizzlies,92
Fri Mar 8 2024,Miami Heat,100,Oklahoma City Thunder,107
Fri Mar 8 2024,Milwaukee Bucks,122,Los Angeles Lakers,123
Fri Mar 8 2024,Houston Rockets,123,Portland Trail Blazers,107
Sat Mar 9 2024,Chicago Bulls,102,Los Angeles Clippers,112
Sat Mar 9 2024,Brooklyn Nets,99,Charlotte Hornets,110
Sat Mar 9 2024,Dallas Mavericks,142,Detroit Pistons,124
Sat Mar 9 2024,San Antonio Spurs,126,Golden State Warriors,113
Sat Mar 9 2024,Boston Celtics,117,Phoenix Suns,107
Sat Mar 9 2024,Utah Jazz,121,Denver Nuggets,142
Sat Mar 9 2024,Toronto Raptors,118,Portland Trail Blazers,128
Sun Mar 10 2024,Milwaukee Bucks,124,Los Angeles Clippers,117
Sun Mar 10 2024,New Orleans Pelicans,116,Atlanta Hawks,103
Sun Mar 10 2024,Washington Wizards,110,Miami Heat,108
Sun Mar 10 2024,Indiana Pacers,111,Orlando Magic,97
Sun Mar 10 2024,Houston Rockets,112,Sacramento Kings,104
Sun Mar 10 2024,Brooklyn Nets,120,Cleveland Cavaliers,101
Sun Mar 10 2024,Philadelphia 76ers,79,New York Knicks,73
Sun Mar 10 2024,Memphis Grizzlies,93,Oklahoma City Thunder,124
Sun Mar 10 2024,Minnesota Timberwolves,109,Los Angeles Lakers,120
Mon Mar 11 2024,Charlotte Hornets,97,Detroit Pistons,114
Mon Mar 11 2024,Phoenix Suns,117,Cleveland Cavaliers,111
Mon Mar 11 2024,Dallas Mavericks,127,Chicago Bulls,92
Mon Mar 11 2024,Golden State Warriors,112,San Antonio Spurs,102
Mon Mar 11 2024,Toronto Raptors,119,Denver Nuggets,125
Mon Mar 11 2024,Boston Celtics,121,Portland Trail Blazers,99
Tue Mar 12 2024,Philadelphia 76ers,79,New York Knicks,106
Tue Mar 12 2024,Washington Wizards,97,Memphis Grizzlies,109
Tue Mar 12 2024,Indiana Pacers,121,Oklahoma City Thunder,111
Tue Mar 12 2024,Houston Rockets,103,San Antonio Spurs,101
Tue Mar 12 2024,Boston Celtics,123,Utah Jazz,107
Tue Mar 12 2024,Minnesota Timberwolves,118,Los Angeles Clippers,100
Tue Mar 12 2024,Milwaukee Bucks,94,Sacramento Kings,129
Wed Mar 13 2024,Toronto Raptors,104,Detroit Pistons,113
Wed Mar 13 2024,Brooklyn Nets,106,Orlando Magic,114
Wed Mar 13 2024,Chicago Bulls,132,Indiana Pacers,129
Wed Mar 13 2024,Denver Nuggets,100,Miami Heat,88
Wed Mar 13 2024,Charlotte Hornets,110,Memphis Grizzlies,98
Wed Mar 13 2024,Cleveland Cavaliers,116,New Orleans Pelicans,95
Wed Mar 13 2024,Golden State Warriors,99,Dallas Mavericks,109
Wed Mar 13 2024,Atlanta Hawks,102,Portland Trail Blazers,106
Wed Mar 13 2024,Los Angeles Lakers,107,Sacramento Kings,120
Thu Mar 14 2024,Phoenix Suns,112,Boston Celtics,127
Thu Mar 14 2024,Los Angeles Clippers,126,Chicago Bulls,111
Thu Mar 14 2024,Washington Wizards,119,Houston Rockets,135
Thu Mar 14 2024,Philadelphia 76ers,105,Milwaukee Bucks,114
Thu Mar 14 2024,Dallas Mavericks,119,Oklahoma City Thunder,126
Thu Mar 14 2024,New York Knicks,105,Portland Trail Blazers,93
Fri Mar 15 2024,Phoenix Suns,107,Charlotte Hornets,96
Fri Mar 15 2024,Miami Heat,108,Detroit Pistons,95
Fri Mar 15 2024,Orlando Magic,113,Toronto Raptors,103
Fri Mar 15 2024,Los Angeles Clippers,104,New Orleans Pelicans,112
Fri Mar 15 2024,Denver Nuggets,117,San Antonio Spurs,106
Fri Mar 15 2024,Atlanta Hawks,122,Utah Jazz,124
Sat Mar 16 2024,Cleveland Cavaliers,103,Houston Rockets,117
Sat Mar 16 2024,Brooklyn Nets,100,Indiana Pacers,121
Sat Mar 16 2024,Portland Trail Blazers,107,New Orleans Pelicans,126
Sat Mar 16 2024,Charlotte Hornets,98,Philadelphia 76ers,109
Sat Mar 16 2024,Washington Wizards,98,Chicago Bulls,127
Sat Mar 16 2024,Oklahoma City Thunder,118,Memphis Grizzlies,112
Sat Mar 16 2024,Golden State Warriors,128,Los Angeles Lakers,121
Sat Mar 16 2024,Minnesota Timberwolves,119,Utah Jazz,100
Sat Mar 16 2024,New York Knicks,98,Sacramento Kings,91
Sun Mar 17 2024,Phoenix Suns,129,Milwaukee Bucks,140
Sun Mar 17 2024,Miami Heat,104,Detroit Pistons,101
Sun Mar 17 2024,Denver Nuggets,105,Dallas Mavericks,107
Sun Mar 17 2024,Toronto Raptors,96,Orlando Magic,111
Sun Mar 17 2024,Boston Celtics,130,Washington Wizards,104
Sun Mar 17 2024,Brooklyn Nets,115,San Antonio Spurs,122
Sun Mar 17 2024,Atlanta Hawks,110,Los Angeles Clippers,93
Mon Mar 18 2024,Cleveland Cavaliers,108,Indiana Pacers,103
Mon Mar 18 2024,Detroit Pistons,94,Boston Celtics,119
Mon Mar 18 2024,Miami Heat,91,Philadelphia 76ers,98
Mon Mar 18 2024,Portland Trail Blazers,107,Chicago Bulls,110
Mon Mar 18 2024,Minnesota Timberwolves,114,Utah Jazz,104
Mon Mar 18 2024,New York Knicks,119,Golden State Warriors,112
Mon Mar 18 2024,Memphis Grizzlies,111,Sacramento Kings,121
Mon Mar 18 2024,Atlanta Hawks,105,Los Angeles Lakers,136
Tue Mar 19 2024,Charlotte Hornets,92,Orlando Magic,112
Tue Mar 19 2024,Houston Rockets,137,Washington Wizards,114
Tue Mar 19 2024,New Orleans Pelicans,104,Brooklyn Nets,91
Tue Mar 19 2024,Dallas Mavericks,113,San Antonio Spurs,107
Tue Mar 19 2024,Denver Nuggets,115,Minnesota Timberwolves,112
Wed Mar 20 2024,Miami Heat,107,Cleveland Cavaliers,104
Wed Mar 20 2024,Indiana Pacers,122,Detroit Pistons,103
Wed Mar 20 2024,Milwaukee Bucks,119,Boston Celtics,122
Wed Mar 20 2024,Sacramento Kings,123,Toronto Raptors,89
Wed Mar 20 2024,Utah Jazz,107,Oklahoma City Thunder,119
Wed Mar 20 2024,Memphis Grizzlies,116,Golden State Warriors,137
Wed Mar 20 2024,Philadelphia 76ers,102,Phoenix Suns,115
Wed Mar 20 2024,Los Angeles Clippers,116,Portland Trail Blazers,103
Thu Mar 21 2024,New Orleans Pelicans,106,Orlando Magic,121
Thu Mar 21 2024,Sacramento Kings,102,Washington Wizards,109
Thu Mar 21 2024,Chicago Bulls,117,Houston Rockets,127
Thu Mar 21 2024,Brooklyn Nets,108,Milwaukee Bucks,115
Thu Mar 21 2024,Utah Jazz,97,Dallas Mavericks,113
Thu Mar 21 2024,New York Knicks,100,Denver Nuggets,113
Thu Mar 21 2024,Atlanta Hawks,115,Phoenix Suns,128
Fri Mar 22 2024,Boston Celtics,129,Detroit Pistons,102
Fri Mar 22 2024,Oklahoma City Thunder,123,Toronto Raptors,103
Fri Mar 22 2024,New Orleans Pelicans,111,Miami Heat,88
Fri Mar 22 2024,Cleveland Cavaliers,91,Minnesota Timberwolves,104
Fri Mar 22 2024,Memphis Grizzlies,99,San Antonio Spurs,97
Fri Mar 22 2024,Indiana Pacers,123,Golden State Warriors,111
Fri Mar 22 2024,Los Angeles Clippers,125,Portland Trail Blazers,117
Fri Mar 22 2024,Philadelphia 76ers,94,Los Angeles Lakers,101
Sat Mar 23 2024,Brooklyn Nets,93,New York Knicks,105
Sat Mar 23 2024,Sacramento Kings,109,Orlando Magic,107
Sat Mar 23 2024,Charlotte Hornets,91,Atlanta Hawks,132
Sat Mar 23 2024,Boston Celtics,124,Chicago Bulls,113
Sat Mar 23 2024,Utah Jazz,119,Houston Rockets,147
Sat Mar 23 2024,Phoenix Suns,131,San Antonio Spurs,106
Sat Mar 23 2024,Toronto Raptors,109,Washington Wizards,112
Sat Mar 23 2024,Denver Nuggets,114,Portland Trail Blazers,111
Sun Mar 24 2024,New Orleans Pelicans,114,Detroit Pistons,101
Sun Mar 24 2024,Philadelphia 76ers,121,Los Angeles Clippers,107
Sun Mar 24 2024,Cleveland Cavaliers,84,Miami Heat,121
Sun Mar 24 2024,Oklahoma City Thunder,93,Milwaukee Bucks,118
Sun Mar 24 2024,Golden State Warriors,110,Minnesota Timberwolves,114
Sun Mar 24 2024,Indiana Pacers,145,Los Angeles Lakers,150
Mon Mar 25 2024,Charlotte Hornets,92,Cleveland Cavaliers,115
Mon Mar 25 2024,Boston Celtics,118,Atlanta Hawks,120
Mon Mar 25 2024,Detroit Pistons,99,New York Knicks,124
Mon Mar 25 2024,Brooklyn Nets,96,Toronto Raptors,88
Mon Mar 25 2024,Washington Wizards,107,Chicago Bulls,105
Mon Mar 25 2024,Portland Trail Blazers,92,Houston Rockets,110
Mon Mar 25 2024,Phoenix Suns,102,San Antonio Spurs,104
Mon Mar 25 2024,Memphis Grizzlies,103,Denver Nuggets,128
Mon Mar 25 2024,Dallas Mavericks,115,Utah Jazz,105
Mon Mar 25 2024,Philadelphia 76ers,96,Sacramento Kings,108
Mon Mar 25 2024,Indiana Pacers,133,Los Angeles Clippers,116
Tue Mar 26 2024,Golden State Warriors,113,Miami Heat,92
Tue Mar 26 2024,Los Angeles Lakers,128,Milwaukee Bucks,124
Tue Mar 26 2024,Oklahoma City Thunder,119,New Orleans Pelicans,112
Tue Mar 26 2024,Dallas Mavericks,132,Sacramento Kings,96
Wed Mar 27 2024,Cleveland Cavaliers,111,Charlotte Hornets,118
Wed Mar 27 2024,Golden State Warriors,101,Orlando Magic,93
Wed Mar 27 2024,Brooklyn Nets,122,Washington Wizards,119
Wed Mar 27 2024,Portland Trail Blazers,106,Atlanta Hawks,120
Wed Mar 27 2024,Los Angeles Clippers,108,Philadelphia 76ers,107
Wed Mar 27 2024,New York Knicks,145,Toronto Raptors,101
Wed Mar 27 2024,Indiana Pacers,99,Chicago Bulls,125
Wed Mar 27 2024,Los Angeles Lakers,136,Memphis Grizzlies,124
Wed Mar 27 2024,Detroit Pistons,91,Minnesota Timberwolves,106
Wed Mar 27 2024,Houston Rockets,132,Oklahoma City Thunder,126
Wed Mar 27 2024,San Antonio Spurs,118,Utah Jazz,111
Wed Mar 27 2024,Phoenix Suns,104,Denver Nuggets,97
Thu Mar 28 2024,Boston Celtics,122,Atlanta Hawks,123
Thu Mar 28 2024,Milwaukee Bucks,100,New Orleans Pelicans,107
Fri Mar 29 2024,Golden State Warriors,115,Charlotte Hornets,97
Fri Mar 29 2024,Los Angeles Lakers,90,Indiana Pacers,109
Fri Mar 29 2024,Los Angeles Clippers,100,Orlando Magic,97
Fri Mar 29 2024,Detroit Pistons,96,Washington Wizards,87
Fri Mar 29 2024,Chicago Bulls,108,Brooklyn Nets,125
Fri Mar 29 2024,Philadelphia 76ers,114,Cleveland Cavaliers,117
Fri Mar 29 2024,Portland Trail Blazers,82,Miami Heat,142
Fri Mar 29 2024,Phoenix Suns,103,Oklahoma City Thunder,128
Fri Mar 29 2024,New York Knicks,126,San Antonio Spurs,130
Fri Mar 29 2024,Minnesota Timberwolves,111,Denver Nuggets,98
Fri Mar 29 2024,Houston Rockets,101,Utah Jazz,100
Fri Mar 29 2024,Dallas Mavericks,107,Sacramento Kings,103
Sat Mar 30 2024,Boston Celtics,104,New Orleans Pelicans,92
Sat Mar 30 2024,Memphis Grizzlies,88,Orlando Magic,118
Sat Mar 30 2024,Milwaukee Bucks,122,Atlanta Hawks,113
Sun Mar 31 2024,Cleveland Cavaliers,101,Denver Nuggets,130
Sun Mar 31 2024,Los Angeles Lakers,116,Brooklyn Nets,104
Sun Mar 31 2024,Los Angeles Clippers,130,Charlotte Hornets,118
Sun Mar 31 2024,Philadelphia 76ers,135,Toronto Raptors,120
Sun Mar 31 2024,Miami Heat,119,Washington Wizards,107
Sun Mar 31 2024,Dallas Mavericks,125,Houston Rockets,107
Sun Mar 31 2024,Chicago Bulls,109,Minnesota Timberwolves,101
Sun Mar 31 2024,Oklahoma City Thunder,113,New York Knicks,112
Sun Mar 31 2024,Golden State Warriors,117,San Antonio Spurs,113
Sun Mar 31 2024,Utah Jazz,106,Sacramento Kings,127
Mon Apr 1 2024,Boston Celtics,118,Charlotte Hornets,104
Mon Apr 1 2024,Memphis Grizzlies,110,Detroit Pistons,108
Mon Apr 1 2024,Brooklyn Nets,111,Indiana Pacers,133
Mon Apr 1 2024,Portland Trail Blazers,103,Orlando Magic,104
Mon Apr 1 2024,Atlanta Hawks,113,Chicago Bulls,101
Mon Apr 1 2024,Phoenix Suns,124,New Orleans Pelicans,111
Tue Apr 2 2024,Los Angeles Lakers,128,Toronto Raptors,111
Tue Apr 2 2024,Milwaukee Bucks,113,Washington Wizards,117
Tue Apr 2 2024,New York Knicks,99,Miami Heat,109
Tue Apr 2 2024,Oklahoma City Thunder,105,Philadelphia 76ers,109
Tue Apr 2 2024,Houston Rockets,106,Minnesota Timberwolves,113
Tue Apr 2 2024,San Antonio Spurs,105,Denver Nuggets,110
Tue Apr 2 2024,Cleveland Cavaliers,129,Utah Jazz,113
Tue Apr 2 2024,Dallas Mavericks,100,Golden State Warriors,104
Tue Apr 2 2024,Los Angeles Clippers,95,Sacramento Kings,109
Wed Apr 3 2024,Portland Trail Blazers,89,Charlotte Hornets,86
Wed Apr 3 2024,Los Angeles Lakers,125,Washington Wizards,120
Wed Apr 3 2024,Detroit Pistons,113,Atlanta Hawks,121
Wed Apr 3 2024,Oklahoma City Thunder,100,Boston Celtics,135
Wed Apr 3 2024,Indiana Pacers,111,Brooklyn Nets,115
Wed Apr 3 2024,Memphis Grizzlies,111,Milwaukee Bucks,101
Wed Apr 3 2024,Toronto Raptors,85,Minnesota Timberwolves,133
Wed Apr 3 2024,Orlando Magic,117,New Orleans Pelicans,108
Wed Apr 3 2024,Cleveland Cavaliers,101,Phoenix Suns,122
Thu Apr 4 2024,Atlanta Hawks,95,Dallas Mavericks,109
Thu Apr 4 2024,Philadelphia 76ers,109,Miami Heat,105
Thu Apr 4 2024,Sacramento Kings,109,New York Knicks,120
Thu Apr 4 2024,Golden State Warriors,133,Houston Rockets,110
Thu Apr 4 2024,Denver Nuggets,100,Los Angeles Clippers,102
Fri Apr 5 2024,Orlando Magic,115,Charlotte Hornets,124
Fri Apr 5 2024,Oklahoma City Thunder,112,Indiana Pacers,126
Fri Apr 5 2024,Portland Trail Blazers,108,Washington Wizards,102
Fri Apr 5 2024,Sacramento Kings,100,Boston Celtics,101
Fri Apr 5 2024,New York Knicks,100,Chicago Bulls,108
Fri Apr 5 2024,Miami Heat,119,Houston Rockets,104
Fri Apr 5 2024,Detroit Pistons,90,Memphis Grizzlies,108
Fri Apr 5 2024,Toronto Raptors,117,Milwaukee Bucks,111
Fri Apr 5 2024,San Antonio Spurs,111,New Orleans Pelicans,109
Fri Apr 5 2024,Golden State Warriors,106,Dallas Mavericks,108
Fri Apr 5 2024,Minnesota Timberwolves,87,Phoenix Suns,97
Fri Apr 5 2024,Utah Jazz,102,Los Angeles Clippers,131
Sat Apr 6 2024,Cleveland Cavaliers,97,Los Angeles Lakers,116
Sat Apr 6 2024,Detroit Pistons,103,Brooklyn Nets,113
Sat Apr 6 2024,Philadelphia 76ers,116,Memphis Grizzlies,96
Sat Apr 6 2024,Atlanta Hawks,110,Denver Nuggets,142
Sun Apr 7 2024,Houston Rockets,136,Dallas Mavericks,147
Sun Apr 7 2024,Cleveland Cavaliers,118,Los Angeles Clippers,120
Sun Apr 7 2024,Miami Heat,115,Indiana Pacers,117
Sun Apr 7 2024,Portland Trail Blazers,107,Boston Celtics,124
Sun Apr 7 2024,Oklahoma City Thunder,121,Charlotte Hornets,118
Sun Apr 7 2024,Chicago Bulls,98,Orlando Magic,113
Sun Apr 7 2024,New Orleans Pelicans,113,Phoenix Suns,105
Sun Apr 7 2024,Washington Wizards,122,Toronto Raptors,130
Sun Apr 7 2024,New York Knicks,122,Milwaukee Bucks,109
Sun Apr 7 2024,Philadelphia 76ers,133,San Antonio Spurs,126
Sun Apr 7 2024,Sacramento Kings,107,Brooklyn Nets,77
Sun Apr 7 2024,Utah Jazz,110,Golden State Warriors,118
Sun Apr 7 2024,Minnesota Timberwolves,127,Los Angeles Lakers,117
Tue Apr 9 2024,Dallas Mavericks,130,Charlotte Hornets,104
Tue Apr 9 2024,Detroit Pistons,102,Philadelphia 76ers,120
Tue Apr 9 2024,Indiana Pacers,140,Toronto Raptors,123
Tue Apr 9 2024,Miami Heat,117,Atlanta Hawks,111
Tue Apr 9 2024,Boston Celtics,91,Milwaukee Bucks,104
Tue Apr 9 2024,New York Knicks,128,Chicago Bulls,117
Tue Apr 9 2024,Orlando Magic,106,Houston Rockets,118
Tue Apr 9 2024,San Antonio Spurs,102,Memphis Grizzlies,87
Tue Apr 9 2024,Washington Wizards,121,Minnesota Timberwolves,130
Tue Apr 9 2024,Sacramento Kings,105,Oklahoma City Thunder,112
Tue Apr 9 2024,Denver Nuggets,111,Utah Jazz,95
Tue Apr 9 2024,Golden State Warriors,134,Los Angeles Lakers,120
Tue Apr 9 2024,Los Angeles Clippers,105,Phoenix Suns,92
Tue Apr 9 2024,New Orleans Pelicans,110,Portland Trail Blazers,100
Wed Apr 10 2024,Memphis Grizzlies,98,Cleveland Cavaliers,110
Wed Apr 10 2024,Charlotte Hornets,115,Atlanta Hawks,114
Wed Apr 10 2024,Toronto Raptors,102,Brooklyn Nets,106
Wed Apr 10 2024,Dallas Mavericks,111,Miami Heat,92
Wed Apr 10 2024,Orlando Magic,99,Milwaukee Bucks,117
Wed Apr 10 2024,San Antonio Spurs,89,Oklahoma City Thunder,127
Wed Apr 10 2024,Minnesota Timberwolves,107,Denver Nuggets,116
Wed Apr 10 2024,Phoenix Suns,124,Los Angeles Clippers,108
Thu Apr 11 2024,Chicago Bulls,127,Detroit Pistons,105
Thu Apr 11 2024,New York Knicks,118,Boston Celtics,109
Thu Apr 11 2024,Houston Rockets,121,Utah Jazz,124
Thu Apr 11 2024,Golden State Warriors,100,Portland Trail Blazers,92
Thu Apr 11 2024,New Orleans Pelicans,135,Sacramento Kings,123
Fri Apr 12 2024,Orlando Magic,113,Philadelphia 76ers,125
Fri Apr 12 2024,Chicago Bulls,129,Washington Wizards,127
Fri Apr 12 2024,Charlotte Hornets,98,Boston Celtics,131
Fri Apr 12 2024,Indiana Pacers,120,Cleveland Cavaliers,129
Fri Apr 12 2024,Brooklyn Nets,107,New York Knicks,111
Fri Apr 12 2024,Los Angeles Lakers,123,Memphis Grizzlies,120
Fri Apr 12 2024,Toronto Raptors,103,Miami Heat,125
Fri Apr 12 2024,Atlanta Hawks,106,Minnesota Timberwolves,109
Fri Apr 12 2024,Milwaukee Bucks,107,Oklahoma City Thunder,125
Fri Apr 12 2024,Denver Nuggets,120,San Antonio Spurs,121
Fri Apr 12 2024,Detroit Pistons,107,Dallas Mavericks,89
Fri Apr 12 2024,New Orleans Pelicans,114,Golden State Warriors,109
Fri Apr 12 2024,Houston Rockets,116,Portland Trail Blazers,107
Fri Apr 12 2024,Utah Jazz,110,Los Angeles Clippers,109
Fri Apr 12 2024,Phoenix Suns,108,Sacramento Kings,107
Sun Apr 14 2024,Washington Wizards,122,Boston Celtics,132
Sun Apr 14 2024,Charlotte Hornets,120,Cleveland Cavaliers,110
Sun Apr 14 2024,Atlanta Hawks,115,Indiana Pacers,157
Sun Apr 14 2024,Toronto Raptors,103,Miami Heat,118
Sun Apr 14 2024,Chicago Bulls,119,New York Knicks,120
Sun Apr 14 2024,Milwaukee Bucks,88,Orlando Magic,113
Sun Apr 14 2024,Brooklyn Nets,86,Philadelphia 76ers,107
Sun Apr 14 2024,Utah Jazz,116,Golden State Warriors,123
Sun Apr 14 2024,Houston Rockets,116,Los Angeles Clippers,105
Sun Apr 14 2024,Denver Nuggets,126,Memphis Grizzlies,111
Sun Apr 14 2024,Phoenix Suns,125,Minnesota Timberwolves,106
Sun Apr 14 2024,Los Angeles Lakers,124,New Orleans Pelicans,108
Sun Apr 14 2024,Dallas Mavericks,86,Oklahoma City Thunder,135
Sun Apr 14 2024,Portland Trail Blazers,82,Sacramento Kings,121
Sun Apr 14 2024,Detroit Pistons,95,San Antonio Spurs,123
Tue Oct 22 2024,Minnesota Timberwolves,103,Los Angeles Lakers,110
Wed Oct 23 2024,Indiana Pacers,115,Detroit Pistons,109
Wed Oct 23 2024,Brooklyn Nets,116,Atlanta Hawks,120
Wed Oct 23 2024,Orlando Magic,116,Miami Heat,97
Wed Oct 23 2024,Milwaukee Bucks,124,Philadelphia 76ers,109
Wed Oct 23 2024,Cleveland Cavaliers,136,Toronto Raptors,106
Wed Oct 23 2024,Charlotte Hornets,110,Houston Rockets,105
Wed Oct 23 2024,Chicago Bulls,111,New Orleans Pelicans,123
Wed Oct 23 2024,Memphis Grizzlies,126,Utah Jazz,124
Wed Oct 23 2024,Phoenix Suns,116,Los Angeles Clippers,113
Wed Oct 23 2024,Golden State Warriors,140,Portland Trail Blazers,104
Thu Oct 24 2024,Boston Celtics,122,Washington Wizards,102
Thu Oct 24 2024,San Antonio Spurs,109,Dallas Mavericks,120
Thu Oct 24 2024,Minnesota Timberwolves,117,Sacramento Kings,115
Thu Oct 24 2024,Oklahoma City Thunder,102,Denver Nuggets,87
Fri Oct 25 2024,Brooklyn Nets,101,Orlando Magic,116
Fri Oct 25 2024,Philadelphia 76ers,107,Toronto Raptors,115
Fri Oct 25 2024,Charlotte Hornets,120,Atlanta Hawks,125
Fri Oct 25 2024,Detroit Pistons,101,Cleveland Cavaliers,113
Fri Oct 25 2024,Indiana Pacers,98,New York Knicks,123
Fri Oct 25 2024,Memphis Grizzlies,108,Houston Rockets,128
Fri Oct 25 2024,Chicago Bulls,133,Milwaukee Bucks,122
Fri Oct 25 2024,Golden State Warriors,127,Utah Jazz,86
Fri Oct 25 2024,Phoenix Suns,116,Los Angeles Lakers,123
Fri Oct 25 2024,New Orleans Pelicans,105,Portland Trail Blazers,103
Sat Oct 26 2024,Los Angeles Clippers,109,Denver Nuggets,104
Sat Oct 26 2024,Cleveland Cavaliers,135,Washington Wizards,116
Sat Oct 26 2024,Boston Celtics,124,Detroit Pistons,118
Sat Oct 26 2024,Miami Heat,114,Charlotte Hornets,106
Sat Oct 26 2024,Orlando Magic,111,Memphis Grizzlies,124
Sat Oct 26 2024,Toronto Raptors,101,Minnesota Timberwolves,112
Sat Oct 26 2024,Oklahoma City Thunder,114,Chicago Bulls,95
Sat Oct 26 2024,Houston Rockets,106,San Antonio Spurs,109
Sat Oct 26 2024,Dallas Mavericks,102,Phoenix Suns,114
Sat Oct 26 2024,Sacramento Kings,127,Los Angeles Lakers,131
Sun Oct 27 2024,Philadelphia 76ers,118,Indiana Pacers,114
Sun Oct 27 2024,New Orleans Pelicans,103,Portland Trail Blazers,125
Sun Oct 27 2024,Milwaukee Bucks,102,Brooklyn Nets,115
Sun Oct 27 2024,Atlanta Hawks,104,Oklahoma City Thunder,128
Sun Oct 27 2024,Los Angeles Clippers,112,Golden State Warriors,104
Mon Oct 28 2024,Indiana Pacers,115,Orlando Magic,119
Mon Oct 28 2024,Washington Wizards,121,Atlanta Hawks,119
Mon Oct 28 2024,Milwaukee Bucks,108,Boston Celtics,119
Mon Oct 28 2024,Denver Nuggets,127,Toronto Raptors,125
Mon Oct 28 2024,Detroit Pistons,98,Miami Heat,106
Mon Oct 28 2024,Cleveland Cavaliers,110,New York Knicks,104
Mon Oct 28 2024,Houston Rockets,106,San Antonio Spurs,101
Mon Oct 28 2024,Chicago Bulls,126,Memphis Grizzlies,123
Mon Oct 28 2024,Utah Jazz,102,Dallas Mavericks,110
Mon Oct 28 2024,Portland Trail Blazers,98,Sacramento Kings,111
Mon Oct 28 2024,Los Angeles Lakers,105,Phoenix Suns,109
Tue Oct 29 2024,Denver Nuggets,144,Brooklyn Nets,139
Tue Oct 29 2024,Dallas Mavericks,120,Minnesota Timberwolves,114
Tue Oct 29 2024,Sacramento Kings,113,Utah Jazz,96
Tue Oct 29 2024,New Orleans Pelicans,106,Golden State Warriors,124
Wed Oct 30 2024,Detroit Pistons,105,Philadelphia 76ers,95
Wed Oct 30 2024,Atlanta Hawks,120,Washington Wizards,133
Wed Oct 30 2024,Boston Celtics,132,Indiana Pacers,135
Wed Oct 30 2024,Los Angeles Lakers,110,Cleveland Cavaliers,134
Wed Oct 30 2024,Toronto Raptors,133,Charlotte Hornets,138
Wed Oct 30 2024,New York Knicks,116,Miami Heat,107
Wed Oct 30 2024,Orlando Magic,99,Chicago Bulls,102
Wed Oct 30 2024,Brooklyn Nets,119,Memphis Grizzlies,106
Wed Oct 30 2024,San Antonio Spurs,93,Oklahoma City Thunder,105
Wed Oct 30 2024,New Orleans Pelicans,89,Golden State Warriors,104
Wed Oct 30 2024,Portland Trail Blazers,106,Los Angeles Clippers,105
Thu Oct 31 2024,Milwaukee Bucks,99,Memphis Grizzlies,122
Thu Oct 31 2024,Houston Rockets,108,Dallas Mavericks,102
Thu Oct 31 2024,San Antonio Spurs,106,Utah Jazz,88
Thu Oct 31 2024,Phoenix Suns,125,Los Angeles Clippers,119
Fri Nov 1 2024,Boston Celtics,124,Charlotte Hornets,109
Fri Nov 1 2024,Orlando Magic,109,Cleveland Cavaliers,120
Fri Nov 1 2024,New York Knicks,128,Detroit Pistons,98
Fri Nov 1 2024,Sacramento Kings,123,Atlanta Hawks,115
Fri Nov 1 2024,Chicago Bulls,112,Brooklyn Nets,120
Fri Nov 1 2024,Los Angeles Lakers,131,Toronto Raptors,125
Fri Nov 1 2024,Indiana Pacers,118,New Orleans Pelicans,125
Fri Nov 1 2024,Denver Nuggets,116,Minnesota Timberwolves,119
Fri Nov 1 2024,Oklahoma City Thunder,137,Portland Trail Blazers,114
Sat Nov 2 2024,Boston Celtics,113,Charlotte Hornets,103
Sat Nov 2 2024,Memphis Grizzlies,124,Philadelphia 76ers,107
Sat Nov 2 2024,Sacramento Kings,128,Toronto Raptors,131
Sat Nov 2 2024,Golden State Warriors,127,Houston Rockets,121
Sat Nov 2 2024,Cleveland Cavaliers,114,Milwaukee Bucks,113
Sat Nov 2 2024,Minnesota Timberwolves,103,San Antonio Spurs,113
Sat Nov 2 2024,Miami Heat,118,Washington Wizards,98
Sat Nov 2 2024,Utah Jazz,103,Denver Nuggets,129
Sat Nov 2 2024,Portland Trail Blazers,97,Phoenix Suns,103
Sat Nov 2 2024,Oklahoma City Thunder,105,Los Angeles Clippers,92
Sun Nov 3 2024,Detroit Pistons,106,Brooklyn Nets,92
Sun Nov 3 2024,Atlanta Hawks,126,New Orleans Pelicans,111
Sun Nov 3 2024,Orlando Magic,85,Dallas Mavericks,108
Mon Nov 4 2024,Milwaukee Bucks,114,Cleveland Cavaliers,116
Mon Nov 4 2024,Golden State Warriors,125,Washington Wizards,112
Mon Nov 4 2024,Los Angeles Lakers,103,Detroit Pistons,115
Mon Nov 4 2024,Boston Celtics,123,Atlanta Hawks,93
Mon Nov 4 2024,Memphis Grizzlies,104,Brooklyn Nets,106
Mon Nov 4 2024,Sacramento Kings,111,Miami Heat,110
Mon Nov 4 2024,Utah Jazz,135,Chicago Bulls,126
Mon Nov 4 2024,New York Knicks,97,Houston Rockets,109
Mon Nov 4 2024,Charlotte Hornets,93,Minnesota Timberwolves,114
Mon Nov 4 2024,Orlando Magic,86,Oklahoma City Thunder,102
Mon Nov 4 2024,Portland Trail Blazers,118,New Orleans Pelicans,100
Mon Nov 4 2024,Indiana Pacers,134,Dallas Mavericks,127
Mon Nov 4 2024,Toronto Raptors,119,Denver Nuggets,121
Mon Nov 4 2024,Philadelphia 76ers,116,Phoenix Suns,118
Mon Nov 4 2024,San Antonio Spurs,104,Los Angeles Clippers,113
Wed Nov 6 2024,Detroit Pistons,107,Charlotte Hornets,108
Wed Nov 6 2024,Orlando Magic,111,Indiana Pacers,118
Wed Nov 6 2024,New York Knicks,116,Atlanta Hawks,121
Wed Nov 6 2024,Golden State Warriors,118,Boston Celtics,112
Wed Nov 6 2024,San Antonio Spurs,100,Houston Rockets,127
Wed Nov 6 2024,Los Angeles Lakers,114,Memphis Grizzlies,131
Wed Nov 6 2024,Cleveland Cavaliers,131,New Orleans Pelicans,122
Wed Nov 6 2024,Chicago Bulls,99,Dallas Mavericks,119
Wed Nov 6 2024,Oklahoma City Thunder,122,Denver Nuggets,124
Wed Nov 6 2024,Miami Heat,112,Phoenix Suns,115
Wed Nov 6 2024,Philadelphia 76ers,98,Los Angeles Clippers,110
Wed Nov 6 2024,Toronto Raptors,107,Sacramento Kings,122
Thu Nov 7 2024,Minnesota Timberwolves,135,Chicago Bulls,119
Thu Nov 7 2024,Utah Jazz,100,Milwaukee Bucks,123
Thu Nov 7 2024,Portland Trail Blazers,105,San Antonio Spurs,118
Fri Nov 8 2024,Indiana Pacers,83,Charlotte Hornets,103
Fri Nov 8 2024,Atlanta Hawks,121,Detroit Pistons,122
Fri Nov 8 2024,New Orleans Pelicans,88,Orlando Magic,115
Fri Nov 8 2024,Brooklyn Nets,104,Boston Celtics,108
Fri Nov 8 2024,Golden State Warriors,117,Cleveland Cavaliers,136
Fri Nov 8 2024,Phoenix Suns,114,Dallas Mavericks,113
Fri Nov 8 2024,Milwaukee Bucks,94,New York Knicks,116
Fri Nov 8 2024,Washington Wizards,104,Memphis Grizzlies,128
Fri Nov 8 2024,Houston Rockets,107,Oklahoma City Thunder,126
Fri Nov 8 2024,Miami Heat,122,Denver Nuggets,135
Fri Nov 8 2024,Portland Trail Blazers,102,Minnesota Timberwolves,127
Fri Nov 8 2024,Philadelphia 76ers,106,Los Angeles Lakers,116
Fri Nov 8 2024,Los Angeles Clippers,107,Sacramento Kings,98
Sat Nov 9 2024,Utah Jazz,111,San Antonio Spurs,110
Sat Nov 9 2024,Chicago Bulls,125,Atlanta Hawks,113
Sat Nov 9 2024,Brooklyn Nets,100,Cleveland Cavaliers,105
Sat Nov 9 2024,Toronto Raptors,103,Los Angeles Clippers,105
Sun Nov 10 2024,Houston Rockets,101,Detroit Pistons,99
Sun Nov 10 2024,Boston Celtics,113,Milwaukee Bucks,107
Sun Nov 10 2024,New York Knicks,121,Indiana Pacers,132
Sun Nov 10 2024,Washington Wizards,94,Orlando Magic,121
Sun Nov 10 2024,Miami Heat,95,Minnesota Timberwolves,94
Sun Nov 10 2024,Golden State Warriors,127,Oklahoma City Thunder,116
Sun Nov 10 2024,Charlotte Hornets,105,Philadelphia 76ers,107
Sun Nov 10 2024,Dallas Mavericks,120,Denver Nuggets,122
Sun Nov 10 2024,Sacramento Kings,127,Phoenix Suns,118
Sun Nov 10 2024,Memphis Grizzlies,134,Portland Trail Blazers,89
Sun Nov 10 2024,Toronto Raptors,103,Los Angeles Lakers,123
Mon Nov 11 2024,Cleveland Cavaliers,119,Chicago Bulls,113
Mon Nov 11 2024,Washington Wizards,92,Houston Rockets,107
Mon Nov 11 2024,Brooklyn Nets,107,New Orleans Pelicans,105
Mon Nov 11 2024,Los Angeles Clippers,128,Oklahoma City Thunder,134
Mon Nov 11 2024,Sacramento Kings,96,San Antonio Spurs,116
Tue Nov 12 2024,Atlanta Hawks,117,Boston Celtics,116
Tue Nov 12 2024,Miami Heat,121,Detroit Pistons,123
Tue Nov 12 2024,Charlotte Hornets,89,Orlando Magic,114
Tue Nov 12 2024,New York Knicks,111,Philadelphia 76ers,99
Tue Nov 12 2024,Toronto Raptors,85,Milwaukee Bucks,99
Tue Nov 12 2024,Phoenix Suns,120,Utah Jazz,112
Tue Nov 12 2024,Dallas Mavericks,117,Golden State Warriors,120
Tue Nov 12 2024,Minnesota Timberwolves,108,Portland Trail Blazers,122
Wed Nov 13 2024,Indiana Pacers,90,Orlando Magic,94
Wed Nov 13 2024,Boston Celtics,139,Brooklyn Nets,114
Wed Nov 13 2024,Chicago Bulls,124,New York Knicks,123
Wed Nov 13 2024,New Orleans Pelicans,88,Oklahoma City Thunder,106
Wed Nov 13 2024,Cleveland Cavaliers,114,Philadelphia 76ers,106
Wed Nov 13 2024,Los Angeles Clippers,103,Houston Rockets,111
Wed Nov 13 2024,Detroit Pistons,120,Milwaukee Bucks,127
Wed Nov 13 2024,Washington Wizards,130,San Antonio Spurs,139
Wed Nov 13 2024,Memphis Grizzlies,123,Los Angeles Lakers,128
Wed Nov 13 2024,Minnesota Timberwolves,98,Portland Trail Blazers,106
Wed Nov 13 2024,Phoenix Suns,104,Sacramento Kings,127
Thu Nov 14 2024,Dallas Mavericks,113,Utah Jazz,115
Fri Nov 15 2024,Miami Heat,124,Indiana Pacers,111
Fri Nov 15 2024,Philadelphia 76ers,86,Orlando Magic,98
Fri Nov 15 2024,Detroit Pistons,99,Toronto Raptors,95
Fri Nov 15 2024,Washington Wizards,117,Atlanta Hawks,129
Fri Nov 15 2024,Chicago Bulls,126,Cleveland Cavaliers,144
Fri Nov 15 2024,Brooklyn Nets,122,New York Knicks,124
Fri Nov 15 2024,Los Angeles Lakers,120,San Antonio Spurs,115
Fri Nov 15 2024,Los Angeles Clippers,104,Houston Rockets,125
Fri Nov 15 2024,Denver Nuggets,94,New Orleans Pelicans,101
Fri Nov 15 2024,Phoenix Suns,83,Oklahoma City Thunder,99
Fri Nov 15 2024,Memphis Grizzlies,118,Golden State Warriors,123
Fri Nov 15 2024,Minnesota Timberwolves,130,Sacramento Kings,126
Sat Nov 16 2024,Milwaukee Bucks,114,Charlotte Hornets,115
Sat Nov 16 2024,Toronto Raptors,123,Boston Celtics,126
Sat Nov 16 2024,Los Angeles Lakers,104,New Orleans Pelicans,99
Sat Nov 16 2024,San Antonio Spurs,93,Dallas Mavericks,110
Sat Nov 16 2024,Utah Jazz,117,Sacramento Kings,121
Sun Nov 17 2024,Phoenix Suns,117,Minnesota Timberwolves,120
Sun Nov 17 2024,Miami Heat,110,Indiana Pacers,119
Sun Nov 17 2024,Charlotte Hornets,114,Cleveland Cavaliers,128
Sun Nov 17 2024,Denver Nuggets,90,Memphis Grizzlies,105
Sun Nov 17 2024,Atlanta Hawks,110,Portland Trail Blazers,114
Sun Nov 17 2024,Detroit Pistons,124,Washington Wizards,104
Sun Nov 17 2024,Houston Rockets,143,Chicago Bulls,107
Sun Nov 17 2024,Brooklyn Nets,104,New York Knicks,114
Sun Nov 17 2024,Dallas Mavericks,121,Oklahoma City Thunder,119
Sun Nov 17 2024,Utah Jazz,105,Los Angeles Clippers,116
Mon Nov 18 2024,Chicago Bulls,122,Detroit Pistons,112
Mon Nov 18 2024,Philadelphia 76ers,89,Miami Heat,106
Mon Nov 18 2024,Washington Wizards,106,New York Knicks,134
Mon Nov 18 2024,Indiana Pacers,119,Toronto Raptors,130
Mon Nov 18 2024,Houston Rockets,100,Milwaukee Bucks,101
Mon Nov 18 2024,Orlando Magic,109,Phoenix Suns,99
Mon Nov 18 2024,Atlanta Hawks,109,Sacramento Kings,108
Mon Nov 18 2024,Golden State Warriors,99,Los Angeles Clippers,102
Tue Nov 19 2024,Cleveland Cavaliers,117,Boston Celtics,120
Tue Nov 19 2024,Charlotte Hornets,115,Brooklyn Nets,116
Tue Nov 19 2024,Denver Nuggets,122,Memphis Grizzlies,110
Tue Nov 19 2024,New Orleans Pelicans,91,Dallas Mavericks,132
Tue Nov 19 2024,Oklahoma City Thunder,104,San Antonio Spurs,110
Tue Nov 19 2024,Utah Jazz,118,Los Angeles Lakers,124
Wed Nov 20 2024,New Orleans Pelicans,100,Cleveland Cavaliers,128
Wed Nov 20 2024,Chicago Bulls,106,Milwaukee Bucks,122
Wed Nov 20 2024,Indiana Pacers,113,Houston Rockets,130
Wed Nov 20 2024,Philadelphia 76ers,111,Memphis Grizzlies,117
Wed Nov 20 2024,Portland Trail Blazers,99,Oklahoma City Thunder,109
Wed Nov 20 2024,Atlanta Hawks,97,Golden State Warriors,120
Wed Nov 20 2024,New York Knicks,138,Phoenix Suns,122
Wed Nov 20 2024,Orlando Magic,93,Los Angeles Clippers,104
Thu Nov 21 2024,Detroit Pistons,121,Charlotte Hornets,123
Thu Nov 21 2024,Minnesota Timberwolves,105,Toronto Raptors,110
Thu Nov 21 2024,Utah Jazz,118,San Antonio Spurs,126
Thu Nov 21 2024,Orlando Magic,119,Los Angeles Lakers,118
Fri Nov 22 2024,Brooklyn Nets,98,Philadelphia 76ers,113
Fri Nov 22 2024,Boston Celtics,108,Washington Wizards,96
Fri Nov 22 2024,Golden State Warriors,112,New Orleans Pelicans,108
Fri Nov 22 2024,Atlanta Hawks,122,Chicago Bulls,136
Fri Nov 22 2024,Portland Trail Blazers,88,Houston Rockets,116
Fri Nov 22 2024,Indiana Pacers,117,Milwaukee Bucks,129
Fri Nov 22 2024,Dallas Mavericks,123,Denver Nuggets,120
Fri Nov 22 2024,Sacramento Kings,88,Los Angeles Clippers,104
Sat Nov 23 2024,New York Knicks,106,Utah Jazz,121
Sat Nov 23 2024,Detroit Pistons,100,Orlando Magic,111
Sat Nov 23 2024,Memphis Grizzlies,142,Chicago Bulls,131
Sat Nov 23 2024,Portland Trail Blazers,104,Houston Rockets,98
Sat Nov 23 2024,Charlotte Hornets,119,Milwaukee Bucks,125
Sat Nov 23 2024,Golden State Warriors,94,San Antonio Spurs,104
Sat Nov 23 2024,Denver Nuggets,127,Los Angeles Lakers,102
Sun Nov 24 2024,Minnesota Timberwolves,105,Boston Celtics,107
Sun Nov 24 2024,Washington Wizards,103,Indiana Pacers,115
Sun Nov 24 2024,Dallas Mavericks,118,Miami Heat,123
Sun Nov 24 2024,Los Angeles Clippers,125,Philadelphia 76ers,99
Sun Nov 24 2024,Toronto Raptors,108,Cleveland Cavaliers,122
Sun Nov 24 2024,Brooklyn Nets,108,Sacramento Kings,103
Mon Nov 25 2024,Orlando Magic,95,Charlotte Hornets,84
Mon Nov 25 2024,Toronto Raptors,100,Detroit Pistons,102
Mon Nov 25 2024,New Orleans Pelicans,110,Indiana Pacers,114
Mon Nov 25 2024,Dallas Mavericks,129,Atlanta Hawks,119
Mon Nov 25 2024,Los Angeles Clippers,94,Boston Celtics,126
Mon Nov 25 2024,Portland Trail Blazers,98,Memphis Grizzlies,123
Mon Nov 25 2024,New York Knicks,145,Denver Nuggets,118
Mon Nov 25 2024,Brooklyn Nets,128,Golden State Warriors,120
Mon Nov 25 2024,Oklahoma City Thunder,130,Sacramento Kings,109
Tue Nov 26 2024,Chicago Bulls,127,Washington Wizards,108
Tue Nov 26 2024,Milwaukee Bucks,106,Miami Heat,103
Tue Nov 26 2024,Houston Rockets,117,Minnesota Timberwolves,111
Tue Nov 26 2024,San Antonio Spurs,128,Utah Jazz,115
Tue Nov 26 2024,Los Angeles Lakers,100,Phoenix Suns,127
Wed Nov 27 2024,Miami Heat,98,Charlotte Hornets,94
Wed Nov 27 2024,Atlanta Hawks,135,Cleveland Cavaliers,124
Wed Nov 27 2024,Portland Trail Blazers,114,Indiana Pacers,121
Wed Nov 27 2024,Chicago Bulls,119,Orlando Magic,133
Wed Nov 27 2024,Houston Rockets,122,Philadelphia 76ers,115
Wed Nov 27 2024,Los Angeles Clippers,121,Washington Wizards,96
Wed Nov 27 2024,New York Knicks,114,Dallas Mavericks,129
Wed Nov 27 2024,Detroit Pistons,111,Memphis Grizzlies,131
Wed Nov 27 2024,Sacramento Kings,115,Minnesota Timberwolves,104
Wed Nov 27 2024,Toronto Raptors,119,New Orleans Pelicans,93
Wed Nov 27 2024,Los Angeles Lakers,119,San Antonio Spurs,101
Wed Nov 27 2024,Brooklyn Nets,127,Phoenix Suns,117
Wed Nov 27 2024,Denver Nuggets,122,Utah Jazz,103
Wed Nov 27 2024,Oklahoma City Thunder,105,Golden State Warriors,101
Fri Nov 29 2024,New York Knicks,99,Charlotte Hornets,98
Fri Nov 29 2024,Cleveland Cavaliers,101,Atlanta Hawks,117
Fri Nov 29 2024,New Orleans Pelicans,109,Memphis Grizzlies,120
Fri Nov 29 2024,Orlando Magic,123,Brooklyn Nets,100
Fri Nov 29 2024,Los Angeles Clippers,92,Minnesota Timberwolves,93
Fri Nov 29 2024,Boston Celtics,138,Chicago Bulls,129
Fri Nov 29 2024,Detroit Pistons,130,Indiana Pacers,106
Fri Nov 29 2024,Toronto Raptors,111,Miami Heat,121
Fri Nov 29 2024,Oklahoma City Thunder,101,Los Angeles Lakers,93
Fri Nov 29 2024,Sacramento Kings,106,Portland Trail Blazers,115
Sat Nov 30 2024,Atlanta Hawks,107,Charlotte Hornets,104
Sat Nov 30 2024,Philadelphia 76ers,111,Detroit Pistons,96
Sat Nov 30 2024,Washington Wizards,114,Milwaukee Bucks,124
Sat Nov 30 2024,Golden State Warriors,105,Phoenix Suns,113
Sat Nov 30 2024,Dallas Mavericks,106,Utah Jazz,94
Sun Dec 1 2024,Orlando Magic,100,Brooklyn Nets,92
Sun Dec 1 2024,Indiana Pacers,121,Memphis Grizzlies,136
Sun Dec 1 2024,Boston Celtics,111,Cleveland Cavaliers,115
Sun Dec 1 2024,New Orleans Pelicans,85,New York Knicks,118
Sun Dec 1 2024,Miami Heat,116,Toronto Raptors,119
Sun Dec 1 2024,Oklahoma City Thunder,116,Houston Rockets,119
Sun Dec 1 2024,Los Angeles Lakers,105,Utah Jazz,104
Sun Dec 1 2024,Dallas Mavericks,137,Portland Trail Blazers,131
Sun Dec 1 2024,San Antonio Spurs,127,Sacramento Kings,125
Sun Dec 1 2024,Denver Nuggets,122,Los Angeles Clippers,126
Mon Dec 2 2024,New Orleans Pelicans,112,Atlanta Hawks,124
Mon Dec 2 2024,Miami Heat,89,Boston Celtics,108
Mon Dec 2 2024,Brooklyn Nets,102,Chicago Bulls,128
Mon Dec 2 2024,Los Angeles Lakers,80,Minnesota Timberwolves,109
Tue Dec 3 2024,Philadelphia 76ers,110,Charlotte Hornets,104
Tue Dec 3 2024,Washington Wizards,87,Cleveland Cavaliers,118
Tue Dec 3 2024,Milwaukee Bucks,128,Detroit Pistons,107
Tue Dec 3 2024,Orlando Magic,106,New York Knicks,121
Tue Dec 3 2024,Indiana Pacers,111,Toronto Raptors,122
Tue Dec 3 2024,Utah Jazz,106,Oklahoma City Thunder,133
Tue Dec 3 2024,Memphis Grizzlies,116,Dallas Mavericks,121
Tue Dec 3 2024,San Antonio Spurs,93,Phoenix Suns,104
Tue Dec 3 2024,Golden State Warriors,115,Denver Nuggets,119
Tue Dec 3 2024,Houston Rockets,111,Sacramento Kings,120
Tue Dec 3 2024,Portland Trail Blazers,105,Los Angeles Clippers,127
Wed Dec 4 2024,Detroit Pistons,120,Boston Celtics,130
Wed Dec 4 2024,Indiana Pacers,90,Brooklyn Nets,99
Wed Dec 4 2024,Los Angeles Lakers,93,Miami Heat,134
Wed Dec 4 2024,Orlando Magic,106,Philadelphia 76ers,102
Wed Dec 4 2024,Atlanta Hawks,119,Milwaukee Bucks,104
Wed Dec 4 2024,Minnesota Timberwolves,108,Los Angeles Clippers,80
Thu Dec 5 2024,Denver Nuggets,114,Cleveland Cavaliers,126
Thu Dec 5 2024,Dallas Mavericks,137,Washington Wizards,101
Thu Dec 5 2024,Charlotte Hornets,101,New York Knicks,125
Thu Dec 5 2024,Oklahoma City Thunder,129,Toronto Raptors,92
Thu Dec 5 2024,Sacramento Kings,110,Memphis Grizzlies,115
Thu Dec 5 2024,Phoenix Suns,124,New Orleans Pelicans,126
Thu Dec 5 2024,Chicago Bulls,139,San Antonio Spurs,124
Thu Dec 5 2024,Houston Rockets,93,Golden State Warriors,99
Fri Dec 6 2024,Orlando Magic,94,Philadelphia 76ers,102
Fri Dec 6 2024,Los Angeles Lakers,132,Atlanta Hawks,134
Fri Dec 6 2024,Milwaukee Bucks,105,Boston Celtics,111
Fri Dec 6 2024,Indiana Pacers,132,Chicago Bulls,123
Fri Dec 6 2024,Sacramento Kings,140,San Antonio Spurs,113
Fri Dec 6 2024,Minnesota Timberwolves,107,Golden State Warriors,90
Fri Dec 6 2024,Utah Jazz,141,Portland Trail Blazers,99
Sat Dec 7 2024,Cleveland Cavaliers,116,Charlotte Hornets,102
Sat Dec 7 2024,Oklahoma City Thunder,119,New Orleans Pelicans,109
Sat Dec 7 2024,Denver Nuggets,113,Washington Wizards,122
Sat Dec 7 2024,Detroit Pistons,120,New York Knicks,111
Sat Dec 7 2024,Dallas Mavericks,125,Toronto Raptors,118
Sat Dec 7 2024,Memphis Grizzlies,127,Boston Celtics,121
Sat Dec 7 2024,Phoenix Suns,111,Miami Heat,121
Sun Dec 8 2024,Philadelphia 76ers,108,Chicago Bulls,100
Sun Dec 8 2024,Milwaukee Bucks,118,Brooklyn Nets,113
Sun Dec 8 2024,Charlotte Hornets,113,Indiana Pacers,109
Sun Dec 8 2024,Denver Nuggets,141,Atlanta Hawks,111
Sun Dec 8 2024,Cleveland Cavaliers,113,Miami Heat,122
Sun Dec 8 2024,Phoenix Suns,110,Orlando Magic,115
Sun Dec 8 2024,New Orleans Pelicans,116,San Antonio Spurs,121
Sun Dec 8 2024,Memphis Grizzlies,140,Washington Wizards,112
Sun Dec 8 2024,Minnesota Timberwolves,106,Golden State Warriors,114
Sun Dec 8 2024,Houston Rockets,117,Los Angeles Clippers,106
Sun Dec 8 2024,Utah Jazz,97,Sacramento Kings,141
Sun Dec 8 2024,Portland Trail Blazers,98,Los Angeles Lakers,107
Mon Dec 9 2024,New York Knicks,113,Toronto Raptors,108
Tue Dec 10 2024,Orlando Magic,109,Milwaukee Bucks,114
Tue Dec 10 2024,Dallas Mavericks,104,Oklahoma City Thunder,118
Wed Dec 11 2024,Atlanta Hawks,108,New York Knicks,100
Wed Dec 11 2024,Golden State Warriors,90,Houston Rockets,91
Thu Dec 12 2024,Detroit Pistons,99,Boston Celtics,123
Thu Dec 12 2024,Toronto Raptors,104,Miami Heat,114
Thu Dec 12 2024,Sacramento Kings,111,New Orleans Pelicans,109
Fri Dec 13 2024,Washington Wizards,105,Cleveland Cavaliers,115
Fri Dec 13 2024,Indiana Pacers,121,Philadelphia 76ers,107
Fri Dec 13 2024,Charlotte Hornets,95,Chicago Bulls,109
Fri Dec 13 2024,Brooklyn Nets,119,Memphis Grizzlies,135
Fri Dec 13 2024,Los Angeles Lakers,87,Minnesota Timberwolves,97
Fri Dec 13 2024,Los Angeles Clippers,98,Denver Nuggets,120
Fri Dec 13 2024,Phoenix Suns,134,Utah Jazz,126
Fri Dec 13 2024,San Antonio Spurs,118,Portland Trail Blazers,116
Sat Dec 14 2024,Atlanta Hawks,102,Milwaukee Bucks,110
Sat Dec 14 2024,Houston Rockets,96,Oklahoma City Thunder,111
Sun Dec 15 2024,New Orleans Pelicans,104,Indiana Pacers,119
Sun Dec 15 2024,New York Knicks,100,Orlando Magic,91
Sun Dec 15 2024,Boston Celtics,112,Washington Wizards,98
Sun Dec 15 2024,Minnesota Timberwolves,106,San Antonio Spurs,92
Sun Dec 15 2024,Portland Trail Blazers,109,Phoenix Suns,116
Sun Dec 15 2024,Dallas Mavericks,143,Golden State Warriors,133
Sun Dec 15 2024,Memphis Grizzlies,110,Los Angeles Lakers,116
Mon Dec 16 2024,Philadelphia 76ers,121,Charlotte Hornets,108
Mon Dec 16 2024,Miami Heat,124,Detroit Pistons,125
Mon Dec 16 2024,Cleveland Cavaliers,130,Brooklyn Nets,101
Mon Dec 16 2024,Chicago Bulls,122,Toronto Raptors,121
Mon Dec 16 2024,Denver Nuggets,130,Sacramento Kings,129
Mon Dec 16 2024,Utah Jazz,107,Los Angeles Clippers,144
Tue Dec 17 2024,Milwaukee Bucks,97,Oklahoma City Thunder,81
Thu Dec 19 2024,Utah Jazz,126,Detroit Pistons,119
Thu Dec 19 2024,Oklahoma City Thunder,105,Orlando Magic,99
Thu Dec 19 2024,Charlotte Hornets,114,Washington Wizards,123
Thu Dec 19 2024,Chicago Bulls,117,Boston Celtics,108
Thu Dec 19 2024,Brooklyn Nets,101,Toronto Raptors,94
Thu Dec 19 2024,New Orleans Pelicans,113,Houston Rockets,133
Thu Dec 19 2024,Golden State Warriors,93,Memphis Grizzlies,144
Thu Dec 19 2024,Atlanta Hawks,126,San Antonio Spurs,133
Thu Dec 19 2024,Los Angeles Clippers,118,Dallas Mavericks,95
Thu Dec 19 2024,Indiana Pacers,120,Phoenix Suns,111
Thu Dec 19 2024,New York Knicks,133,Minnesota Timberwolves,107
Thu Dec 19 2024,Denver Nuggets,124,Portland Trail Blazers,126
Thu Dec 19 2024,Los Angeles Lakers,113,Sacramento Kings,100
Fri Dec 20 2024,Charlotte Hornets,98,Philadelphia 76ers,108
Fri Dec 20 2024,Milwaukee Bucks,101,Cleveland Cavaliers,124
Fri Dec 20 2024,Oklahoma City Thunder,104,Miami Heat,97
Sat Dec 21 2024,Los Angeles Lakers,103,Sacramento Kings,99
Sat Dec 21 2024,Miami Heat,114,Orlando Magic,121
Sat Dec 21 2024,Memphis Grizzlies,128,Atlanta Hawks,112
Sat Dec 21 2024,Utah Jazz,105,Brooklyn Nets,94
Sat Dec 21 2024,Boston Celtics,123,Chicago Bulls,98
Sat Dec 21 2024,Philadelphia 76ers,99,Cleveland Cavaliers,126
Sat Dec 21 2024,Washington Wizards,101,Milwaukee Bucks,112
Sat Dec 21 2024,Golden State Warriors,113,Minnesota Timberwolves,103
Sat Dec 21 2024,New York Knicks,104,New Orleans Pelicans,93
Sat Dec 21 2024,Los Angeles Clippers,97,Dallas Mavericks,113
Sat Dec 21 2024,Portland Trail Blazers,94,San Antonio Spurs,114
Sat Dec 21 2024,Detroit Pistons,133,Phoenix Suns,125
Sun Dec 22 2024,Indiana Pacers,122,Sacramento Kings,95
Sun Dec 22 2024,Houston Rockets,114,Toronto Raptors,110
Sun Dec 22 2024,Denver Nuggets,132,New Orleans Pelicans,129
Mon Dec 23 2024,Houston Rockets,114,Charlotte Hornets,101
Mon Dec 23 2024,Utah Jazz,113,Cleveland Cavaliers,124
Mon Dec 23 2024,Boston Celtics,104,Orlando Magic,108
Mon Dec 23 2024,San Antonio Spurs,106,Philadelphia 76ers,111
Mon Dec 23 2024,Minnesota Timberwolves,104,Atlanta Hawks,117
Mon Dec 23 2024,Brooklyn Nets,95,Miami Heat,110
Mon Dec 23 2024,Toronto Raptors,125,New York Knicks,139
Mon Dec 23 2024,Milwaukee Bucks,112,Chicago Bulls,91
Mon Dec 23 2024,Los Angeles Clippers,114,Memphis Grizzlies,110
Mon Dec 23 2024,Washington Wizards,105,Oklahoma City Thunder,123
Mon Dec 23 2024,Portland Trail Blazers,108,Dallas Mavericks,132
Mon Dec 23 2024,Phoenix Suns,90,Denver Nuggets,117
Mon Dec 23 2024,Indiana Pacers,111,Golden State Warriors,105
Mon Dec 23 2024,Detroit Pistons,117,Los Angeles Lakers,114
Wed Dec 25 2024,San Antonio Spurs,114,New York Knicks,117
Wed Dec 25 2024,Minnesota Timberwolves,105,Dallas Mavericks,99
Wed Dec 25 2024,Philadelphia 76ers,118,Boston Celtics,114
Wed Dec 25 2024,Los Angeles Lakers,115,Golden State Warriors,113
Wed Dec 25 2024,Denver Nuggets,100,Phoenix Suns,110
Thu Dec 26 2024,Oklahoma City Thunder,120,Indiana Pacers,114
Thu Dec 26 2024,Miami Heat,89,Orlando Magic,88
Thu Dec 26 2024,Charlotte Hornets,110,Washington Wizards,113
Thu Dec 26 2024,Chicago Bulls,133,Atlanta Hawks,141
Thu Dec 26 2024,Toronto Raptors,126,Memphis Grizzlies,155
Thu Dec 26 2024,Brooklyn Nets,111,Milwaukee Bucks,105
Thu Dec 26 2024,Houston Rockets,128,New Orleans Pelicans,111
Thu Dec 26 2024,Utah Jazz,120,Portland Trail Blazers,122
Thu Dec 26 2024,Detroit Pistons,114,Sacramento Kings,113
Fri Dec 27 2024,New York Knicks,108,Orlando Magic,85
Fri Dec 27 2024,Indiana Pacers,105,Boston Celtics,142
Fri Dec 27 2024,San Antonio Spurs,96,Brooklyn Nets,87
Fri Dec 27 2024,Minnesota Timberwolves,113,Houston Rockets,112
Fri Dec 27 2024,Memphis Grizzlies,132,New Orleans Pelicans,124
Fri Dec 27 2024,Cleveland Cavaliers,149,Denver Nuggets,135
Fri Dec 27 2024,Dallas Mavericks,98,Phoenix Suns,89
Fri Dec 27 2024,Golden State Warriors,92,Los Angeles Clippers,102
Sat Dec 28 2024,Miami Heat,110,Atlanta Hawks,120
Sat Dec 28 2024,Oklahoma City Thunder,106,Charlotte Hornets,94
Sat Dec 28 2024,New York Knicks,136,Washington Wizards,132
Sat Dec 28 2024,Milwaukee Bucks,111,Chicago Bulls,116
Sat Dec 28 2024,Phoenix Suns,105,Golden State Warriors,109
Sat Dec 28 2024,Detroit Pistons,121,Denver Nuggets,134
Sat Dec 28 2024,Philadelphia 76ers,114,Utah Jazz,111
Sat Dec 28 2024,Dallas Mavericks,122,Portland Trail Blazers,126
Sat Dec 28 2024,Sacramento Kings,122,Los Angeles Lakers,132
Sun Dec 29 2024,Brooklyn Nets,101,Orlando Magic,102
Sun Dec 29 2024,Indiana Pacers,123,Boston Celtics,114
Sun Dec 29 2024,Atlanta Hawks,136,Toronto Raptors,107
Sun Dec 29 2024,Miami Heat,104,Houston Rockets,100
Sun Dec 29 2024,Memphis Grizzlies,106,Oklahoma City Thunder,130
Sun Dec 29 2024,San Antonio Spurs,110,Minnesota Timberwolves,112
Mon Dec 30 2024,Chicago Bulls,115,Charlotte Hornets,108
Mon Dec 30 2024,New York Knicks,126,Washington Wizards,106
Mon Dec 30 2024,Los Angeles Clippers,116,New Orleans Pelicans,113
Mon Dec 30 2024,Denver Nuggets,132,Utah Jazz,121
Mon Dec 30 2024,Cleveland Cavaliers,113,Golden State Warriors,95
Mon Dec 30 2024,Philadelphia 76ers,125,Portland Trail Blazers,103
Mon Dec 30 2024,Dallas Mavericks,100,Sacramento Kings,110
Tue Dec 31 2024,Toronto Raptors,71,Boston Celtics,125
Tue Dec 31 2024,Milwaukee Bucks,120,Indiana Pacers,112
Tue Dec 31 2024,Los Angeles Clippers,86,San Antonio Spurs,122
Tue Dec 31 2024,Minnesota Timberwolves,105,Oklahoma City Thunder,113
Tue Dec 31 2024,Cleveland Cavaliers,122,Los Angeles Lakers,110
Tue Dec 31 2024,Memphis Grizzlies,117,Phoenix Suns,112
Wed Jan 1 2025,Orlando Magic,96,Detroit Pistons,105
Wed Jan 1 2025,Chicago Bulls,107,Washington Wizards,125
Wed Jan 1 2025,New Orleans Pelicans,108,Miami Heat,119
Wed Jan 1 2025,Utah Jazz,103,New York Knicks,119
Wed Jan 1 2025,Brooklyn Nets,113,Toronto Raptors,130
Wed Jan 1 2025,Dallas Mavericks,99,Houston Rockets,110
Wed Jan 1 2025,Atlanta Hawks,120,Denver Nuggets,139
Wed Jan 1 2025,Philadelphia 76ers,107,Sacramento Kings,113
Thu Jan 2 2025,Indiana Pacers,128,Miami Heat,115
Thu Jan 2 2025,Boston Celtics,118,Minnesota Timberwolves,115
Thu Jan 2 2025,Brooklyn Nets,113,Milwaukee Bucks,110
Thu Jan 2 2025,Los Angeles Clippers,98,Oklahoma City Thunder,116
Thu Jan 2 2025,Philadelphia 76ers,105,Golden State Warriors,139
Thu Jan 2 2025,Portland Trail Blazers,106,Los Angeles Lakers,114
Fri Jan 3 2025,Charlotte Hornets,94,Detroit Pistons,98
Fri Jan 3 2025,Orlando Magic,106,Toronto Raptors,97
Fri Jan 3 2025,Boston Celtics,109,Houston Rockets,86
Fri Jan 3 2025,Washington Wizards,120,New Orleans Pelicans,132
Fri Jan 3 2025,New York Knicks,107,Oklahoma City Thunder,117
Fri Jan 3 2025,Cleveland Cavaliers,134,Dallas Mavericks,122
Fri Jan 3 2025,San Antonio Spurs,113,Denver Nuggets,110
Fri Jan 3 2025,Memphis Grizzlies,133,Sacramento Kings,138
Fri Jan 3 2025,Atlanta Hawks,102,Los Angeles Lakers,119
Sat Jan 4 2025,Philadelphia 76ers,123,Brooklyn Nets,94
Sat Jan 4 2025,Minnesota Timberwolves,105,Detroit Pistons,119
Sat Jan 4 2025,Phoenix Suns,108,Indiana Pacers,126
Sat Jan 4 2025,New York Knicks,126,Chicago Bulls,139
Sat Jan 4 2025,Utah Jazz,136,Miami Heat,100
Sat Jan 4 2025,Portland Trail Blazers,105,Milwaukee Bucks,102
Sat Jan 4 2025,Denver Nuggets,122,San Antonio Spurs,111
Sat Jan 4 2025,Memphis Grizzlies,113,Golden State Warriors,121
Sat Jan 4 2025,Atlanta Hawks,105,Los Angeles Clippers,131
Sun Jan 5 2025,Boston Celtics,92,Oklahoma City Thunder,105
Sun Jan 5 2025,Charlotte Hornets,105,Cleveland Cavaliers,115
Sun Jan 5 2025,New Orleans Pelicans,110,Washington Wizards,98
Sun Jan 5 2025,Utah Jazz,105,Orlando Magic,92
Sun Jan 5 2025,Los Angeles Lakers,115,Houston Rockets,119
Sun Jan 5 2025,Sacramento Kings,129,Golden State Warriors,99
Mon Jan 6 2025,Portland Trail Blazers,115,Detroit Pistons,118
Mon Jan 6 2025,Phoenix Suns,109,Philadelphia 76ers,99
Mon Jan 6 2025,Indiana Pacers,113,Brooklyn Nets,99
Mon Jan 6 2025,Orlando Magic,103,New York Knicks,94
Mon Jan 6 2025,Milwaukee Bucks,128,Toronto Raptors,104
Mon Jan 6 2025,San Antonio Spurs,110,Chicago Bulls,114
Mon Jan 6 2025,Dallas Mavericks,104,Memphis Grizzlies,119
Mon Jan 6 2025,Los Angeles Clippers,106,Minnesota Timberwolves,108
Mon Jan 6 2025,Miami Heat,118,Sacramento Kings,123
Tue Jan 7 2025,Phoenix Suns,104,Charlotte Hornets,115
Tue Jan 7 2025,Houston Rockets,135,Washington Wizards,112
Tue Jan 7 2025,Los Angeles Lakers,97,Dallas Mavericks,118
Tue Jan 7 2025,Minnesota Timberwolves,104,New Orleans Pelicans,97
Tue Jan 7 2025,Atlanta Hawks,124,Utah Jazz,121
Tue Jan 7 2025,Boston Celtics,118,Denver Nuggets,106
Tue Jan 7 2025,Miami Heat,114,Golden State Warriors,98
Wed Jan 8 2025,Oklahoma City Thunder,122,Cleveland Cavaliers,129
Wed Jan 8 2025,Chicago Bulls,113,Indiana Pacers,129
Wed Jan 8 2025,Washington Wizards,103,Philadelphia 76ers,109
Wed Jan 8 2025,Detroit Pistons,113,Brooklyn Nets,98
Wed Jan 8 2025,Toronto Raptors,98,New York Knicks,112
Wed Jan 8 2025,Portland Trail Blazers,119,New Orleans Pelicans,100
Wed Jan 8 2025,Los Angeles Clippers,103,Denver Nuggets,126
Wed Jan 8 2025,San Antonio Spurs,105,Milwaukee Bucks,121
Thu Jan 9 2025,Toronto Raptors,126,Cleveland Cavaliers,132
Thu Jan 9 2025,Golden State Warriors,107,Detroit Pistons,104
Thu Jan 9 2025,Minnesota Timberwolves,104,Orlando Magic,89
Thu Jan 9 2025,Portland Trail Blazers,111,Dallas Mavericks,117
Thu Jan 9 2025,Houston Rockets,119,Memphis Grizzlies,115
Thu Jan 9 2025,Atlanta Hawks,115,Phoenix Suns,123
Thu Jan 9 2025,Miami Heat,97,Utah Jazz,92
Fri Jan 10 2025,Golden State Warriors,96,Indiana Pacers,108
Fri Jan 10 2025,Milwaukee Bucks,109,Orlando Magic,106
Fri Jan 10 2025,New Orleans Pelicans,123,Philadelphia 76ers,115
Fri Jan 10 2025,Sacramento Kings,114,Boston Celtics,97
Fri Jan 10 2025,Oklahoma City Thunder,126,New York Knicks,101
Fri Jan 10 2025,Washington Wizards,105,Chicago Bulls,138
Fri Jan 10 2025,Brooklyn Nets,105,Denver Nuggets,124
Sat Jan 11 2025,Utah Jazz,106,Phoenix Suns,114
Sat Jan 11 2025,Toronto Raptors,114,Detroit Pistons,123
Sat Jan 11 2025,Memphis Grizzlies,127,Minnesota Timberwolves,125
Sat Jan 11 2025,Miami Heat,119,Portland Trail Blazers,98
Sun Jan 12 2025,Denver Nuggets,112,Dallas Mavericks,101
Sun Jan 12 2025,Milwaukee Bucks,106,New York Knicks,140
Sun Jan 12 2025,Sacramento Kings,124,Chicago Bulls,119
Sun Jan 12 2025,New Orleans Pelicans,119,Boston Celtics,120
Sun Jan 12 2025,Indiana Pacers,108,Cleveland Cavaliers,93
Sun Jan 12 2025,Philadelphia 76ers,99,Orlando Magic,104
Sun Jan 12 2025,Oklahoma City Thunder,136,Washington Wizards,95
Sun Jan 12 2025,Brooklyn Nets,111,Utah Jazz,112
Sun Jan 12 2025,Charlotte Hornets,113,Phoenix Suns,120
Mon Jan 13 2025,Minnesota Timberwolves,120,Washington Wizards,106
Mon Jan 13 2025,Detroit Pistons,124,New York Knicks,119
Mon Jan 13 2025,Golden State Warriors,101,Toronto Raptors,104
Mon Jan 13 2025,Memphis Grizzlies,118,Houston Rockets,120
Mon Jan 13 2025,Miami Heat,98,Los Angeles Clippers,109
Mon Jan 13 2025,San Antonio Spurs,126,Los Angeles Lakers,102
Tue Jan 14 2025,Cleveland Cavaliers,127,Indiana Pacers,117
Tue Jan 14 2025,Oklahoma City Thunder,118,Philadelphia 76ers,102
Tue Jan 14 2025,Phoenix Suns,117,Atlanta Hawks,122
Tue Jan 14 2025,New Orleans Pelicans,119,Chicago Bulls,113
Tue Jan 14 2025,Sacramento Kings,115,Milwaukee Bucks,130
Tue Jan 14 2025,Denver Nuggets,118,Dallas Mavericks,99
Tue Jan 14 2025,Brooklyn Nets,132,Portland Trail Blazers,114
Wed Jan 15 2025,New York Knicks,125,Philadelphia 76ers,119
Wed Jan 15 2025,Boston Celtics,97,Toronto Raptors,110
Wed Jan 15 2025,Atlanta Hawks,110,Chicago Bulls,94
Wed Jan 15 2025,Orlando Magic,93,Milwaukee Bucks,122
Wed Jan 15 2025,Dallas Mavericks,116,New Orleans Pelicans,119
Wed Jan 15 2025,Memphis Grizzlies,129,San Antonio Spurs,115
Wed Jan 15 2025,Houston Rockets,128,Denver Nuggets,108
Wed Jan 15 2025,Charlotte Hornets,117,Utah Jazz,112
Wed Jan 15 2025,Golden State Warriors,116,Minnesota Timberwolves,115
Wed Jan 15 2025,Miami Heat,108,Los Angeles Lakers,117
Wed Jan 15 2025,Brooklyn Nets,67,Los Angeles Clippers,126
Thu Jan 16 2025,Indiana Pacers,111,Detroit Pistons,100
Thu Jan 16 2025,Phoenix Suns,130,Washington Wizards,123
Thu Jan 16 2025,Cleveland Cavaliers,114,Oklahoma City Thunder,134
Thu Jan 16 2025,Los Angeles Clippers,118,Portland Trail Blazers,89
Thu Jan 16 2025,Houston Rockets,127,Sacramento Kings,132
Fri Jan 17 2025,Orlando Magic,94,Boston Celtics,121
Fri Jan 17 2025,Minnesota Timberwolves,116,New York Knicks,99
Fri Jan 17 2025,Charlotte Hornets,125,Chicago Bulls,123
Fri Jan 17 2025,Denver Nuggets,133,Miami Heat,113
Fri Jan 17 2025,Toronto Raptors,112,Milwaukee Bucks,130
Fri Jan 17 2025,Utah Jazz,123,New Orleans Pelicans,136
Fri Jan 17 2025,Oklahoma City Thunder,98,Dallas Mavericks,106
Fri Jan 17 2025,Memphis Grizzlies,140,San Antonio Spurs,112
Fri Jan 17 2025,Brooklyn Nets,101,Los Angeles Lakers,102
Sat Jan 18 2025,Phoenix Suns,125,Detroit Pistons,121
Sat Jan 18 2025,Atlanta Hawks,119,Boston Celtics,115
Sat Jan 18 2025,Philadelphia 76ers,102,Indiana Pacers,115
Sat Jan 18 2025,Washington Wizards,114,Golden State Warriors,122
Sat Jan 18 2025,Cleveland Cavaliers,124,Minnesota Timberwolves,117
Sat Jan 18 2025,Houston Rockets,125,Portland Trail Blazers,103
Sun Jan 19 2025,San Antonio Spurs,107,Miami Heat,128
Sun Jan 19 2025,Denver Nuggets,113,Orlando Magic,100
Sun Jan 19 2025,Philadelphia 76ers,109,Milwaukee Bucks,123
Sun Jan 19 2025,Brooklyn Nets,101,Oklahoma City Thunder,127
Sun Jan 19 2025,Los Angeles Lakers,102,Los Angeles Clippers,116
Sun Jan 19 2025,Chicago Bulls,102,Portland Trail Blazers,113
Sun Jan 19 2025,Washington Wizards,100,Sacramento Kings,123
Mon Jan 20 2025,Dallas Mavericks,105,Charlotte Hornets,110
Mon Jan 20 2025,Detroit Pistons,107,Houston Rockets,96
Mon Jan 20 2025,Minnesota Timberwolves,106,Memphis Grizzlies,108
Mon Jan 20 2025,Atlanta Hawks,110,New York Knicks,119
Mon Jan 20 2025,Phoenix Suns,92,Cleveland Cavaliers,118
Mon Jan 20 2025,Boston Celtics,125,Golden State Warriors,85
Mon Jan 20 2025,Utah Jazz,119,New Orleans Pelicans,123
Mon Jan 20 2025,Chicago Bulls,112,Los Angeles Clippers,99
Tue Jan 21 2025,New York Knicks,99,Brooklyn Nets,95
Tue Jan 21 2025,Portland Trail Blazers,116,Miami Heat,107
Tue Jan 21 2025,Orlando Magic,93,Toronto Raptors,109
Tue Jan 21 2025,Philadelphia 76ers,109,Denver Nuggets,144
Tue Jan 21 2025,Washington Wizards,88,Los Angeles Lakers,111
Wed Jan 22 2025,Detroit Pistons,114,Atlanta Hawks,104
Wed Jan 22 2025,Phoenix Suns,108,Brooklyn Nets,84
Wed Jan 22 2025,Minnesota Timberwolves,115,Dallas Mavericks,114
Wed Jan 22 2025,Cleveland Cavaliers,108,Houston Rockets,109
Wed Jan 22 2025,Charlotte Hornets,120,Memphis Grizzlies,132
Wed Jan 22 2025,Utah Jazz,114,Oklahoma City Thunder,123
Wed Jan 22 2025,Golden State Warriors,117,Sacramento Kings,123
Wed Jan 22 2025,Boston Celtics,117,Los Angeles Clippers,113
Thu Jan 23 2025,San Antonio Spurs,140,Indiana Pacers,110
Thu Jan 23 2025,Portland Trail Blazers,101,Orlando Magic,79
Thu Jan 23 2025,Toronto Raptors,122,Atlanta Hawks,119
Thu Jan 23 2025,Dallas Mavericks,121,Oklahoma City Thunder,115
Thu Jan 23 2025,Miami Heat,96,Milwaukee Bucks,125
Thu Jan 23 2025,Sacramento Kings,123,Denver Nuggets,132
Thu Jan 23 2025,Chicago Bulls,106,Golden State Warriors,131
Thu Jan 23 2025,Boston Celtics,96,Los Angeles Lakers,117
Thu Jan 23 2025,Washington Wizards,93,Los Angeles Clippers,110
Fri Jan 24 2025,Portland Trail Blazers,102,Charlotte Hornets,97
Fri Jan 24 2025,Cleveland Cavaliers,129,Philadelphia 76ers,132
Fri Jan 24 2025,New Orleans Pelicans,126,Memphis Grizzlies,139
Sat Jan 25 2025,Indiana Pacers,136,San Antonio Spurs,98
Sat Jan 25 2025,Denver Nuggets,104,Minnesota Timberwolves,133
Sat Jan 25 2025,Boston Celtics,122,Dallas Mavericks,107
Sat Jan 25 2025,Miami Heat,106,Brooklyn Nets,97
Sat Jan 25 2025,New Orleans Pelicans,92,Charlotte Hornets,123
Sat Jan 25 2025,Detroit Pistons,113,Orlando Magic,121
Sat Jan 25 2025,Toronto Raptors,117,Atlanta Hawks,94
Sat Jan 25 2025,Houston Rockets,135,Cleveland Cavaliers,131
Sat Jan 25 2025,Sacramento Kings,120,New York Knicks,143
Sat Jan 25 2025,Philadelphia 76ers,109,Chicago Bulls,97
Sat Jan 25 2025,Utah Jazz,103,Memphis Grizzlies,125
Sat Jan 25 2025,Los Angeles Lakers,118,Golden State Warriors,108
Sat Jan 25 2025,Washington Wizards,109,Phoenix Suns,119
Sat Jan 25 2025,Milwaukee Bucks,117,Los Angeles Clippers,127
Sun Jan 26 2025,Oklahoma City Thunder,118,Portland Trail Blazers,108
Mon Jan 27 2025,Los Angeles Lakers,112,Charlotte Hornets,107
Mon Jan 27 2025,Detroit Pistons,91,Cleveland Cavaliers,110
Mon Jan 27 2025,Houston Rockets,114,Boston Celtics,112
Mon Jan 27 2025,Sacramento Kings,110,Brooklyn Nets,96
Mon Jan 27 2025,Orlando Magic,119,Miami Heat,125
Mon Jan 27 2025,Memphis Grizzlies,106,New York Knicks,143
Mon Jan 27 2025,New Orleans Pelicans,104,Toronto Raptors,113
Mon Jan 27 2025,Denver Nuggets,121,Chicago Bulls,129
Mon Jan 27 2025,Atlanta Hawks,92,Minnesota Timberwolves,100
Mon Jan 27 2025,Washington Wizards,108,Dallas Mavericks,130
Mon Jan 27 2025,Milwaukee Bucks,125,Utah Jazz,110
Mon Jan 27 2025,Los Angeles Clippers,109,Phoenix Suns,111
Tue Jan 28 2025,Houston Rockets,100,Atlanta Hawks,96
Tue Jan 28 2025,Los Angeles Lakers,104,Philadelphia 76ers,118
Tue Jan 28 2025,Utah Jazz,103,Golden State Warriors,114
Tue Jan 28 2025,Milwaukee Bucks,112,Portland Trail Blazers,125
Wed Jan 29 2025,Brooklyn Nets,104,Charlotte Hornets,83
Wed Jan 29 2025,Detroit Pistons,119,Indiana Pacers,133
Wed Jan 29 2025,Toronto Raptors,106,Washington Wizards,82
Wed Jan 29 2025,Chicago Bulls,100,Boston Celtics,122
Wed Jan 29 2025,Cleveland Cavaliers,126,Miami Heat,106
Wed Jan 29 2025,Denver Nuggets,112,New York Knicks,122
Wed Jan 29 2025,Sacramento Kings,104,Philadelphia 76ers,117
Wed Jan 29 2025,Dallas Mavericks,137,New Orleans Pelicans,136
Wed Jan 29 2025,Los Angeles Clippers,128,San Antonio Spurs,116
Wed Jan 29 2025,Minnesota Timberwolves,121,Phoenix Suns,113
Wed Jan 29 2025,Oklahoma City Thunder,109,Golden State Warriors,116
Thu Jan 30 2025,Atlanta Hawks,115,Cleveland Cavaliers,137
Thu Jan 30 2025,Los Angeles Lakers,134,Washington Wizards,96
Thu Jan 30 2025,Minnesota Timberwolves,138,Utah Jazz,113
Thu Jan 30 2025,Houston Rockets,119,Memphis Grizzlies,120
Thu Jan 30 2025,Orlando Magic,90,Portland Trail Blazers,119
Fri Jan 31 2025,Los Angeles Clippers,112,Charlotte Hornets,104
Fri Jan 31 2025,Dallas Mavericks,102,Detroit Pistons,117
Fri Jan 31 2025,Denver Nuggets,137,Philadelphia 76ers,134
Fri Jan 31 2025,Chicago Bulls,122,Toronto Raptors,106
Fri Jan 31 2025,Boston Celtics,118,New Orleans Pelicans,116
Fri Jan 31 2025,Milwaukee Bucks,118,San Antonio Spurs,144
Fri Jan 31 2025,Phoenix Suns,130,Golden State Warriors,105
Sat Feb 1 2025,Atlanta Hawks,127,Indiana Pacers,132
Sat Feb 1 2025,Orlando Magic,99,Utah Jazz,113
Sat Feb 1 2025,Denver Nuggets,107,Charlotte Hornets,104
Sat Feb 1 2025,Brooklyn Nets,110,Houston Rockets,98
Sat Feb 1 2025,Washington Wizards,105,Minnesota Timberwolves,103
Sat Feb 1 2025,Sacramento Kings,110,Oklahoma City Thunder,144
Sat Feb 1 2025,Los Angeles Lakers,128,New York Knicks,112
Sat Feb 1 2025,Miami Heat,105,San Antonio Spurs,103
Sat Feb 1 2025,Phoenix Suns,108,Portland Trail Blazers,127
Sun Feb 2 2025,Chicago Bulls,119,Detroit Pistons,127
Sun Feb 2 2025,Dallas Mavericks,101,Cleveland Cavaliers,144
Sun Feb 2 2025,Los Angeles Clippers,108,Toronto Raptors,115
Sun Feb 2 2025,Boston Celtics,118,Philadelphia 76ers,110
Sun Feb 2 2025,Memphis Grizzlies,132,Milwaukee Bucks,119
Mon Feb 3 2025,Washington Wizards,124,Charlotte Hornets,114
Mon Feb 3 2025,Atlanta Hawks,132,Detroit Pistons,130
Mon Feb 3 2025,Houston Rockets,118,New York Knicks,124
Mon Feb 3 2025,San Antonio Spurs,109,Memphis Grizzlies,128
Mon Feb 3 2025,Sacramento Kings,116,Minnesota Timberwolves,114
Mon Feb 3 2025,Milwaukee Bucks,96,Oklahoma City Thunder,125
Mon Feb 3 2025,New Orleans Pelicans,113,Denver Nuggets,125
Mon Feb 3 2025,Indiana Pacers,112,Utah Jazz,111
Mon Feb 3 2025,Orlando Magic,99,Golden State Warriors,104
Mon Feb 3 2025,Phoenix Suns,119,Portland Trail Blazers,121
Tue Feb 4 2025,Dallas Mavericks,116,Philadelphia 76ers,118
Tue Feb 4 2025,Houston Rockets,97,Brooklyn Nets,99
Tue Feb 4 2025,Boston Celtics,112,Cleveland Cavaliers,105
Tue Feb 4 2025,New York Knicks,121,Toronto Raptors,115
Tue Feb 4 2025,Miami Heat,124,Chicago Bulls,133
Tue Feb 4 2025,Los Angeles Lakers,122,Los Angeles Clippers,97
Tue Feb 4 2025,Indiana Pacers,89,Portland Trail Blazers,112
Wed Feb 5 2025,San Antonio Spurs,126,Atlanta Hawks,125
Wed Feb 5 2025,Milwaukee Bucks,112,Charlotte Hornets,102
Wed Feb 5 2025,Cleveland Cavaliers,118,Detroit Pistons,115
Wed Feb 5 2025,Washington Wizards,119,Brooklyn Nets,102
Wed Feb 5 2025,Miami Heat,108,Philadelphia 76ers,101
Wed Feb 5 2025,Memphis Grizzlies,138,Toronto Raptors,107
Wed Feb 5 2025,Chicago Bulls,108,Minnesota Timberwolves,127
Wed Feb 5 2025,New Orleans Pelicans,119,Denver Nuggets,144
Wed Feb 5 2025,Golden State Warriors,128,Utah Jazz,131
Wed Feb 5 2025,Phoenix Suns,109,Oklahoma City Thunder,140
Wed Feb 5 2025,Orlando Magic,130,Sacramento Kings,111
Thu Feb 6 2025,Dallas Mavericks,127,Boston Celtics,120
Thu Feb 6 2025,Houston Rockets,114,Minnesota Timberwolves,127
Thu Feb 6 2025,Orlando Magic,90,Denver Nuggets,112
Thu Feb 6 2025,Golden State Warriors,112,Los Angeles Lakers,120
Thu Feb 6 2025,Sacramento Kings,102,Portland Trail Blazers,108
Thu Feb 6 2025,Indiana Pacers,119,Los Angeles Clippers,112
Fri Feb 7 2025,San Antonio Spurs,116,Charlotte Hornets,117
Fri Feb 7 2025,Cleveland Cavaliers,134,Washington Wizards,124
Fri Feb 7 2025,Milwaukee Bucks,110,Atlanta Hawks,115
Fri Feb 7 2025,Miami Heat,86,Brooklyn Nets,102
Fri Feb 7 2025,Philadelphia 76ers,112,Detroit Pistons,125
Fri Feb 7 2025,Toronto Raptors,109,Oklahoma City Thunder,121
Fri Feb 7 2025,Utah Jazz,127,Phoenix Suns,135
Sat Feb 8 2025,Houston Rockets,105,Dallas Mavericks,116
Sat Feb 8 2025,Indiana Pacers,117,Los Angeles Lakers,124
Sat Feb 8 2025,San Antonio Spurs,111,Orlando Magic,112
Sat Feb 8 2025,Atlanta Hawks,125,Washington Wizards,111
Sat Feb 8 2025,Golden State Warriors,132,Chicago Bulls,111
Sat Feb 8 2025,Oklahoma City Thunder,125,Memphis Grizzlies,112
Sat Feb 8 2025,Portland Trail Blazers,98,Minnesota Timberwolves,114
Sat Feb 8 2025,Boston Celtics,131,New York Knicks,104
Sat Feb 8 2025,Denver Nuggets,122,Phoenix Suns,105
Sat Feb 8 2025,New Orleans Pelicans,118,Sacramento Kings,123
Sat Feb 8 2025,Utah Jazz,110,Los Angeles Clippers,130
Sun Feb 9 2025,Charlotte Hornets,102,Detroit Pistons,112
Sun Feb 9 2025,Toronto Raptors,87,Houston Rockets,94
Sun Feb 9 2025,Philadelphia 76ers,127,Milwaukee Bucks,135
Mon Feb 10 2025,Minnesota Timberwolves,107,Cleveland Cavaliers,128
Mon Feb 10 2025,Atlanta Hawks,112,Orlando Magic,106
Mon Feb 10 2025,San Antonio Spurs,131,Washington Wizards,121
Mon Feb 10 2025,Charlotte Hornets,89,Brooklyn Nets,97
Mon Feb 10 2025,Boston Celtics,103,Miami Heat,85
Mon Feb 10 2025,Golden State Warriors,125,Milwaukee Bucks,111
Mon Feb 10 2025,New Orleans Pelicans,101,Oklahoma City Thunder,137
Mon Feb 10 2025,Sacramento Kings,129,Dallas Mavericks,128
Mon Feb 10 2025,Portland Trail Blazers,117,Denver Nuggets,146
Mon Feb 10 2025,Utah Jazz,113,Los Angeles Lakers,132
Tue Feb 11 2025,Toronto Raptors,106,Philadelphia 76ers,103
Tue Feb 11 2025,New York Knicks,128,Indiana Pacers,115
Tue Feb 11 2025,Detroit Pistons,132,Chicago Bulls,92
Tue Feb 11 2025,Memphis Grizzlies,119,Phoenix Suns,112
Wed Feb 12 2025,San Antonio Spurs,103,Boston Celtics,116
Wed Feb 12 2025,Charlotte Hornets,86,Orlando Magic,102
Wed Feb 12 2025,Indiana Pacers,134,Washington Wizards,130
Wed Feb 12 2025,Philadelphia 76ers,96,Brooklyn Nets,100
Wed Feb 12 2025,Atlanta Hawks,148,New York Knicks,149
Wed Feb 12 2025,Cleveland Cavaliers,131,Toronto Raptors,108
Wed Feb 12 2025,Detroit Pistons,128,Chicago Bulls,110
Wed Feb 12 2025,Milwaukee Bucks,103,Minnesota Timberwolves,101
Wed Feb 12 2025,Sacramento Kings,119,New Orleans Pelicans,111
Wed Feb 12 2025,Miami Heat,101,Oklahoma City Thunder,115
Wed Feb 12 2025,Phoenix Suns,111,Houston Rockets,119
Wed Feb 12 2025,Portland Trail Blazers,121,Denver Nuggets,132
Wed Feb 12 2025,Los Angeles Lakers,119,Utah Jazz,131
Wed Feb 12 2025,Golden State Warriors,107,Dallas Mavericks,111
Wed Feb 12 2025,Memphis Grizzlies,114,Los Angeles Clippers,128
Thu Feb 13 2025,Golden State Warriors,105,Houston Rockets,98
Thu Feb 13 2025,Sacramento Kings,133,New Orleans Pelicans,140
Thu Feb 13 2025,Miami Heat,113,Dallas Mavericks,118
Thu Feb 13 2025,Oklahoma City Thunder,101,Minnesota Timberwolves,116
Thu Feb 13 2025,Los Angeles Clippers,120,Utah Jazz,116
Wed Feb 19 2025,Charlotte Hornets,100,Los Angeles Lakers,97
Thu Feb 20 2025,Memphis Grizzlies,113,Indiana Pacers,127
Thu Feb 20 2025,Boston Celtics,124,Philadelphia 76ers,104
Thu Feb 20 2025,Orlando Magic,114,Atlanta Hawks,108
Thu Feb 20 2025,Cleveland Cavaliers,110,Brooklyn Nets,97
Thu Feb 20 2025,Chicago Bulls,111,New York Knicks,113
Thu Feb 20 2025,Los Angeles Clippers,110,Milwaukee Bucks,116
Thu Feb 20 2025,Charlotte Hornets,115,Denver Nuggets,129
Thu Feb 20 2025,Phoenix Suns,109,San Antonio Spurs,120
Thu Feb 20 2025,Los Angeles Lakers,110,Portland Trail Blazers,102
Fri Feb 21 2025,New York Knicks,105,Cleveland Cavaliers,142
Fri Feb 21 2025,Memphis Grizzlies,105,Orlando Magic,104
Fri Feb 21 2025,Milwaukee Bucks,104,Washington Wizards,101
Fri Feb 21 2025,Miami Heat,120,Toronto Raptors,111
Fri Feb 21 2025,New Orleans Pelicans,103,Dallas Mavericks,111
Fri Feb 21 2025,Detroit Pistons,125,San Antonio Spurs,110
Fri Feb 21 2025,Minnesota Timberwolves,115,Houston Rockets,121
Fri Feb 21 2025,Oklahoma City Thunder,130,Utah Jazz,107
Fri Feb 21 2025,Golden State Warriors,132,Sacramento Kings,108
Sat Feb 22 2025,Phoenix Suns,121,Chicago Bulls,117
Sat Feb 22 2025,Brooklyn Nets,105,Philadelphia 76ers,103
Sat Feb 22 2025,Los Angeles Lakers,123,Denver Nuggets,100
Sat Feb 22 2025,Houston Rockets,115,Utah Jazz,124
Sat Feb 22 2025,Charlotte Hornets,88,Portland Trail Blazers,141
Sun Feb 23 2025,New York Knicks,105,Boston Celtics,118
Sun Feb 23 2025,Dallas Mavericks,102,Golden State Warriors,126
Sun Feb 23 2025,Los Angeles Clippers,111,Indiana Pacers,129
Sun Feb 23 2025,Detroit Pistons,148,Atlanta Hawks,143
Sun Feb 23 2025,Miami Heat,113,Milwaukee Bucks,120
Sun Feb 23 2025,Washington Wizards,90,Orlando Magic,110
Sun Feb 23 2025,Phoenix Suns,109,Toronto Raptors,127
Sun Feb 23 2025,Memphis Grizzlies,123,Cleveland Cavaliers,129
Sun Feb 23 2025,San Antonio Spurs,96,New Orleans Pelicans,114
Sun Feb 23 2025,Oklahoma City Thunder,130,Minnesota Timberwolves,123
Mon Feb 24 2025,Los Angeles Clippers,97,Detroit Pistons,106
Mon Feb 24 2025,Denver Nuggets,125,Indiana Pacers,116
Mon Feb 24 2025,Chicago Bulls,142,Philadelphia 76ers,110
Mon Feb 24 2025,Brooklyn Nets,99,Washington Wizards,107
Mon Feb 24 2025,Miami Heat,86,Atlanta Hawks,98
Mon Feb 24 2025,Minnesota Timberwolves,131,Oklahoma City Thunder,128
Mon Feb 24 2025,Portland Trail Blazers,114,Utah Jazz,112
Mon Feb 24 2025,Charlotte Hornets,88,Sacramento Kings,130
Tue Feb 25 2025,Boston Celtics,111,Toronto Raptors,101
Tue Feb 25 2025,Cleveland Cavaliers,122,Orlando Magic,82
Tue Feb 25 2025,Milwaukee Bucks,97,Houston Rockets,100
Tue Feb 25 2025,Phoenix Suns,148,Memphis Grizzlies,151
Tue Feb 25 2025,San Antonio Spurs,103,New Orleans Pelicans,109
Tue Feb 25 2025,Charlotte Hornets,92,Golden State Warriors,128
Tue Feb 25 2025,Dallas Mavericks,99,Los Angeles Lakers,107
Wed Feb 26 2025,Boston Celtics,97,Detroit Pistons,117
Wed Feb 26 2025,Toronto Raptors,91,Indiana Pacers,111
Wed Feb 26 2025,Philadelphia 76ers,105,New York Knicks,110
Wed Feb 26 2025,Portland Trail Blazers,129,Washington Wizards,121
Wed Feb 26 2025,Oklahoma City Thunder,129,Brooklyn Nets,121
Wed Feb 26 2025,Atlanta Hawks,109,Miami Heat,131
Wed Feb 26 2025,Los Angeles Clippers,122,Chicago Bulls,117
Wed Feb 26 2025,Sacramento Kings,118,Utah Jazz,101
Wed Feb 26 2025,San Antonio Spurs,106,Houston Rockets,118
Thu Feb 27 2025,Golden State Warriors,121,Orlando Magic,115
Thu Feb 27 2025,Denver Nuggets,112,Milwaukee Bucks,121
Thu Feb 27 2025,Charlotte Hornets,96,Dallas Mavericks,103
Thu Feb 27 2025,New Orleans Pelicans,124,Phoenix Suns,116
Thu Feb 27 2025,Minnesota Timberwolves,102,Los Angeles Lakers,111
Fri Feb 28 2025,Denver Nuggets,134,Detroit Pistons,119
Fri Feb 28 2025,Oklahoma City Thunder,135,Atlanta Hawks,119
Fri Feb 28 2025,Cleveland Cavaliers,123,Boston Celtics,116
Fri Feb 28 2025,Portland Trail Blazers,121,Brooklyn Nets,102
Fri Feb 28 2025,Toronto Raptors,115,Chicago Bulls,125
Fri Feb 28 2025,New York Knicks,114,Memphis Grizzlies,113
Fri Feb 28 2025,Indiana Pacers,120,Miami Heat,125
Fri Feb 28 2025,New Orleans Pelicans,108,Phoenix Suns,125
Fri Feb 28 2025,Minnesota Timberwolves,116,Utah Jazz,117
Fri Feb 28 2025,Los Angeles Clippers,102,Los Angeles Lakers,106
Sat Mar 1 2025,Washington Wizards,113,Charlotte Hornets,100
Sat Mar 1 2025,Brooklyn Nets,94,Detroit Pistons,115
Sat Mar 1 2025,Sacramento Kings,113,Houston Rockets,103
Sat Mar 1 2025,San Antonio Spurs,130,Memphis Grizzlies,128
Sat Mar 1 2025,Milwaukee Bucks,132,Dallas Mavericks,117
Sat Mar 1 2025,Golden State Warriors,119,Philadelphia 76ers,126
Sun Mar 2 2025,Denver Nuggets,103,Boston Celtics,110
Sun Mar 2 2025,Portland Trail Blazers,129,Cleveland Cavaliers,133
Sun Mar 2 2025,Chicago Bulls,112,Indiana Pacers,127
Sun Mar 2 2025,New York Knicks,116,Miami Heat,112
Sun Mar 2 2025,Toronto Raptors,104,Orlando Magic,102
Sun Mar 2 2025,Oklahoma City Thunder,146,San Antonio Spurs,132
Sun Mar 2 2025,New Orleans Pelicans,128,Utah Jazz,121
Sun Mar 2 2025,Los Angeles Clippers,102,Los Angeles Lakers,108
Sun Mar 2 2025,Minnesota Timberwolves,116,Phoenix Suns,98
Mon Mar 3 2025,Golden State Warriors,119,Charlotte Hornets,101
Mon Mar 3 2025,Portland Trail Blazers,119,Philadelphia 76ers,102
Mon Mar 3 2025,Washington Wizards,90,Miami Heat,106
Mon Mar 3 2025,Atlanta Hawks,132,Memphis Grizzlies,130
Mon Mar 3 2025,Houston Rockets,128,Oklahoma City Thunder,137
Mon Mar 3 2025,Sacramento Kings,122,Dallas Mavericks,98
Mon Mar 3 2025,Detroit Pistons,134,Utah Jazz,106
Tue Mar 4 2025,Houston Rockets,102,Indiana Pacers,115
Tue Mar 4 2025,Toronto Raptors,114,Orlando Magic,113
Tue Mar 4 2025,Milwaukee Bucks,127,Atlanta Hawks,121
Tue Mar 4 2025,Golden State Warriors,114,New York Knicks,102
Tue Mar 4 2025,Cleveland Cavaliers,139,Chicago Bulls,117
Tue Mar 4 2025,Philadelphia 76ers,112,Minnesota Timberwolves,126
Tue Mar 4 2025,Brooklyn Nets,113,San Antonio Spurs,127
Tue Mar 4 2025,Los Angeles Clippers,117,Phoenix Suns,119
Tue Mar 4 2025,New Orleans Pelicans,115,Los Angeles Lakers,136
Wed Mar 5 2025,Portland Trail Blazers,118,Boston Celtics,128
Wed Mar 5 2025,Minnesota Timberwolves,125,Charlotte Hornets,110
Wed Mar 5 2025,Miami Heat,107,Cleveland Cavaliers,112
Wed Mar 5 2025,Utah Jazz,122,Washington Wizards,125
Wed Mar 5 2025,Dallas Mavericks,107,Milwaukee Bucks,137
Wed Mar 5 2025,Sacramento Kings,110,Denver Nuggets,116
Wed Mar 5 2025,Oklahoma City Thunder,120,Memphis Grizzlies,103
Wed Mar 5 2025,Detroit Pistons,115,Los Angeles Clippers,123
Thu Mar 6 2025,Chicago Bulls,125,Orlando Magic,123
Thu Mar 6 2025,Indiana Pacers,118,Atlanta Hawks,124
Thu Mar 6 2025,Philadelphia 76ers,105,Boston Celtics,123
Thu Mar 6 2025,Golden State Warriors,121,Brooklyn Nets,119
Thu Mar 6 2025,Houston Rockets,109,New Orleans Pelicans,97
Thu Mar 6 2025,New York Knicks,109,Los Angeles Lakers,113
Fri Mar 7 2025,Cleveland Cavaliers,118,Charlotte Hornets,117
Fri Mar 7 2025,Memphis Grizzlies,122,Dallas Mavericks,111
Fri Mar 7 2025,Utah Jazz,109,Toronto Raptors,118
Fri Mar 7 2025,Minnesota Timberwolves,106,Miami Heat,104
Fri Mar 7 2025,Portland Trail Blazers,89,Oklahoma City Thunder,107
Fri Mar 7 2025,Phoenix Suns,141,Denver Nuggets,149
Fri Mar 7 2025,San Antonio Spurs,109,Sacramento Kings,127
Fri Mar 7 2025,New York Knicks,95,Los Angeles Clippers,105
Sat Mar 8 2025,Brooklyn Nets,102,Charlotte Hornets,105
Sat Mar 8 2025,New Orleans Pelicans,117,Houston Rockets,146
Sat Mar 8 2025,Indiana Pacers,118,Atlanta Hawks,120
Sat Mar 8 2025,Washington Wizards,118,Toronto Raptors,117
Sat Mar 8 2025,Chicago Bulls,114,Miami Heat,109
Sat Mar 8 2025,Orlando Magic,111,Milwaukee Bucks,109
Sat Mar 8 2025,Los Angeles Lakers,101,Boston Celtics,111
Sat Mar 8 2025,Detroit Pistons,110,Golden State Warriors,115
Sun Mar 9 2025,Denver Nuggets,103,Oklahoma City Thunder,127
Sun Mar 9 2025,Phoenix Suns,125,Dallas Mavericks,116
Sun Mar 9 2025,Memphis Grizzlies,107,New Orleans Pelicans,104
Sun Mar 9 2025,Utah Jazz,122,Philadelphia 76ers,126
Sun Mar 9 2025,Cleveland Cavaliers,112,Milwaukee Bucks,100
Sun Mar 9 2025,San Antonio Spurs,124,Minnesota Timberwolves,141
Sun Mar 9 2025,Detroit Pistons,119,Portland Trail Blazers,112
Sun Mar 9 2025,Sacramento Kings,110,Los Angeles Clippers,111
Mon Mar 10 2025,Philadelphia 76ers,123,Atlanta Hawks,132
Mon Mar 10 2025,Utah Jazz,108,Boston Celtics,114
Mon Mar 10 2025,Los Angeles Lakers,108,Brooklyn Nets,111
Mon Mar 10 2025,Charlotte Hornets,105,Miami Heat,102
Mon Mar 10 2025,Washington Wizards,104,Toronto Raptors,119
Mon Mar 10 2025,Indiana Pacers,103,Chicago Bulls,121
Mon Mar 10 2025,Orlando Magic,84,Houston Rockets,97
Mon Mar 10 2025,Phoenix Suns,118,Memphis Grizzlies,120
Mon Mar 10 2025,Denver Nuggets,140,Oklahoma City Thunder,127
Mon Mar 10 2025,Dallas Mavericks,133,San Antonio Spurs,129
Mon Mar 10 2025,Portland Trail Blazers,120,Golden State Warriors,130
Mon Mar 10 2025,New York Knicks,133,Sacramento Kings,104
Tue Mar 11 2025,Brooklyn Nets,104,Cleveland Cavaliers,109
Tue Mar 11 2025,Washington Wizards,103,Detroit Pistons,123
Tue Mar 11 2025,Milwaukee Bucks,114,Indiana Pacers,115
Tue Mar 11 2025,Los Angeles Clippers,120,New Orleans Pelicans,127
Wed Mar 12 2025,Charlotte Hornets,110,Atlanta Hawks,123
Wed Mar 12 2025,Oklahoma City Thunder,118,Boston Celtics,112
Wed Mar 12 2025,Philadelphia 76ers,105,Toronto Raptors,118
Wed Mar 12 2025,Phoenix Suns,104,Houston Rockets,111
Wed Mar 12 2025,Utah Jazz,115,Memphis Grizzlies,122
Wed Mar 12 2025,Los Angeles Clippers,119,Miami Heat,104
Wed Mar 12 2025,Dallas Mavericks,116,San Antonio Spurs,126
Wed Mar 12 2025,Minnesota Timberwolves,115,Denver Nuggets,95
Wed Mar 12 2025,New York Knicks,114,Portland Trail Blazers,113
Thu Mar 13 2025,Washington Wizards,129,Detroit Pistons,125
Thu Mar 13 2025,Los Angeles Lakers,106,Milwaukee Bucks,126
Thu Mar 13 2025,Brooklyn Nets,110,Chicago Bulls,116
Thu Mar 13 2025,Orlando Magic,113,New Orleans Pelicans,93
Thu Mar 13 2025,Sacramento Kings,104,Golden State Warriors,130
Fri Mar 14 2025,Boston Celtics,103,Miami Heat,91
Fri Mar 14 2025,Indiana Pacers,112,Philadelphia 76ers,100
Fri Mar 14 2025,Los Angeles Clippers,121,Atlanta Hawks,98
Fri Mar 14 2025,Dallas Mavericks,96,Houston Rockets,133
Fri Mar 14 2025,Cleveland Cavaliers,133,Memphis Grizzlies,124
Fri Mar 14 2025,Orlando Magic,111,Minnesota Timberwolves,118
Fri Mar 14 2025,Charlotte Hornets,145,San Antonio Spurs,134
Fri Mar 14 2025,Los Angeles Lakers,126,Denver Nuggets,131
Fri Mar 14 2025,Toronto Raptors,126,Utah Jazz,118
Fri Mar 14 2025,Sacramento Kings,106,Phoenix Suns,122
Sat Mar 15 2025,Boston Celtics,115,Brooklyn Nets,113
Sat Mar 15 2025,Oklahoma City Thunder,113,Detroit Pistons,107
Sat Mar 15 2025,Chicago Bulls,114,Houston Rockets,117
Sat Mar 15 2025,Miami Heat,91,Memphis Grizzlies,125
Sat Mar 15 2025,Indiana Pacers,119,Milwaukee Bucks,126
Sat Mar 15 2025,New York Knicks,94,Golden State Warriors,97
Sat Mar 15 2025,New Orleans Pelicans,115,San Antonio Spurs,119
Sat Mar 15 2025,Washington Wizards,126,Denver Nuggets,123
Sun Mar 16 2025,Orlando Magic,108,Cleveland Cavaliers,103
Sun Mar 16 2025,Philadelphia 76ers,130,Dallas Mavericks,125
Sun Mar 16 2025,Phoenix Suns,96,Los Angeles Lakers,107
Sun Mar 16 2025,Atlanta Hawks,114,Brooklyn Nets,122
Sun Mar 16 2025,Toronto Raptors,102,Portland Trail Blazers,105
Sun Mar 16 2025,Charlotte Hornets,88,Los Angeles Clippers,123
Sun Mar 16 2025,Utah Jazz,102,Minnesota Timberwolves,128
Sun Mar 16 2025,Oklahoma City Thunder,121,Milwaukee Bucks,105
Mon Mar 17 2025,Miami Heat,95,New York Knicks,116
Mon Mar 17 2025,Philadelphia 76ers,137,Houston Rockets,144
Mon Mar 17 2025,Indiana Pacers,132,Minnesota Timberwolves,130
Mon Mar 17 2025,Detroit Pistons,127,New Orleans Pelicans,81
Mon Mar 17 2025,Chicago Bulls,111,Utah Jazz,97
Mon Mar 17 2025,Denver Nuggets,114,Golden State Warriors,105
Mon Mar 17 2025,Toronto Raptors,89,Phoenix Suns,129
Mon Mar 17 2025,Washington Wizards,97,Portland Trail Blazers,112
Mon Mar 17 2025,Memphis Grizzlies,122,Sacramento Kings,132
Mon Mar 17 2025,San Antonio Spurs,109,Los Angeles Lakers,125
Tue Mar 18 2025,Atlanta Hawks,134,Charlotte Hornets,102
Tue Mar 18 2025,Brooklyn Nets,96,Boston Celtics,104
Tue Mar 18 2025,Milwaukee Bucks,93,Golden State Warriors,104
Tue Mar 18 2025,Cleveland Cavaliers,119,Los Angeles Clippers,132
Wed Mar 19 2025,Dallas Mavericks,131,Indiana Pacers,135
Wed Mar 19 2025,Houston Rockets,116,Orlando Magic,108
Wed Mar 19 2025,Detroit Pistons,116,Miami Heat,113
Wed Mar 19 2025,New Orleans Pelicans,119,Minnesota Timberwolves,115
Wed Mar 19 2025,Philadelphia 76ers,100,Oklahoma City Thunder,133
Wed Mar 19 2025,New York Knicks,105,San Antonio Spurs,120
Wed Mar 19 2025,Washington Wizards,112,Utah Jazz,128
Wed Mar 19 2025,Denver Nuggets,108,Los Angeles Lakers,120
Wed Mar 19 2025,Chicago Bulls,121,Phoenix Suns,127
Wed Mar 19 2025,Memphis Grizzlies,99,Portland Trail Blazers,115
Wed Mar 19 2025,Cleveland Cavaliers,119,Sacramento Kings,123
Thu Mar 20 2025,New York Knicks,98,Charlotte Hornets,115
Thu Mar 20 2025,Brooklyn Nets,99,Indiana Pacers,105
Thu Mar 20 2025,Toronto Raptors,114,Golden State Warriors,117
Thu Mar 20 2025,Chicago Bulls,128,Sacramento Kings,116
Thu Mar 20 2025,Milwaukee Bucks,118,Los Angeles Lakers,89
Fri Mar 21 2025,Orlando Magic,120,Washington Wizards,105
Fri Mar 21 2025,Houston Rockets,102,Miami Heat,98
Fri Mar 21 2025,New Orleans Pelicans,93,Minnesota Timberwolves,134
Fri Mar 21 2025,Charlotte Hornets,106,Oklahoma City Thunder,141
Fri Mar 21 2025,Philadelphia 76ers,120,San Antonio Spurs,128
Fri Mar 21 2025,Detroit Pistons,117,Dallas Mavericks,123
Fri Mar 21 2025,Boston Celtics,121,Utah Jazz,99
Fri Mar 21 2025,Cleveland Cavaliers,112,Phoenix Suns,123
Fri Mar 21 2025,Denver Nuggets,109,Portland Trail Blazers,128
Fri Mar 21 2025,Memphis Grizzlies,108,Los Angeles Clippers,128
Sat Mar 22 2025,Brooklyn Nets,103,Indiana Pacers,108
Sat Mar 22 2025,Golden State Warriors,115,Atlanta Hawks,124
Sat Mar 22 2025,Washington Wizards,103,New York Knicks,122
Sat Mar 22 2025,Milwaukee Bucks,114,Sacramento Kings,108
Sat Mar 22 2025,Chicago Bulls,146,Los Angeles Lakers,115
Sun Mar 23 2025,New Orleans Pelicans,130,Detroit Pistons,136
Sun Mar 23 2025,Cleveland Cavaliers,120,Utah Jazz,91
Sun Mar 23 2025,Philadelphia 76ers,119,Atlanta Hawks,132
Sun Mar 23 2025,Charlotte Hornets,105,Miami Heat,122
Sun Mar 23 2025,Boston Celtics,129,Portland Trail Blazers,116
Sun Mar 23 2025,San Antonio Spurs,123,Toronto Raptors,89
Sun Mar 23 2025,Denver Nuggets,116,Houston Rockets,111
Sun Mar 23 2025,Oklahoma City Thunder,103,Los Angeles Clippers,101
Mon Mar 24 2025,Minnesota Timberwolves,103,Indiana Pacers,119
Mon Mar 24 2025,Los Angeles Lakers,106,Orlando Magic,118
Mon Mar 24 2025,Toronto Raptors,112,Washington Wizards,104
Mon Mar 24 2025,Dallas Mavericks,120,Brooklyn Nets,101
Mon Mar 24 2025,Philadelphia 76ers,99,New Orleans Pelicans,112
Mon Mar 24 2025,Chicago Bulls,129,Denver Nuggets,119
Mon Mar 24 2025,Milwaukee Bucks,106,Phoenix Suns,108
Mon Mar 24 2025,Boston Celtics,113,Sacramento Kings,95
Tue Mar 25 2025,Orlando Magic,111,Charlotte Hornets,104
Tue Mar 25 2025,San Antonio Spurs,96,Detroit Pistons,122
Tue Mar 25 2025,Golden State Warriors,86,Miami Heat,112
Tue Mar 25 2025,Dallas Mavericks,113,New York Knicks,128
Tue Mar 25 2025,Atlanta Hawks,114,Houston Rockets,121
Tue Mar 25 2025,Memphis Grizzlies,140,Utah Jazz,103
Tue Mar 25 2025,Cleveland Cavaliers,122,Portland Trail Blazers,111
Tue Mar 25 2025,Oklahoma City Thunder,121,Sacramento Kings,105
Wed Mar 26 2025,Washington Wizards,119,Philadelphia 76ers,114
Wed Mar 26 2025,Toronto Raptors,116,Brooklyn Nets,86
Wed Mar 26 2025,Los Angeles Lakers,120,Indiana Pacers,119
Wed Mar 26 2025,Los Angeles Clippers,126,New York Knicks,113
Wed Mar 26 2025,Milwaukee Bucks,117,Denver Nuggets,127
Wed Mar 26 2025,Boston Celtics,132,Phoenix Suns,102
Thu Mar 27 2025,San Antonio Spurs,116,Cleveland Cavaliers,124
Thu Mar 27 2025,Dallas Mavericks,101,Orlando Magic,92
Thu Mar 27 2025,Indiana Pacers,162,Washington Wizards,109
Thu Mar 27 2025,Atlanta Hawks,112,Miami Heat,122
Thu Mar 27 2025,Los Angeles Lakers,117,Chicago Bulls,119
Thu Mar 27 2025,Memphis Grizzlies,104,Oklahoma City Thunder,125
Thu Mar 27 2025,Houston Rockets,121,Utah Jazz,110
Thu Mar 27 2025,Portland Trail Blazers,107,Sacramento Kings,128
Fri Mar 28 2025,Cleveland Cavaliers,122,Detroit Pistons,133
Fri Mar 28 2025,Los Angeles Clippers,132,Brooklyn Nets,100
Fri Mar 28 2025,Charlotte Hornets,97,Toronto Raptors,108
Fri Mar 28 2025,New York Knicks,116,Milwaukee Bucks,107
Fri Mar 28 2025,Phoenix Suns,109,Minnesota Timberwolves,124
Fri Mar 28 2025,Golden State Warriors,111,New Orleans Pelicans,95
Fri Mar 28 2025,Utah Jazz,93,Denver Nuggets,129
Sat Mar 29 2025,Sacramento Kings,91,Orlando Magic,121
Sat Mar 29 2025,Brooklyn Nets,115,Washington Wizards,112
Sat Mar 29 2025,Miami Heat,118,Philadelphia 76ers,95
Sat Mar 29 2025,Dallas Mavericks,120,Chicago Bulls,119
Sat Mar 29 2025,Los Angeles Lakers,134,Memphis Grizzlies,127
Sat Mar 29 2025,Indiana Pacers,111,Oklahoma City Thunder,132
Sat Mar 29 2025,Boston Celtics,121,San Antonio Spurs,111
Sun Mar 30 2025,Los Angeles Clippers,122,Cleveland Cavaliers,127
Sun Mar 30 2025,Portland Trail Blazers,93,New York Knicks,110
Sun Mar 30 2025,Atlanta Hawks,145,Milwaukee Bucks,124
Sun Mar 30 2025,Detroit Pistons,104,Minnesota Timberwolves,123
Sun Mar 30 2025,Charlotte Hornets,94,New Orleans Pelicans,98
Sun Mar 30 2025,Golden State Warriors,148,San Antonio Spurs,106
Sun Mar 30 2025,Toronto Raptors,127,Philadelphia 76ers,109
Sun Mar 30 2025,Houston Rockets,148,Phoenix Suns,109
Mon Mar 31 2025,Utah Jazz,106,Charlotte Hornets,110
Mon Mar 31 2025,Sacramento Kings,109,Indiana Pacers,111
Mon Mar 31 2025,Los Angeles Clippers,96,Orlando Magic,87
Mon Mar 31 2025,Miami Heat,120,Washington Wizards,94
Mon Mar 31 2025,Boston Celtics,117,Memphis Grizzlies,103
Mon Mar 31 2025,Chicago Bulls,117,Oklahoma City Thunder,145
Mon Mar 31 2025,Brooklyn Nets,113,Dallas Mavericks,109
Mon Mar 31 2025,Houston Rockets,98,Los Angeles Lakers,104
Tue Apr 1 2025,Portland Trail Blazers,127,Atlanta Hawks,113
Tue Apr 1 2025,Phoenix Suns,123,Milwaukee Bucks,133
Tue Apr 1 2025,Philadelphia 76ers,91,New York Knicks,105
Tue Apr 1 2025,Toronto Raptors,118,Chicago Bulls,137
Tue Apr 1 2025,Golden State Warriors,134,Memphis Grizzlies,125
Tue Apr 1 2025,Orlando Magic,116,San Antonio Spurs,105
Tue Apr 1 2025,Minnesota Timberwolves,140,Denver Nuggets,139
Wed Apr 2 2025,New York Knicks,105,Cleveland Cavaliers,124
Wed Apr 2 2025,Charlotte Hornets,105,Indiana Pacers,119
Wed Apr 2 2025,Sacramento Kings,111,Washington Wizards,116
Wed Apr 2 2025,Miami Heat,124,Boston Celtics,103
Wed Apr 2 2025,Utah Jazz,105,Houston Rockets,143
Wed Apr 2 2025,Atlanta Hawks,118,Dallas Mavericks,120
Wed Apr 2 2025,San Antonio Spurs,113,Denver Nuggets,106
Wed Apr 2 2025,Detroit Pistons,103,Oklahoma City Thunder,119
Wed Apr 2 2025,New Orleans Pelicans,98,Los Angeles Clippers,114
Thu Apr 3 2025,Milwaukee Bucks,126,Philadelphia 76ers,113
Thu Apr 3 2025,Orlando Magic,109,Washington Wizards,97
Thu Apr 3 2025,Minnesota Timberwolves,105,Brooklyn Nets,90
Thu Apr 3 2025,Memphis Grizzlies,110,Miami Heat,108
Thu Apr 3 2025,Portland Trail Blazers,112,Toronto Raptors,103
Thu Apr 3 2025,Golden State Warriors,123,Los Angeles Lakers,116
Fri Apr 4 2025,Sacramento Kings,125,Charlotte Hornets,102
Fri Apr 4 2025,Utah Jazz,112,Indiana Pacers,140
Fri Apr 4 2025,Phoenix Suns,103,Boston Celtics,123
Fri Apr 4 2025,Detroit Pistons,117,Toronto Raptors,105
Fri Apr 4 2025,Portland Trail Blazers,113,Chicago Bulls,118
Fri Apr 4 2025,Oklahoma City Thunder,111,Houston Rockets,125
Fri Apr 4 2025,Cleveland Cavaliers,114,San Antonio Spurs,113
Fri Apr 4 2025,Denver Nuggets,104,Golden State Warriors,118
Fri Apr 4 2025,Dallas Mavericks,91,Los Angeles Clippers,114
Fri Apr 4 2025,New Orleans Pelicans,108,Los Angeles Lakers,124
Sat Apr 5 2025,New York Knicks,121,Atlanta Hawks,105
Sat Apr 5 2025,Memphis Grizzlies,109,Detroit Pistons,103
Sat Apr 5 2025,Minnesota Timberwolves,114,Philadelphia 76ers,109
Sat Apr 5 2025,Milwaukee Bucks,121,Miami Heat,115
Sat Apr 5 2025,Dallas Mavericks,104,Los Angeles Clippers,135
Sun Apr 6 2025,Chicago Bulls,131,Charlotte Hornets,117
Sun Apr 6 2025,Toronto Raptors,120,Brooklyn Nets,109
Sun Apr 6 2025,Los Angeles Lakers,126,Oklahoma City Thunder,99
Sun Apr 6 2025,Utah Jazz,134,Atlanta Hawks,147
Sun Apr 6 2025,Washington Wizards,90,Boston Celtics,124
Sun Apr 6 2025,Sacramento Kings,120,Cleveland Cavaliers,113
Sun Apr 6 2025,San Antonio Spurs,109,Portland Trail Blazers,120
Sun Apr 6 2025,Phoenix Suns,98,New York Knicks,112
Sun Apr 6 2025,Indiana Pacers,125,Denver Nuggets,120
Sun Apr 6 2025,Houston Rockets,106,Golden State Warriors,96
Sun Apr 6 2025,Milwaukee Bucks,111,New Orleans Pelicans,107
Mon Apr 7 2025,Sacramento Kings,127,Detroit Pistons,117
Mon Apr 7 2025,Philadelphia 76ers,105,Miami Heat,117
Tue Apr 8 2025,Memphis Grizzlies,124,Charlotte Hornets,100
Tue Apr 8 2025,Chicago Bulls,113,Cleveland Cavaliers,135
Tue Apr 8 2025,Washington Wizards,98,Indiana Pacers,104
Tue Apr 8 2025,Atlanta Hawks,112,Orlando Magic,119
Tue Apr 8 2025,New Orleans Pelicans,114,Brooklyn Nets,119
Tue Apr 8 2025,Boston Celtics,119,New York Knicks,117
Tue Apr 8 2025,Minnesota Timberwolves,103,Milwaukee Bucks,110
Tue Apr 8 2025,Los Angeles Lakers,120,Oklahoma City Thunder,136
Tue Apr 8 2025,Golden State Warriors,133,Phoenix Suns,95
Tue Apr 8 2025,San Antonio Spurs,117,Los Angeles Clippers,122
Wed Apr 9 2025,Boston Celtics,76,Orlando Magic,96
Wed Apr 9 2025,Philadelphia 76ers,122,Washington Wizards,103
Wed Apr 9 2025,Los Angeles Lakers,112,Dallas Mavericks,97
Wed Apr 9 2025,Charlotte Hornets,96,Toronto Raptors,126
Wed Apr 9 2025,Miami Heat,111,Chicago Bulls,119
Wed Apr 9 2025,Portland Trail Blazers,126,Utah Jazz,133
Wed Apr 9 2025,San Antonio Spurs,114,Golden State Warriors,111
Wed Apr 9 2025,Oklahoma City Thunder,125,Phoenix Suns,112
Wed Apr 9 2025,Denver Nuggets,124,Sacramento Kings,116
Wed Apr 9 2025,Houston Rockets,117,Los Angeles Clippers,134
Thu Apr 10 2025,New York Knicks,106,Detroit Pistons,115
Thu Apr 10 2025,Cleveland Cavaliers,112,Indiana Pacers,114
Thu Apr 10 2025,Atlanta Hawks,133,Brooklyn Nets,109
Thu Apr 10 2025,New Orleans Pelicans,111,Milwaukee Bucks,136
Thu Apr 10 2025,Minnesota Timberwolves,141,Memphis Grizzlies,125
Fri Apr 11 2025,Milwaukee Bucks,125,Detroit Pistons,119
Fri Apr 11 2025,Orlando Magic,129,Indiana Pacers,115
Fri Apr 11 2025,Atlanta Hawks,124,Philadelphia 76ers,110
Fri Apr 11 2025,Charlotte Hornets,94,Boston Celtics,130
Fri Apr 11 2025,Cleveland Cavaliers,108,New York Knicks,102
Fri Apr 11 2025,Washington Wizards,89,Chicago Bulls,119
Fri Apr 11 2025,Miami Heat,153,New Orleans Pelicans,104
Fri Apr 11 2025,Toronto Raptors,102,Dallas Mavericks,124
Fri Apr 11 2025,Memphis Grizzlies,109,Denver Nuggets,117
Fri Apr 11 2025,Brooklyn Nets,91,Minnesota Timberwolves,117
Fri Apr 11 2025,Oklahoma City Thunder,145,Utah Jazz,111
Fri Apr 11 2025,San Antonio Spurs,98,Phoenix Suns,117
Fri Apr 11 2025,Golden State Warriors,103,Portland Trail Blazers,86
Fri Apr 11 2025,Los Angeles Clippers,101,Sacramento Kings,100
Fri Apr 11 2025,Houston Rockets,109,Los Angeles Lakers,140
Sun Apr 13 2025,Orlando Magic,105,Atlanta Hawks,117
Sun Apr 13 2025,Charlotte Hornets,86,Boston Celtics,93
Sun Apr 13 2025,New York Knicks,113,Brooklyn Nets,105
Sun Apr 13 2025,Indiana Pacers,126,Cleveland Cavaliers,118
Sun Apr 13 2025,Washington Wizards,119,Miami Heat,118
Sun Apr 13 2025,Detroit Pistons,133,Milwaukee Bucks,140
Sun Apr 13 2025,Chicago Bulls,122,Philadelphia 76ers,102
Sun Apr 13 2025,Los Angeles Clippers,124,Golden State Warriors,119
Sun Apr 13 2025,Denver Nuggets,126,Houston Rockets,111
Sun Apr 13 2025,Dallas Mavericks,97,Memphis Grizzlies,132
Sun Apr 13 2025,Utah Jazz,105,Minnesota Timberwolves,116
Sun Apr 13 2025,Oklahoma City Thunder,115,New Orleans Pelicans,100
Sun Apr 13 2025,Los Angeles Lakers,81,Portland Trail Blazers,109
Sun Apr 13 2025,Phoenix Suns,98,Sacramento Kings,109
Sun Apr 13 2025,Toronto Raptors,118,San Antonio Spurs,125
Tue Oct 21 2025,Houston Rockets,124,Oklahoma City Thunder,125
Tue Oct 21 2025,Golden State Warriors,119,Los Angeles Lakers,109
Wed Oct 22 2025,Brooklyn Nets,117,Charlotte Hornets,136
Wed Oct 22 2025,Cleveland Cavaliers,111,New York Knicks,119
Wed Oct 22 2025,Miami Heat,121,Orlando Magic,125
Wed Oct 22 2025,Philadelphia 76ers,117,Boston Celtics,116
Wed Oct 22 2025,Toronto Raptors,138,Atlanta Hawks,118
Wed Oct 22 2025,Detroit Pistons,111,Chicago Bulls,115
Wed Oct 22 2025,New Orleans Pelicans,122,Memphis Grizzlies,128
Wed Oct 22 2025,Washington Wizards,120,Milwaukee Bucks,133
Wed Oct 22 2025,Los Angeles Clippers,108,Utah Jazz,129
Wed Oct 22 2025,San Antonio Spurs,125,Dallas Mavericks,92
Wed Oct 22 2025,Minnesota Timberwolves,118,Portland Trail Blazers,114
Wed Oct 22 2025,Sacramento Kings,116,Phoenix Suns,120
Thu Oct 23 2025,Oklahoma City Thunder,141,Indiana Pacers,135
Thu Oct 23 2025,Denver Nuggets,131,Golden State Warriors,137
Fri Oct 24 2025,Milwaukee Bucks,122,Toronto Raptors,116
Fri Oct 24 2025,Atlanta Hawks,111,Orlando Magic,107
Fri Oct 24 2025,Cleveland Cavaliers,131,Brooklyn Nets,124
Fri Oct 24 2025,Boston Celtics,95,New York Knicks,105
Fri Oct 24 2025,Detroit Pistons,115,Houston Rockets,111
Fri Oct 24 2025,San Antonio Spurs,120,New Orleans Pelicans,116
Fri Oct 24 2025,Miami Heat,146,Memphis Grizzlies,114
Fri Oct 24 2025,Washington Wizards,117,Dallas Mavericks,107
Fri Oct 24 2025,Minnesota Timberwolves,110,Los Angeles Lakers,128
Fri Oct 24 2025,Golden State Warriors,119,Portland Trail Blazers,139
Fri Oct 24 2025,Utah Jazz,104,Sacramento Kings,105
Fri Oct 24 2025,Phoenix Suns,102,Los Angeles Clippers,129
Sat Oct 25 2025,Chicago Bulls,110,Orlando Magic,98
Sat Oct 25 2025,Oklahoma City Thunder,117,Atlanta Hawks,100
Sat Oct 25 2025,Charlotte Hornets,121,Philadelphia 76ers,125
Sat Oct 25 2025,Indiana Pacers,103,Memphis Grizzlies,128
Sat Oct 25 2025,Phoenix Suns,111,Denver Nuggets,133
Sun Oct 26 2025,Brooklyn Nets,107,San Antonio Spurs,118
Sun Oct 26 2025,Boston Celtics,113,Detroit Pistons,119
Sun Oct 26 2025,Charlotte Hornets,139,Washington Wizards,113
Sun Oct 26 2025,New York Knicks,107,Miami Heat,115
Sun Oct 26 2025,Milwaukee Bucks,113,Cleveland Cavaliers,118
Sun Oct 26 2025,Indiana Pacers,110,Minnesota Timberwolves,114
Sun Oct 26 2025,Toronto Raptors,129,Dallas Mavericks,139
Sun Oct 26 2025,Los Angeles Lakers,127,Sacramento Kings,120
Sun Oct 26 2025,Portland Trail Blazers,107,Los Angeles Clippers,114
Mon Oct 27 2025,Cleveland Cavaliers,116,Detroit Pistons,95
Mon Oct 27 2025,Orlando Magic,124,Philadelphia 76ers,136
Mon Oct 27 2025,Atlanta Hawks,123,Chicago Bulls,128
Mon Oct 27 2025,Brooklyn Nets,109,Houston Rockets,137
Mon Oct 27 2025,Boston Celtics,122,New Orleans Pelicans,90
Mon Oct 27 2025,Toronto Raptors,103,San Antonio Spurs,121
Mon Oct 27 2025,Oklahoma City Thunder,101,Dallas Mavericks,94
Mon Oct 27 2025,Phoenix Suns,134,Utah Jazz,138
Mon Oct 27 2025,Denver Nuggets,127,Minnesota Timberwolves,114
Mon Oct 27 2025,Memphis Grizzlies,118,Golden State Warriors,131
Mon Oct 27 2025,Portland Trail Blazers,122,Los Angeles Lakers,108
Tue Oct 28 2025,Philadelphia 76ers,139,Washington Wizards,134
Tue Oct 28 2025,Charlotte Hornets,117,Miami Heat,144
Tue Oct 28 2025,New York Knicks,111,Milwaukee Bucks,121
Tue Oct 28 2025,Sacramento Kings,101,Oklahoma City Thunder,107
Tue Oct 28 2025,Los Angeles Clippers,79,Golden State Warriors,98
Wed Oct 29 2025,Houston Rockets,139,Toronto Raptors,121
Wed Oct 29 2025,Cleveland Cavaliers,105,Boston Celtics,125
Wed Oct 29 2025,Orlando Magic,116,Detroit Pistons,135
Wed Oct 29 2025,Atlanta Hawks,117,Brooklyn Nets,112
Wed Oct 29 2025,Sacramento Kings,113,Chicago Bulls,126
Wed Oct 29 2025,Indiana Pacers,105,Dallas Mavericks,107
Wed Oct 29 2025,Portland Trail Blazers,136,Utah Jazz,134
Wed Oct 29 2025,New Orleans Pelicans,88,Denver Nuggets,122
Wed Oct 29 2025,Los Angeles Lakers,116,Minnesota Timberwolves,115
Wed Oct 29 2025,Memphis Grizzlies,114,Phoenix Suns,113
Thu Oct 30 2025,Orlando Magic,123,Charlotte Hornets,107
Thu Oct 30 2025,Golden State Warriors,110,Milwaukee Bucks,120
Thu Oct 30 2025,Washington Wizards,108,Oklahoma City Thunder,127
Thu Oct 30 2025,Miami Heat,101,San Antonio Spurs,107
Fri Oct 31 2025,Atlanta Hawks,128,Indiana Pacers,108
Fri Oct 31 2025,Boston Celtics,109,Philadelphia 76ers,108
Fri Oct 31 2025,Toronto Raptors,112,Cleveland Cavaliers,101
Fri Oct 31 2025,New York Knicks,125,Chicago Bulls,135
Fri Oct 31 2025,Los Angeles Lakers,117,Memphis Grizzlies,112
Fri Oct 31 2025,Utah Jazz,96,Phoenix Suns,118
Fri Oct 31 2025,Denver Nuggets,107,Portland Trail Blazers,109
Fri Oct 31 2025,New Orleans Pelicans,124,Los Angeles Clippers,126
Sat Nov 1 2025,Sacramento Kings,135,Milwaukee Bucks,133
Sat Nov 1 2025,Minnesota Timberwolves,122,Charlotte Hornets,105
Sat Nov 1 2025,Golden State Warriors,109,Indiana Pacers,114
Sat Nov 1 2025,Orlando Magic,125,Washington Wizards,94
Sat Nov 1 2025,Houston Rockets,128,Boston Celtics,101
Sat Nov 1 2025,Dallas Mavericks,110,Detroit Pistons,122
Sun Nov 2 2025,New Orleans Pelicans,106,Oklahoma City Thunder,137
Sun Nov 2 2025,Philadelphia 76ers,129,Brooklyn Nets,105
Sun Nov 2 2025,Utah Jazz,103,Charlotte Hornets,126
Sun Nov 2 2025,Atlanta Hawks,109,Cleveland Cavaliers,117
Sun Nov 2 2025,Memphis Grizzlies,104,Toronto Raptors,117
Sun Nov 2 2025,Chicago Bulls,116,New York Knicks,128
Sun Nov 2 2025,San Antonio Spurs,118,Phoenix Suns,130
Sun Nov 2 2025,Miami Heat,120,Los Angeles Lakers,130
Mon Nov 3 2025,Minnesota Timberwolves,125,Brooklyn Nets,109
Mon Nov 3 2025,Milwaukee Bucks,117,Indiana Pacers,115
Mon Nov 3 2025,Utah Jazz,105,Boston Celtics,103
Mon Nov 3 2025,Washington Wizards,102,New York Knicks,119
Mon Nov 3 2025,Dallas Mavericks,102,Houston Rockets,110
Mon Nov 3 2025,Detroit Pistons,114,Memphis Grizzlies,106
Mon Nov 3 2025,Sacramento Kings,124,Denver Nuggets,130
Mon Nov 3 2025,Los Angeles Lakers,123,Portland Trail Blazers,115
Mon Nov 3 2025,Miami Heat,120,Los Angeles Clippers,119
Tue Nov 4 2025,Milwaukee Bucks,100,Toronto Raptors,128
Tue Nov 4 2025,Orlando Magic,112,Atlanta Hawks,127
Tue Nov 4 2025,Philadelphia 76ers,111,Chicago Bulls,113
Tue Nov 4 2025,Charlotte Hornets,112,New Orleans Pelicans,116
Tue Nov 4 2025,Phoenix Suns,107,Golden State Warriors,118
Tue Nov 4 2025,Oklahoma City Thunder,126,Los Angeles Clippers,107
Wed Nov 5 2025,Philadelphia 76ers,121,Cleveland Cavaliers,132
Wed Nov 5 2025,Utah Jazz,103,Detroit Pistons,114
Wed Nov 5 2025,Brooklyn Nets,112,Indiana Pacers,103
Wed Nov 5 2025,Washington Wizards,107,Boston Celtics,136
Wed Nov 5 2025,Minnesota Timberwolves,114,New York Knicks,137
Wed Nov 5 2025,Houston Rockets,124,Memphis Grizzlies,109
Wed Nov 5 2025,New Orleans Pelicans,101,Dallas Mavericks,99
Wed Nov 5 2025,Miami Heat,112,Denver Nuggets,122
Wed Nov 5 2025,San Antonio Spurs,116,Los Angeles Lakers,118
Wed Nov 5 2025,Oklahoma City Thunder,119,Portland Trail Blazers,121
Wed Nov 5 2025,Golden State Warriors,116,Sacramento Kings,121
Thu Nov 6 2025,Los Angeles Clippers,102,Phoenix Suns,115
Fri Nov 7 2025,Boston Celtics,110,Orlando Magic,123
Fri Nov 7 2025,Cleveland Cavaliers,148,Washington Wizards,115
Fri Nov 7 2025,Toronto Raptors,109,Atlanta Hawks,97
Fri Nov 7 2025,Detroit Pistons,125,Brooklyn Nets,107
Fri Nov 7 2025,Houston Rockets,110,San Antonio Spurs,121
Fri Nov 7 2025,Dallas Mavericks,104,Memphis Grizzlies,118
Fri Nov 7 2025,Charlotte Hornets,108,Miami Heat,126
Fri Nov 7 2025,Chicago Bulls,110,Milwaukee Bucks,126
Fri Nov 7 2025,Utah Jazz,97,Minnesota Timberwolves,137
Fri Nov 7 2025,Golden State Warriors,104,Denver Nuggets,129
Fri Nov 7 2025,Oklahoma City Thunder,132,Sacramento Kings,101
Sat Nov 8 2025,Dallas Mavericks,111,Washington Wizards,105
Sat Nov 8 2025,Toronto Raptors,120,Philadelphia 76ers,130
Sat Nov 8 2025,Los Angeles Lakers,102,Atlanta Hawks,122
Sat Nov 8 2025,Chicago Bulls,122,Cleveland Cavaliers,128
Sat Nov 8 2025,Portland Trail Blazers,131,Miami Heat,136
Sat Nov 8 2025,New Orleans Pelicans,119,San Antonio Spurs,126
Sat Nov 8 2025,Indiana Pacers,100,Denver Nuggets,117
Sat Nov 8 2025,Phoenix Suns,114,Los Angeles Clippers,103
Sun Nov 9 2025,Houston Rockets,122,Milwaukee Bucks,115
Sun Nov 9 2025,Oklahoma City Thunder,114,Memphis Grizzlies,100
Sun Nov 9 2025,Brooklyn Nets,98,New York Knicks,134
Sun Nov 9 2025,Boston Celtics,111,Orlando Magic,107
Sun Nov 9 2025,Detroit Pistons,111,Philadelphia 76ers,108
Sun Nov 9 2025,Indiana Pacers,83,Golden State Warriors,114
Sun Nov 9 2025,Minnesota Timberwolves,144,Sacramento Kings,117
Mon Nov 10 2025,Los Angeles Lakers,121,Charlotte Hornets,111
Mon Nov 10 2025,Washington Wizards,135,Detroit Pistons,137
Mon Nov 10 2025,Portland Trail Blazers,112,Orlando Magic,115
Mon Nov 10 2025,Cleveland Cavaliers,138,Miami Heat,140
Mon Nov 10 2025,San Antonio Spurs,121,Chicago Bulls,117
Mon Nov 10 2025,Milwaukee Bucks,116,Dallas Mavericks,114
Mon Nov 10 2025,New Orleans Pelicans,98,Phoenix Suns,121
Mon Nov 10 2025,Minnesota Timberwolves,120,Utah Jazz,113
Mon Nov 10 2025,Atlanta Hawks,105,Los Angeles Clippers,102
Tue Nov 11 2025,Toronto Raptors,119,Brooklyn Nets,109
Tue Nov 11 2025,Memphis Grizzlies,120,New York Knicks,133
Tue Nov 11 2025,Golden State Warriors,102,Oklahoma City Thunder,126
Tue Nov 11 2025,Boston Celtics,100,Philadelphia 76ers,102
Tue Nov 11 2025,Indiana Pacers,128,Utah Jazz,152
Tue Nov 11 2025,Denver Nuggets,122,Sacramento Kings,108
Wed Nov 12 2025,Milwaukee Bucks,100,Charlotte Hornets,111
Wed Nov 12 2025,Chicago Bulls,113,Detroit Pistons,124
Wed Nov 12 2025,Orlando Magic,124,New York Knicks,107
Wed Nov 12 2025,Memphis Grizzlies,95,Boston Celtics,131
Wed Nov 12 2025,Cleveland Cavaliers,130,Miami Heat,116
Wed Nov 12 2025,Washington Wizards,112,Houston Rockets,135
Wed Nov 12 2025,Portland Trail Blazers,125,New Orleans Pelicans,117
Wed Nov 12 2025,Golden State Warriors,125,San Antonio Spurs,120
Wed Nov 12 2025,Phoenix Suns,123,Dallas Mavericks,114
Wed Nov 12 2025,Los Angeles Lakers,92,Oklahoma City Thunder,121
Wed Nov 12 2025,Atlanta Hawks,133,Sacramento Kings,100
Wed Nov 12 2025,Denver Nuggets,130,Los Angeles Clippers,116
Thu Nov 13 2025,Toronto Raptors,126,Cleveland Cavaliers,113
Thu Nov 13 2025,Indiana Pacers,98,Phoenix Suns,133
Thu Nov 13 2025,Atlanta Hawks,132,Utah Jazz,122
Fri Nov 14 2025,Miami Heat,132,New York Knicks,140
Fri Nov 14 2025,Brooklyn Nets,98,Orlando Magic,105
Fri Nov 14 2025,Philadelphia 76ers,105,Detroit Pistons,114
Fri Nov 14 2025,Portland Trail Blazers,116,Houston Rockets,140
Fri Nov 14 2025,Charlotte Hornets,134,Milwaukee Bucks,147
Fri Nov 14 2025,Sacramento Kings,110,Minnesota Timberwolves,124
Fri Nov 14 2025,Los Angeles Lakers,118,New Orleans Pelicans,104
Fri Nov 14 2025,Los Angeles Clippers,133,Dallas Mavericks,127
Fri Nov 14 2025,Golden State Warriors,109,San Antonio Spurs,108
Sat Nov 15 2025,Memphis Grizzlies,100,Cleveland Cavaliers,108
Sat Nov 15 2025,Oklahoma City Thunder,109,Charlotte Hornets,96
Sat Nov 15 2025,Toronto Raptors,129,Indiana Pacers,111
Sat Nov 15 2025,Los Angeles Lakers,119,Milwaukee Bucks,95
Sat Nov 15 2025,Denver Nuggets,123,Minnesota Timberwolves,112
Sun Nov 16 2025,Los Angeles Clippers,118,Boston Celtics,121
Sun Nov 16 2025,Sacramento Kings,110,San Antonio Spurs,123
Sun Nov 16 2025,Brooklyn Nets,129,Washington Wizards,106
Sun Nov 16 2025,Orlando Magic,113,Houston Rockets,117
Sun Nov 16 2025,Golden State Warriors,124,New Orleans Pelicans,106
Sun Nov 16 2025,Portland Trail Blazers,133,Dallas Mavericks,138
Sun Nov 16 2025,Atlanta Hawks,124,Phoenix Suns,122
Sun Nov 16 2025,Chicago Bulls,147,Utah Jazz,150
Mon Nov 17 2025,Milwaukee Bucks,106,Cleveland Cavaliers,118
Mon Nov 17 2025,Indiana Pacers,112,Detroit Pistons,127
Mon Nov 17 2025,Los Angeles Clippers,108,Philadelphia 76ers,110
Mon Nov 17 2025,New York Knicks,113,Miami Heat,115
Mon Nov 17 2025,Charlotte Hornets,108,Toronto Raptors,110
Mon Nov 17 2025,Dallas Mavericks,96,Minnesota Timberwolves,120
Mon Nov 17 2025,Oklahoma City Thunder,126,New Orleans Pelicans,109
Mon Nov 17 2025,Chicago Bulls,130,Denver Nuggets,127
Tue Nov 18 2025,Golden State Warriors,113,Orlando Magic,121
Tue Nov 18 2025,Detroit Pistons,120,Atlanta Hawks,112
Tue Nov 18 2025,Boston Celtics,113,Brooklyn Nets,99
Tue Nov 18 2025,Memphis Grizzlies,101,San Antonio Spurs,111
Tue Nov 18 2025,Utah Jazz,126,Los Angeles Lakers,140
Tue Nov 18 2025,Phoenix Suns,127,Portland Trail Blazers,110
Wed Nov 19 2025,Houston Rockets,114,Cleveland Cavaliers,104
Wed Nov 19 2025,Charlotte Hornets,118,Indiana Pacers,127
Wed Nov 19 2025,Toronto Raptors,121,Philadelphia 76ers,112
Wed Nov 19 2025,Golden State Warriors,96,Miami Heat,110
Wed Nov 19 2025,Washington Wizards,109,Minnesota Timberwolves,120
Wed Nov 19 2025,Denver Nuggets,125,New Orleans Pelicans,118
Wed Nov 19 2025,Sacramento Kings,99,Oklahoma City Thunder,113
Wed Nov 19 2025,New York Knicks,113,Dallas Mavericks,111
Wed Nov 19 2025,Chicago Bulls,122,Portland Trail Blazers,121
Thu Nov 20 2025,Los Angeles Clippers,101,Orlando Magic,129
Thu Nov 20 2025,Sacramento Kings,96,Memphis Grizzlies,137
Thu Nov 20 2025,Philadelphia 76ers,123,Milwaukee Bucks,114
Thu Nov 20 2025,Atlanta Hawks,126,San Antonio Spurs,135
Fri Nov 21 2025,Indiana Pacers,109,Cleveland Cavaliers,120
Fri Nov 21 2025,Brooklyn Nets,113,Boston Celtics,105
Fri Nov 21 2025,Washington Wizards,110,Toronto Raptors,140
Fri Nov 21 2025,Miami Heat,143,Chicago Bulls,107
Fri Nov 21 2025,New Orleans Pelicans,115,Dallas Mavericks,118
Fri Nov 21 2025,Minnesota Timberwolves,113,Phoenix Suns,114
Fri Nov 21 2025,Denver Nuggets,112,Houston Rockets,109
Fri Nov 21 2025,Portland Trail Blazers,127,Golden State Warriors,123
Fri Nov 21 2025,Oklahoma City Thunder,144,Utah Jazz,112
Sat Nov 22 2025,Los Angeles Clippers,131,Charlotte Hornets,116
Sat Nov 22 2025,New York Knicks,121,Orlando Magic,133
Sat Nov 22 2025,Atlanta Hawks,115,New Orleans Pelicans,98
Sat Nov 22 2025,Washington Wizards,120,Chicago Bulls,121
Sat Nov 22 2025,Detroit Pistons,129,Milwaukee Bucks,116
Sat Nov 22 2025,Memphis Grizzlies,102,Dallas Mavericks,96
Sat Nov 22 2025,Sacramento Kings,128,Denver Nuggets,123
Sun Nov 23 2025,Miami Heat,127,Philadelphia 76ers,117
Sun Nov 23 2025,Charlotte Hornets,110,Atlanta Hawks,113
Sun Nov 23 2025,Orlando Magic,129,Boston Celtics,138
Sun Nov 23 2025,Los Angeles Clippers,105,Cleveland Cavaliers,120
Sun Nov 23 2025,Brooklyn Nets,109,Toronto Raptors,119
Sun Nov 23 2025,Portland Trail Blazers,95,Oklahoma City Thunder,122
Sun Nov 23 2025,San Antonio Spurs,102,Phoenix Suns,111
Sun Nov 23 2025,Los Angeles Lakers,108,Utah Jazz,106
Mon Nov 24 2025,Detroit Pistons,122,Indiana Pacers,117
Mon Nov 24 2025,Cleveland Cavaliers,99,Toronto Raptors,110
Mon Nov 24 2025,New York Knicks,113,Brooklyn Nets,100
Mon Nov 24 2025,Dallas Mavericks,102,Miami Heat,106
Mon Nov 24 2025,Denver Nuggets,125,Memphis Grizzlies,115
Mon Nov 24 2025,Portland Trail Blazers,115,Milwaukee Bucks,103
Mon Nov 24 2025,Chicago Bulls,130,New Orleans Pelicans,143
Mon Nov 24 2025,Houston Rockets,114,Phoenix Suns,92
Mon Nov 24 2025,Utah Jazz,117,Golden State Warriors,134
Mon Nov 24 2025,Minnesota Timberwolves,112,Sacramento Kings,117
Tue Nov 25 2025,Atlanta Hawks,113,Washington Wizards,132
Tue Nov 25 2025,Orlando Magic,144,Philadelphia 76ers,103
Tue Nov 25 2025,Los Angeles Clippers,118,Los Angeles Lakers,135
Wed Nov 26 2025,Detroit Pistons,114,Boston Celtics,117
Wed Nov 26 2025,New York Knicks,129,Charlotte Hornets,101
Wed Nov 26 2025,Milwaukee Bucks,103,Miami Heat,106
Wed Nov 26 2025,Minnesota Timberwolves,105,Oklahoma City Thunder,113
Wed Nov 26 2025,Indiana Pacers,95,Toronto Raptors,97
Wed Nov 26 2025,Memphis Grizzlies,133,New Orleans Pelicans,128
Wed Nov 26 2025,Houston Rockets,104,Golden State Warriors,100
Wed Nov 26 2025,San Antonio Spurs,115,Portland Trail Blazers,102
Wed Nov 26 2025,Phoenix Suns,112,Sacramento Kings,100
Fri Nov 28 2025,Cleveland Cavaliers,123,Atlanta Hawks,130
Fri Nov 28 2025,Philadelphia 76ers,115,Brooklyn Nets,103
Fri Nov 28 2025,Chicago Bulls,116,Charlotte Hornets,123
Fri Nov 28 2025,Orlando Magic,112,Detroit Pistons,109
Fri Nov 28 2025,Washington Wizards,86,Indiana Pacers,119
Fri Nov 28 2025,Milwaukee Bucks,109,New York Knicks,118
Fri Nov 28 2025,San Antonio Spurs,139,Denver Nuggets,136
Fri Nov 28 2025,Phoenix Suns,119,Oklahoma City Thunder,123
Fri Nov 28 2025,Sacramento Kings,119,Utah Jazz,128
Fri Nov 28 2025,Memphis Grizzlies,112,Los Angeles Clippers,107
Fri Nov 28 2025,Dallas Mavericks,119,Los Angeles Lakers,129
Sat Nov 29 2025,Boston Celtics,115,Minnesota Timberwolves,119
Sat Nov 29 2025,Toronto Raptors,111,Charlotte Hornets,118
Sat Nov 29 2025,Chicago Bulls,101,Indiana Pacers,103
Sat Nov 29 2025,Detroit Pistons,138,Miami Heat,135
Sat Nov 29 2025,Brooklyn Nets,99,Milwaukee Bucks,116
Sat Nov 29 2025,New Orleans Pelicans,96,Golden State Warriors,104
Sat Nov 29 2025,Denver Nuggets,130,Phoenix Suns,112
Sat Nov 29 2025,Dallas Mavericks,114,Los Angeles Clippers,110
Sun Nov 30 2025,Houston Rockets,129,Utah Jazz,101
Sun Nov 30 2025,Boston Celtics,117,Cleveland Cavaliers,115
Sun Nov 30 2025,Toronto Raptors,94,New York Knicks,116
Sun Nov 30 2025,Atlanta Hawks,142,Philadelphia 76ers,134
Sun Nov 30 2025,Oklahoma City Thunder,123,Portland Trail Blazers,115
Sun Nov 30 2025,San Antonio Spurs,112,Minnesota Timberwolves,125
Sun Nov 30 2025,Memphis Grizzlies,115,Sacramento Kings,107
Sun Nov 30 2025,New Orleans Pelicans,121,Los Angeles Lakers,133
Mon Dec 1 2025,Atlanta Hawks,98,Detroit Pistons,99
Mon Dec 1 2025,Cleveland Cavaliers,135,Indiana Pacers,119
Mon Dec 1 2025,Milwaukee Bucks,126,Washington Wizards,129
Mon Dec 1 2025,Charlotte Hornets,103,Brooklyn Nets,116
Mon Dec 1 2025,Los Angeles Clippers,123,Miami Heat,140
Mon Dec 1 2025,Chicago Bulls,120,Orlando Magic,125
Mon Dec 1 2025,Dallas Mavericks,131,Denver Nuggets,121
Mon Dec 1 2025,Houston Rockets,125,Utah Jazz,133
Mon Dec 1 2025,Phoenix Suns,125,Los Angeles Lakers,108
Tue Dec 2 2025,Washington Wizards,102,Philadelphia 76ers,121
Tue Dec 2 2025,Portland Trail Blazers,118,Toronto Raptors,121
Tue Dec 2 2025,New York Knicks,117,Boston Celtics,123
Tue Dec 2 2025,Minnesota Timberwolves,149,New Orleans Pelicans,142
Tue Dec 2 2025,Memphis Grizzlies,119,San Antonio Spurs,126
Tue Dec 2 2025,Oklahoma City Thunder,124,Golden State Warriors,112
Wed Dec 3 2025,Portland Trail Blazers,122,Cleveland Cavaliers,110
Wed Dec 3 2025,Denver Nuggets,135,Indiana Pacers,120
Wed Dec 3 2025,San Antonio Spurs,114,Orlando Magic,112
Wed Dec 3 2025,Los Angeles Clippers,115,Atlanta Hawks,92
Wed Dec 3 2025,Charlotte Hornets,104,New York Knicks,119
Wed Dec 3 2025,Brooklyn Nets,113,Chicago Bulls,103
Wed Dec 3 2025,Sacramento Kings,95,Houston Rockets,121
Wed Dec 3 2025,Detroit Pistons,109,Milwaukee Bucks,113
Wed Dec 3 2025,Miami Heat,108,Dallas Mavericks,118
Thu Dec 4 2025,Golden State Warriors,98,Philadelphia 76ers,99
Thu Dec 4 2025,Boston Celtics,146,Washington Wizards,101
Thu Dec 4 2025,Utah Jazz,123,Brooklyn Nets,110
Thu Dec 4 2025,Los Angeles Lakers,123,Toronto Raptors,120
Thu Dec 4 2025,Minnesota Timberwolves,125,New Orleans Pelicans,116
Fri Dec 5 2025,Los Angeles Lakers,105,Boston Celtics,126
Fri Dec 5 2025,Miami Heat,105,Orlando Magic,106
Fri Dec 5 2025,Denver Nuggets,134,Atlanta Hawks,133
Fri Dec 5 2025,San Antonio Spurs,117,Cleveland Cavaliers,130
Fri Dec 5 2025,Portland Trail Blazers,116,Detroit Pistons,122
Fri Dec 5 2025,Utah Jazz,112,New York Knicks,146
Fri Dec 5 2025,Charlotte Hornets,111,Toronto Raptors,86
Fri Dec 5 2025,Indiana Pacers,120,Chicago Bulls,105
Fri Dec 5 2025,Phoenix Suns,98,Houston Rockets,117
Fri Dec 5 2025,Los Angeles Clippers,98,Memphis Grizzlies,107
Fri Dec 5 2025,Philadelphia 76ers,116,Milwaukee Bucks,101
Fri Dec 5 2025,Dallas Mavericks,111,Oklahoma City Thunder,132
Sat Dec 6 2025,New Orleans Pelicans,101,Brooklyn Nets,119
Sat Dec 6 2025,Atlanta Hawks,131,Washington Wizards,116
Sat Dec 6 2025,Golden State Warriors,99,Cleveland Cavaliers,94
Sat Dec 6 2025,Milwaukee Bucks,112,Detroit Pistons,124
Sat Dec 6 2025,Sacramento Kings,127,Miami Heat,111
Sat Dec 6 2025,Los Angeles Clippers,106,Minnesota Timberwolves,109
Sat Dec 6 2025,Houston Rockets,109,Dallas Mavericks,122
Sun Dec 7 2025,Orlando Magic,100,New York Knicks,106
Sun Dec 7 2025,Boston Celtics,121,Toronto Raptors,113
Sun Dec 7 2025,Denver Nuggets,115,Charlotte Hornets,106
Sun Dec 7 2025,Portland Trail Blazers,96,Memphis Grizzlies,119
Sun Dec 7 2025,Golden State Warriors,123,Chicago Bulls,91
Sun Dec 7 2025,Los Angeles Lakers,112,Philadelphia 76ers,108
Sun Dec 7 2025,Oklahoma City Thunder,131,Utah Jazz,101
Mon Dec 8 2025,Sacramento Kings,105,Indiana Pacers,116
Mon Dec 8 2025,Phoenix Suns,108,Minnesota Timberwolves,105
Mon Dec 8 2025,San Antonio Spurs,135,New Orleans Pelicans,132
Tue Dec 9 2025,Miami Heat,108,Orlando Magic,117
Tue Dec 9 2025,New York Knicks,117,Toronto Raptors,101
Wed Dec 10 2025,Phoenix Suns,89,Oklahoma City Thunder,138
Wed Dec 10 2025,San Antonio Spurs,132,Los Angeles Lakers,119
Thu Dec 11 2025,Los Angeles Clippers,113,Houston Rockets,115
Thu Dec 11 2025,Boston Celtics,101,Milwaukee Bucks,116
Thu Dec 11 2025,Portland Trail Blazers,120,New Orleans Pelicans,143
Thu Dec 11 2025,Denver Nuggets,136,Sacramento Kings,105
Fri Dec 12 2025,Chicago Bulls,129,Charlotte Hornets,126
Fri Dec 12 2025,Atlanta Hawks,115,Detroit Pistons,142
Fri Dec 12 2025,Indiana Pacers,105,Philadelphia 76ers,115
Fri Dec 12 2025,Cleveland Cavaliers,130,Washington Wizards,126
Fri Dec 12 2025,Utah Jazz,130,Memphis Grizzlies,126
Fri Dec 12 2025,Brooklyn Nets,111,Dallas Mavericks,119
Fri Dec 12 2025,Minnesota Timberwolves,127,Golden State Warriors,120
Sat Dec 13 2025,New York Knicks,132,Orlando Magic,120
Sat Dec 13 2025,San Antonio Spurs,111,Oklahoma City Thunder,109
Sun Dec 14 2025,Washington Wizards,108,Indiana Pacers,89
Sun Dec 14 2025,Charlotte Hornets,119,Cleveland Cavaliers,111
Sun Dec 14 2025,Philadelphia 76ers,117,Atlanta Hawks,120
Sun Dec 14 2025,Milwaukee Bucks,82,Brooklyn Nets,127
Sun Dec 14 2025,New Orleans Pelicans,114,Chicago Bulls,104
Sun Dec 14 2025,Sacramento Kings,103,Minnesota Timberwolves,117
Sun Dec 14 2025,Los Angeles Lakers,116,Phoenix Suns,114
Sun Dec 14 2025,Golden State Warriors,131,Portland Trail Blazers,136
Mon Dec 15 2025,Detroit Pistons,112,Boston Celtics,105
Mon Dec 15 2025,Toronto Raptors,106,Miami Heat,96
Mon Dec 15 2025,Dallas Mavericks,133,Utah Jazz,140
Mon Dec 15 2025,Houston Rockets,125,Denver Nuggets,128
Mon Dec 15 2025,Memphis Grizzlies,121,Los Angeles Clippers,103
Tue Dec 16 2025,San Antonio Spurs,113,New York Knicks,124
Wed Dec 17 2025,Cleveland Cavaliers,111,Chicago Bulls,127
Wed Dec 17 2025,Memphis Grizzlies,116,Minnesota Timberwolves,110
Thu Dec 18 2025,Atlanta Hawks,126,Charlotte Hornets,133
Thu Dec 18 2025,New York Knicks,114,Indiana Pacers,113
Thu Dec 18 2025,Miami Heat,106,Brooklyn Nets,95
Thu Dec 18 2025,Toronto Raptors,111,Milwaukee Bucks,105
Thu Dec 18 2025,Houston Rockets,128,New Orleans Pelicans,133
Thu Dec 18 2025,Los Angeles Clippers,101,Oklahoma City Thunder,122
Thu Dec 18 2025,Washington Wizards,94,San Antonio Spurs,119
Thu Dec 18 2025,Detroit Pistons,114,Dallas Mavericks,116
Thu Dec 18 2025,Orlando Magic,115,Denver Nuggets,126
Thu Dec 18 2025,Golden State Warriors,98,Phoenix Suns,99
Thu Dec 18 2025,Los Angeles Lakers,143,Utah Jazz,135
Thu Dec 18 2025,Sacramento Kings,133,Portland Trail Blazers,134
Fri Dec 19 2025,Miami Heat,116,Boston Celtics,129
Fri Dec 19 2025,Philadelphia 76ers,116,New York Knicks,107
Fri Dec 19 2025,San Antonio Spurs,126,Atlanta Hawks,98
Fri Dec 19 2025,Chicago Bulls,136,Cleveland Cavaliers,125
Fri Dec 19 2025,Oklahoma City Thunder,107,Minnesota Timberwolves,112
Sat Dec 20 2025,Houston Rockets,115,Denver Nuggets,101
Sat Dec 20 2025,Indiana Pacers,109,New Orleans Pelicans,128
Sat Dec 20 2025,Dallas Mavericks,114,Philadelphia 76ers,121
Sat Dec 20 2025,Boston Celtics,112,Toronto Raptors,96
Sat Dec 20 2025,Charlotte Hornets,86,Detroit Pistons,112
Sat Dec 20 2025,Washington Wizards,130,Memphis Grizzlies,122
Sat Dec 20 2025,Phoenix Suns,116,Golden State Warriors,119
Sat Dec 20 2025,Orlando Magic,128,Utah Jazz,127
Sat Dec 20 2025,Portland Trail Blazers,98,Sacramento Kings,93
Sat Dec 20 2025,Los Angeles Lakers,88,Los Angeles Clippers,103
Sun Dec 21 2025,Chicago Bulls,152,Atlanta Hawks,150
Sun Dec 21 2025,Toronto Raptors,81,Brooklyn Nets,96
Sun Dec 21 2025,Miami Heat,125,New York Knicks,132
Sun Dec 21 2025,Milwaukee Bucks,100,Minnesota Timberwolves,103
Sun Dec 21 2025,San Antonio Spurs,124,Washington Wizards,113
Sun Dec 21 2025,Houston Rockets,124,Sacramento Kings,125
Mon Dec 22 2025,Charlotte Hornets,132,Cleveland Cavaliers,139
Mon Dec 22 2025,Indiana Pacers,95,Boston Celtics,103
Mon Dec 22 2025,Dallas Mavericks,113,New Orleans Pelicans,119
Mon Dec 22 2025,Utah Jazz,112,Denver Nuggets,135
Mon Dec 22 2025,Memphis Grizzlies,103,Oklahoma City Thunder,119
Mon Dec 22 2025,Orlando Magic,97,Golden State Warriors,120
Mon Dec 22 2025,Detroit Pistons,110,Portland Trail Blazers,102
Tue Dec 23 2025,Washington Wizards,109,Charlotte Hornets,126
Tue Dec 23 2025,Brooklyn Nets,114,Philadelphia 76ers,106
Tue Dec 23 2025,Chicago Bulls,126,Atlanta Hawks,123
Tue Dec 23 2025,New Orleans Pelicans,118,Cleveland Cavaliers,141
Tue Dec 23 2025,Milwaukee Bucks,111,Indiana Pacers,94
Tue Dec 23 2025,Toronto Raptors,112,Miami Heat,91
Tue Dec 23 2025,Denver Nuggets,130,Dallas Mavericks,131
Tue Dec 23 2025,New York Knicks,104,Minnesota Timberwolves,115
Tue Dec 23 2025,Oklahoma City Thunder,110,San Antonio Spurs,130
Tue Dec 23 2025,Los Angeles Lakers,108,Phoenix Suns,132
Tue Dec 23 2025,Memphis Grizzlies,137,Utah Jazz,128
Tue Dec 23 2025,Orlando Magic,110,Portland Trail Blazers,106
Tue Dec 23 2025,Detroit Pistons,136,Sacramento Kings,127
Tue Dec 23 2025,Houston Rockets,108,Los Angeles Clippers,128
Thu Dec 25 2025,Cleveland Cavaliers,124,New York Knicks,126
Thu Dec 25 2025,San Antonio Spurs,117,Oklahoma City Thunder,102
Thu Dec 25 2025,Dallas Mavericks,116,Golden State Warriors,126
Thu Dec 25 2025,Houston Rockets,119,Los Angeles Lakers,96
Thu Dec 25 2025,Minnesota Timberwolves,138,Denver Nuggets,142
Fri Dec 26 2025,Miami Heat,126,Atlanta Hawks,111
Fri Dec 26 2025,Boston Celtics,140,Indiana Pacers,122
Fri Dec 26 2025,Charlotte Hornets,120,Orlando Magic,105
Fri Dec 26 2025,Toronto Raptors,117,Washington Wizards,138
Fri Dec 26 2025,Philadelphia 76ers,102,Chicago Bulls,109
Fri Dec 26 2025,Milwaukee Bucks,104,Memphis Grizzlies,125
Fri Dec 26 2025,Phoenix Suns,115,New Orleans Pelicans,108
Fri Dec 26 2025,Detroit Pistons,129,Utah Jazz,131
Fri Dec 26 2025,Los Angeles Clippers,119,Portland Trail Blazers,103
Sat Dec 27 2025,Dallas Mavericks,107,Sacramento Kings,113
Sat Dec 27 2025,Phoenix Suns,123,New Orleans Pelicans,114
Sat Dec 27 2025,Denver Nuggets,126,Orlando Magic,127
Sat Dec 27 2025,New York Knicks,128,Atlanta Hawks,125
Sat Dec 27 2025,Milwaukee Bucks,112,Chicago Bulls,103
Sat Dec 27 2025,Cleveland Cavaliers,100,Houston Rockets,117
Sat Dec 27 2025,Indiana Pacers,116,Miami Heat,142
Sat Dec 27 2025,Brooklyn Nets,123,Minnesota Timberwolves,107
Sat Dec 27 2025,Utah Jazz,127,San Antonio Spurs,114
Sun Dec 28 2025,Philadelphia 76ers,104,Oklahoma City Thunder,129
Sun Dec 28 2025,Golden State Warriors,127,Toronto Raptors,141
Sun Dec 28 2025,Boston Celtics,108,Portland Trail Blazers,114
Sun Dec 28 2025,Memphis Grizzlies,112,Washington Wizards,116
Sun Dec 28 2025,Detroit Pistons,99,Los Angeles Clippers,112
Sun Dec 28 2025,Sacramento Kings,101,Los Angeles Lakers,125
Mon Dec 29 2025,Milwaukee Bucks,123,Charlotte Hornets,113
Mon Dec 29 2025,Phoenix Suns,115,Washington Wizards,101
Mon Dec 29 2025,Golden State Warriors,120,Brooklyn Nets,107
Mon Dec 29 2025,Denver Nuggets,123,Miami Heat,147
Mon Dec 29 2025,Orlando Magic,106,Toronto Raptors,107
Mon Dec 29 2025,Minnesota Timberwolves,136,Chicago Bulls,101
Mon Dec 29 2025,Indiana Pacers,119,Houston Rockets,126
Mon Dec 29 2025,New York Knicks,130,New Orleans Pelicans,125
Mon Dec 29 2025,Atlanta Hawks,129,Oklahoma City Thunder,140
Mon Dec 29 2025,Cleveland Cavaliers,113,San Antonio Spurs,101
Mon Dec 29 2025,Dallas Mavericks,122,Portland Trail Blazers,125
Tue Dec 30 2025,Philadelphia 76ers,139,Memphis Grizzlies,136
Tue Dec 30 2025,Boston Celtics,129,Utah Jazz,119
Tue Dec 30 2025,Detroit Pistons,128,Los Angeles Lakers,106
Tue Dec 30 2025,Sacramento Kings,90,Los Angeles Clippers,131
Wed Dec 31 2025,Golden State Warriors,132,Charlotte Hornets,125
Wed Dec 31 2025,Minnesota Timberwolves,102,Atlanta Hawks,126
Wed Dec 31 2025,Orlando Magic,112,Indiana Pacers,110
Wed Dec 31 2025,Phoenix Suns,113,Cleveland Cavaliers,129
Wed Dec 31 2025,New Orleans Pelicans,118,Chicago Bulls,134
Wed Dec 31 2025,New York Knicks,132,San Antonio Spurs,134
Wed Dec 31 2025,Denver Nuggets,106,Toronto Raptors,103
Wed Dec 31 2025,Washington Wizards,114,Milwaukee Bucks,113
Wed Dec 31 2025,Portland Trail Blazers,95,Oklahoma City Thunder,124
Thu Jan 1 2026,Houston Rockets,120,Brooklyn Nets,96
Thu Jan 1 2026,Miami Heat,118,Detroit Pistons,112
Thu Jan 1 2026,Philadelphia 76ers,123,Dallas Mavericks,108
Thu Jan 1 2026,Boston Celtics,120,Sacramento Kings,106
Thu Jan 1 2026,Utah Jazz,101,Los Angeles Clippers,118
Fri Jan 2 2026,San Antonio Spurs,123,Indiana Pacers,113
Fri Jan 2 2026,Brooklyn Nets,99,Washington Wizards,119
Fri Jan 2 2026,Denver Nuggets,108,Cleveland Cavaliers,113
Fri Jan 2 2026,Atlanta Hawks,111,New York Knicks,99
Fri Jan 2 2026,Orlando Magic,114,Chicago Bulls,121
Fri Jan 2 2026,Charlotte Hornets,121,Milwaukee Bucks,122
Fri Jan 2 2026,Portland Trail Blazers,122,New Orleans Pelicans,109
Fri Jan 2 2026,Sacramento Kings,102,Phoenix Suns,129
Fri Jan 2 2026,Oklahoma City Thunder,131,Golden State Warriors,94
Fri Jan 2 2026,Memphis Grizzlies,121,Los Angeles Lakers,128
Sat Jan 3 2026,Minnesota Timberwolves,125,Miami Heat,115
Sat Jan 3 2026,Philadelphia 76ers,130,New York Knicks,119
Sat Jan 3 2026,Atlanta Hawks,117,Toronto Raptors,134
Sat Jan 3 2026,Charlotte Hornets,112,Chicago Bulls,99
Sat Jan 3 2026,Portland Trail Blazers,115,San Antonio Spurs,110
Sat Jan 3 2026,Houston Rockets,104,Dallas Mavericks,110
Sat Jan 3 2026,Utah Jazz,114,Golden State Warriors,123
Sat Jan 3 2026,Boston Celtics,146,Los Angeles Clippers,115
Sun Jan 4 2026,Detroit Pistons,114,Cleveland Cavaliers,110
Sun Jan 4 2026,Indiana Pacers,127,Orlando Magic,135
Sun Jan 4 2026,Denver Nuggets,115,Brooklyn Nets,127
Sun Jan 4 2026,New Orleans Pelicans,106,Miami Heat,125
Sun Jan 4 2026,Minnesota Timberwolves,141,Washington Wizards,115
Sun Jan 4 2026,Oklahoma City Thunder,105,Phoenix Suns,108
Sun Jan 4 2026,Milwaukee Bucks,115,Sacramento Kings,98
Sun Jan 4 2026,Memphis Grizzlies,114,Los Angeles Lakers,120
Mon Jan 5 2026,New York Knicks,90,Detroit Pistons,121
Mon Jan 5 2026,Chicago Bulls,101,Boston Celtics,115
Mon Jan 5 2026,Atlanta Hawks,100,Toronto Raptors,118
Mon Jan 5 2026,Phoenix Suns,97,Houston Rockets,100
Mon Jan 5 2026,Charlotte Hornets,124,Oklahoma City Thunder,97
Mon Jan 5 2026,Denver Nuggets,125,Philadelphia 76ers,124
Mon Jan 5 2026,Golden State Warriors,102,Los Angeles Clippers,103
Mon Jan 5 2026,Utah Jazz,117,Portland Trail Blazers,137
Tue Jan 6 2026,Cleveland Cavaliers,120,Indiana Pacers,116
Tue Jan 6 2026,Orlando Magic,112,Washington Wizards,120
Tue Jan 6 2026,San Antonio Spurs,105,Memphis Grizzlies,106
Tue Jan 6 2026,Miami Heat,94,Minnesota Timberwolves,122
Tue Jan 6 2026,Los Angeles Lakers,111,New Orleans Pelicans,103
Tue Jan 6 2026,Dallas Mavericks,100,Sacramento Kings,98
Wed Jan 7 2026,Denver Nuggets,114,Boston Celtics,110
Wed Jan 7 2026,Toronto Raptors,97,Charlotte Hornets,96
Wed Jan 7 2026,Chicago Bulls,93,Detroit Pistons,108
Wed Jan 7 2026,Washington Wizards,110,Philadelphia 76ers,131
Wed Jan 7 2026,New Orleans Pelicans,100,Atlanta Hawks,117
Wed Jan 7 2026,Orlando Magic,104,Brooklyn Nets,103
Wed Jan 7 2026,Los Angeles Clippers,111,New York Knicks,123
Wed Jan 7 2026,Phoenix Suns,117,Memphis Grizzlies,98
Wed Jan 7 2026,Utah Jazz,125,Oklahoma City Thunder,129
Wed Jan 7 2026,Los Angeles Lakers,91,San Antonio Spurs,107
Wed Jan 7 2026,Milwaukee Bucks,113,Golden State Warriors,120
Wed Jan 7 2026,Houston Rockets,102,Portland Trail Blazers,103
Thu Jan 8 2026,Indiana Pacers,114,Charlotte Hornets,112
Thu Jan 8 2026,Cleveland Cavaliers,122,Minnesota Timberwolves,131
Thu Jan 8 2026,Dallas Mavericks,114,Utah Jazz,116
Fri Jan 9 2026,Toronto Raptors,117,Boston Celtics,125
Fri Jan 9 2026,Philadelphia 76ers,103,Orlando Magic,91
Fri Jan 9 2026,New Orleans Pelicans,128,Washington Wizards,107
Fri Jan 9 2026,Los Angeles Clippers,121,Brooklyn Nets,105
Fri Jan 9 2026,Oklahoma City Thunder,117,Memphis Grizzlies,116
Fri Jan 9 2026,Atlanta Hawks,110,Denver Nuggets,87
Fri Jan 9 2026,New York Knicks,107,Phoenix Suns,112
Fri Jan 9 2026,Sacramento Kings,103,Golden State Warriors,137
Fri Jan 9 2026,Houston Rockets,105,Portland Trail Blazers,111
Fri Jan 9 2026,Milwaukee Bucks,105,Los Angeles Lakers,101
Sat Jan 10 2026,Minnesota Timberwolves,134,Cleveland Cavaliers,146
Sat Jan 10 2026,Miami Heat,99,Indiana Pacers,123
Sat Jan 10 2026,Los Angeles Clippers,98,Detroit Pistons,92
Sat Jan 10 2026,San Antonio Spurs,100,Boston Celtics,95
Sat Jan 10 2026,Dallas Mavericks,107,Chicago Bulls,125
Sat Jan 10 2026,Charlotte Hornets,150,Utah Jazz,95
Sun Jan 11 2026,New Orleans Pelicans,118,Orlando Magic,128
Sun Jan 11 2026,Brooklyn Nets,98,Memphis Grizzlies,103
Sun Jan 11 2026,New York Knicks,123,Portland Trail Blazers,114
Sun Jan 11 2026,Philadelphia 76ers,115,Toronto Raptors,116
Sun Jan 11 2026,San Antonio Spurs,103,Minnesota Timberwolves,104
Sun Jan 11 2026,Miami Heat,112,Oklahoma City Thunder,124
Sun Jan 11 2026,Milwaukee Bucks,104,Denver Nuggets,108
Sun Jan 11 2026,Washington Wizards,93,Phoenix Suns,112
Sun Jan 11 2026,Atlanta Hawks,124,Golden State Warriors,111
Sun Jan 11 2026,Houston Rockets,98,Sacramento Kings,111
Mon Jan 12 2026,Utah Jazz,123,Cleveland Cavaliers,112
Mon Jan 12 2026,Boston Celtics,96,Indiana Pacers,98
Mon Jan 12 2026,Philadelphia 76ers,115,Toronto Raptors,102
Mon Jan 12 2026,Brooklyn Nets,105,Dallas Mavericks,113
Mon Jan 12 2026,Los Angeles Lakers,112,Sacramento Kings,124
Mon Jan 12 2026,Charlotte Hornets,109,Los Angeles Clippers,117
Tue Jan 13 2026,Phoenix Suns,121,Miami Heat,127
Tue Jan 13 2026,Chicago Bulls,113,Houston Rockets,119
Tue Jan 13 2026,Minnesota Timberwolves,139,Milwaukee Bucks,106
Tue Jan 13 2026,Denver Nuggets,122,New Orleans Pelicans,116
Tue Jan 13 2026,San Antonio Spurs,98,Oklahoma City Thunder,119
Tue Jan 13 2026,Atlanta Hawks,116,Los Angeles Lakers,141
Tue Jan 13 2026,Portland Trail Blazers,97,Golden State Warriors,119
Wed Jan 14 2026,Toronto Raptors,115,Indiana Pacers,101
Wed Jan 14 2026,Cleveland Cavaliers,133,Philadelphia 76ers,107
Wed Jan 14 2026,Utah Jazz,126,Chicago Bulls,128
Wed Jan 14 2026,Brooklyn Nets,113,New Orleans Pelicans,116
Wed Jan 14 2026,Denver Nuggets,118,Dallas Mavericks,109
Wed Jan 14 2026,New York Knicks,101,Sacramento Kings,112
Wed Jan 14 2026,Washington Wizards,105,Los Angeles Clippers,119
Thu Jan 15 2026,Memphis Grizzlies,111,Orlando Magic,118
Thu Jan 15 2026,Phoenix Suns,105,Detroit Pistons,108
Thu Jan 15 2026,Oklahoma City Thunder,111,Houston Rockets,91
Thu Jan 15 2026,Boston Celtics,119,Miami Heat,114
Thu Jan 15 2026,Milwaukee Bucks,101,San Antonio Spurs,119
Thu Jan 15 2026,Utah Jazz,122,Dallas Mavericks,144
Thu Jan 15 2026,New York Knicks,113,Golden State Warriors,126
Thu Jan 15 2026,Atlanta Hawks,101,Portland Trail Blazers,117
Thu Jan 15 2026,Charlotte Hornets,135,Los Angeles Lakers,117
Fri Jan 16 2026,New Orleans Pelicans,119,Indiana Pacers,127
Fri Jan 16 2026,Cleveland Cavaliers,117,Philadelphia 76ers,115
Fri Jan 16 2026,Chicago Bulls,109,Brooklyn Nets,112
Fri Jan 16 2026,Los Angeles Clippers,121,Toronto Raptors,117
Fri Jan 16 2026,Minnesota Timberwolves,105,Houston Rockets,110
Fri Jan 16 2026,Washington Wizards,115,Sacramento Kings,128
Sat Jan 17 2026,Utah Jazz,120,Dallas Mavericks,138
Sat Jan 17 2026,Boston Celtics,132,Atlanta Hawks,106
Sat Jan 17 2026,Indiana Pacers,78,Detroit Pistons,121
Sat Jan 17 2026,Phoenix Suns,106,New York Knicks,99
Sat Jan 17 2026,Oklahoma City Thunder,120,Miami Heat,122
Sat Jan 17 2026,Minnesota Timberwolves,123,San Antonio Spurs,126
Sat Jan 17 2026,Charlotte Hornets,116,Golden State Warriors,136
Sat Jan 17 2026,Washington Wizards,115,Denver Nuggets,121
Sat Jan 17 2026,Los Angeles Lakers,116,Portland Trail Blazers,132
Sun Jan 18 2026,Orlando Magic,109,Memphis Grizzlies,126
Sun Jan 18 2026,Brooklyn Nets,102,Chicago Bulls,124
Sun Jan 18 2026,New Orleans Pelicans,110,Houston Rockets,119
Sun Jan 18 2026,Charlotte Hornets,110,Denver Nuggets,87
Sun Jan 18 2026,Portland Trail Blazers,117,Sacramento Kings,110
Sun Jan 18 2026,Toronto Raptors,93,Los Angeles Lakers,110
Mon Jan 19 2026,Milwaukee Bucks,112,Atlanta Hawks,110
Mon Jan 19 2026,Oklahoma City Thunder,136,Cleveland Cavaliers,104
Mon Jan 19 2026,Los Angeles Clippers,110,Washington Wizards,106
Mon Jan 19 2026,Dallas Mavericks,114,New York Knicks,97
Mon Jan 19 2026,Utah Jazz,110,San Antonio Spurs,123
Mon Jan 19 2026,Indiana Pacers,104,Philadelphia 76ers,113
Mon Jan 19 2026,Phoenix Suns,126,Brooklyn Nets,117
Mon Jan 19 2026,Boston Celtics,103,Detroit Pistons,104
Mon Jan 19 2026,Miami Heat,112,Golden State Warriors,135
Tue Jan 20 2026,Phoenix Suns,116,Philadelphia 76ers,110
Tue Jan 20 2026,Los Angeles Clippers,110,Chicago Bulls,138
Tue Jan 20 2026,San Antonio Spurs,106,Houston Rockets,111
Tue Jan 20 2026,Minnesota Timberwolves,122,Utah Jazz,127
Tue Jan 20 2026,Los Angeles Lakers,115,Denver Nuggets,107
Tue Jan 20 2026,Toronto Raptors,145,Golden State Warriors,127
Tue Jan 20 2026,Miami Heat,130,Sacramento Kings,117
Wed Jan 21 2026,Cleveland Cavaliers,94,Charlotte Hornets,87
Wed Jan 21 2026,Indiana Pacers,104,Boston Celtics,119
Wed Jan 21 2026,Brooklyn Nets,66,New York Knicks,120
Wed Jan 21 2026,Atlanta Hawks,124,Memphis Grizzlies,122
Wed Jan 21 2026,Detroit Pistons,112,New Orleans Pelicans,104
Wed Jan 21 2026,Oklahoma City Thunder,122,Milwaukee Bucks,102
Wed Jan 21 2026,Toronto Raptors,122,Sacramento Kings,109
Thu Jan 22 2026,Charlotte Hornets,124,Orlando Magic,97
Thu Jan 22 2026,Houston Rockets,122,Philadelphia 76ers,128
Thu Jan 22 2026,Denver Nuggets,107,Washington Wizards,97
Thu Jan 22 2026,Golden State Warriors,115,Dallas Mavericks,123
Thu Jan 22 2026,Chicago Bulls,120,Minnesota Timberwolves,115
Thu Jan 22 2026,San Antonio Spurs,126,Utah Jazz,109
Thu Jan 22 2026,Los Angeles Lakers,104,Los Angeles Clippers,112
Thu Jan 22 2026,Miami Heat,110,Portland Trail Blazers,127
Fri Jan 23 2026,Houston Rockets,111,Detroit Pistons,104
Fri Jan 23 2026,Phoenix Suns,103,Atlanta Hawks,110
Fri Jan 23 2026,Boston Celtics,130,Brooklyn Nets,126
Fri Jan 23 2026,Sacramento Kings,118,Cleveland Cavaliers,123
Fri Jan 23 2026,New Orleans Pelicans,133,Memphis Grizzlies,127
Fri Jan 23 2026,Indiana Pacers,117,Oklahoma City Thunder,114
Fri Jan 23 2026,Denver Nuggets,102,Milwaukee Bucks,100
Fri Jan 23 2026,Toronto Raptors,110,Portland Trail Blazers,98
Sat Jan 24 2026,Washington Wizards,115,Charlotte Hornets,119
Sat Jan 24 2026,New York Knicks,112,Philadelphia 76ers,109
Sat Jan 24 2026,Cleveland Cavaliers,119,Orlando Magic,105
Sat Jan 24 2026,Boston Celtics,111,Chicago Bulls,114
Sat Jan 24 2026,Los Angeles Lakers,116,Dallas Mavericks,110
Sat Jan 24 2026,Miami Heat,147,Utah Jazz,116
Sun Jan 25 2026,Sacramento Kings,116,Detroit Pistons,139
Sun Jan 25 2026,Golden State Warriors,111,Minnesota Timberwolves,85
Sun Jan 25 2026,Toronto Raptors,103,Oklahoma City Thunder,101
Sun Jan 25 2026,New Orleans Pelicans,104,San Antonio Spurs,95
Sun Jan 25 2026,Miami Heat,111,Phoenix Suns,102
Sun Jan 25 2026,Brooklyn Nets,89,Los Angeles Clippers,126
Mon Jan 26 2026,Indiana Pacers,116,Atlanta Hawks,132
Mon Jan 26 2026,Philadelphia 76ers,93,Charlotte Hornets,130
Mon Jan 26 2026,Orlando Magic,98,Cleveland Cavaliers,114
Mon Jan 26 2026,Portland Trail Blazers,94,Boston Celtics,102
Mon Jan 26 2026,Los Angeles Lakers,129,Chicago Bulls,118
Mon Jan 26 2026,Memphis Grizzlies,99,Houston Rockets,108
Mon Jan 26 2026,Golden State Warriors,83,Minnesota Timberwolves,108
Tue Jan 27 2026,Portland Trail Blazers,111,Washington Wizards,115
Tue Jan 27 2026,Sacramento Kings,87,New York Knicks,103
Tue Jan 27 2026,New Orleans Pelicans,95,Oklahoma City Thunder,104
Tue Jan 27 2026,Milwaukee Bucks,122,Philadelphia 76ers,139
Tue Jan 27 2026,Detroit Pistons,109,Denver Nuggets,107
Tue Jan 27 2026,Brooklyn Nets,102,Phoenix Suns,106
Tue Jan 27 2026,Los Angeles Clippers,115,Utah Jazz,103
Wed Jan 28 2026,Los Angeles Lakers,99,Cleveland Cavaliers,129
Wed Jan 28 2026,Chicago Bulls,110,Indiana Pacers,113
Wed Jan 28 2026,Atlanta Hawks,117,Boston Celtics,106
Wed Jan 28 2026,Orlando Magic,133,Miami Heat,124
Wed Jan 28 2026,New York Knicks,119,Toronto Raptors,92
Wed Jan 28 2026,Charlotte Hornets,112,Memphis Grizzlies,97
Wed Jan 28 2026,Minnesota Timberwolves,118,Dallas Mavericks,105
Wed Jan 28 2026,Golden State Warriors,140,Utah Jazz,124
Wed Jan 28 2026,San Antonio Spurs,111,Houston Rockets,99
Thu Jan 29 2026,Sacramento Kings,111,Philadelphia 76ers,113
Thu Jan 29 2026,Milwaukee Bucks,99,Washington Wizards,109
Thu Jan 29 2026,Houston Rockets,104,Atlanta Hawks,86
Thu Jan 29 2026,Miami Heat,116,Chicago Bulls,113
Thu Jan 29 2026,Charlotte Hornets,123,Dallas Mavericks,121
Thu Jan 29 2026,Brooklyn Nets,103,Denver Nuggets,107
Thu Jan 29 2026,Detroit Pistons,96,Phoenix Suns,114
Thu Jan 29 2026,Oklahoma City Thunder,111,Minnesota Timberwolves,123
Fri Jan 30 2026,Los Angeles Lakers,142,Washington Wizards,111
Fri Jan 30 2026,Sacramento Kings,93,Boston Celtics,112
Fri Jan 30 2026,Memphis Grizzlies,106,New Orleans Pelicans,114
Fri Jan 30 2026,Portland Trail Blazers,97,New York Knicks,127
Fri Jan 30 2026,Toronto Raptors,120,Orlando Magic,130
Fri Jan 30 2026,Los Angeles Clippers,109,Denver Nuggets,122
Fri Jan 30 2026,Cleveland Cavaliers,113,Phoenix Suns,126
Fri Jan 30 2026,Brooklyn Nets,109,Utah Jazz,99
Fri Jan 30 2026,Detroit Pistons,131,Golden State Warriors,124
Sat Jan 31 2026,San Antonio Spurs,106,Charlotte Hornets,111
Sat Jan 31 2026,Atlanta Hawks,124,Indiana Pacers,129
Sat Jan 31 2026,New Orleans Pelicans,114,Philadelphia 76ers,124
Sat Jan 31 2026,Minnesota Timberwolves,131,Memphis Grizzlies,114
Sat Jan 31 2026,Chicago Bulls,125,Miami Heat,118
Sat Jan 31 2026,Dallas Mavericks,107,Houston Rockets,111
Sun Feb 1 2026,Milwaukee Bucks,79,Boston Celtics,107
Sun Feb 1 2026,Brooklyn Nets,77,Detroit Pistons,130
Sun Feb 1 2026,Chicago Bulls,91,Miami Heat,134
Sun Feb 1 2026,Utah Jazz,100,Toronto Raptors,107
Sun Feb 1 2026,Sacramento Kings,112,Washington Wizards,116
Sun Feb 1 2026,Los Angeles Lakers,100,New York Knicks,112
Sun Feb 1 2026,Los Angeles Clippers,117,Phoenix Suns,93
Sun Feb 1 2026,Cleveland Cavaliers,130,Portland Trail Blazers,111
Sun Feb 1 2026,Orlando Magic,103,San Antonio Spurs,112
Sun Feb 1 2026,Oklahoma City Thunder,121,Denver Nuggets,111
Mon Feb 2 2026,New Orleans Pelicans,95,Charlotte Hornets,102
Mon Feb 2 2026,Houston Rockets,118,Indiana Pacers,114
Mon Feb 2 2026,Minnesota Timberwolves,128,Memphis Grizzlies,137
Mon Feb 2 2026,Philadelphia 76ers,128,Los Angeles Clippers,113
Tue Feb 3 2026,Denver Nuggets,121,Detroit Pistons,124
Tue Feb 3 2026,Utah Jazz,131,Indiana Pacers,122
Tue Feb 3 2026,New York Knicks,132,Washington Wizards,101
Tue Feb 3 2026,Los Angeles Lakers,125,Brooklyn Nets,109
Tue Feb 3 2026,Atlanta Hawks,127,Miami Heat,115
Tue Feb 3 2026,Boston Celtics,110,Dallas Mavericks,100
Tue Feb 3 2026,Chicago Bulls,115,Milwaukee Bucks,131
Tue Feb 3 2026,Orlando Magic,92,Oklahoma City Thunder,128
Tue Feb 3 2026,Philadelphia 76ers,113,Golden State Warriors,94
Tue Feb 3 2026,Phoenix Suns,130,Portland Trail Blazers,125
Wed Feb 4 2026,Denver Nuggets,127,New York Knicks,134
Wed Feb 4 2026,Minnesota Timberwolves,128,Toronto Raptors,126
Wed Feb 4 2026,Boston Celtics,114,Houston Rockets,93
Wed Feb 4 2026,New Orleans Pelicans,137,Milwaukee Bucks,141
Wed Feb 4 2026,Oklahoma City Thunder,106,San Antonio Spurs,116
Wed Feb 4 2026,Memphis Grizzlies,129,Sacramento Kings,125
Wed Feb 4 2026,Cleveland Cavaliers,124,Los Angeles Clippers,91
Thu Feb 5 2026,Washington Wizards,126,Detroit Pistons,117
Thu Feb 5 2026,Brooklyn Nets,98,Orlando Magic,118
Thu Feb 5 2026,Utah Jazz,119,Atlanta Hawks,121
Thu Feb 5 2026,Chicago Bulls,107,Toronto Raptors,123
Thu Feb 5 2026,Charlotte Hornets,109,Houston Rockets,99
Thu Feb 5 2026,San Antonio Spurs,135,Dallas Mavericks,123
Thu Feb 5 2026,Philadelphia 76ers,115,Los Angeles Lakers,119
Thu Feb 5 2026,Golden State Warriors,101,Phoenix Suns,97
Fri Feb 6 2026,Miami Heat,96,Boston Celtics,98
Fri Feb 6 2026,New York Knicks,80,Detroit Pistons,118
Fri Feb 6 2026,Indiana Pacers,99,Milwaukee Bucks,105
Fri Feb 6 2026,New Orleans Pelicans,119,Minnesota Timberwolves,115
Fri Feb 6 2026,Memphis Grizzlies,115,Portland Trail Blazers,135
Fri Feb 6 2026,Los Angeles Clippers,114,Sacramento Kings,111
Sat Feb 7 2026,Washington Wizards,113,Brooklyn Nets,127
Sat Feb 7 2026,Houston Rockets,112,Oklahoma City Thunder,106
Sat Feb 7 2026,Dallas Mavericks,125,San Antonio Spurs,138
Sat Feb 7 2026,Utah Jazz,117,Orlando Magic,120
Sat Feb 7 2026,Charlotte Hornets,126,Atlanta Hawks,119
Sat Feb 7 2026,Denver Nuggets,136,Chicago Bulls,120
Sat Feb 7 2026,Golden State Warriors,99,Los Angeles Lakers,105
Sat Feb 7 2026,Philadelphia 76ers,109,Phoenix Suns,103
Sat Feb 7 2026,Memphis Grizzlies,115,Portland Trail Blazers,122
Sat Feb 7 2026,Cleveland Cavaliers,132,Sacramento Kings,126
Sun Feb 8 2026,New York Knicks,111,Boston Celtics,89
Sun Feb 8 2026,Miami Heat,132,Washington Wizards,101
Sun Feb 8 2026,Los Angeles Clippers,115,Minnesota Timberwolves,96
Sun Feb 8 2026,Indiana Pacers,104,Toronto Raptors,122
Mon Feb 9 2026,Detroit Pistons,110,Charlotte Hornets,104
Mon Feb 9 2026,Chicago Bulls,115,Brooklyn Nets,123
Mon Feb 9 2026,Utah Jazz,115,Miami Heat,111
Mon Feb 9 2026,Milwaukee Bucks,99,Orlando Magic,118
Mon Feb 9 2026,Atlanta Hawks,116,Minnesota Timberwolves,138
Mon Feb 9 2026,Sacramento Kings,94,New Orleans Pelicans,120
Mon Feb 9 2026,Cleveland Cavaliers,119,Denver Nuggets,117
Mon Feb 9 2026,Memphis Grizzlies,113,Golden State Warriors,114
Mon Feb 9 2026,Oklahoma City Thunder,119,Los Angeles Lakers,110
Mon Feb 9 2026,Philadelphia 76ers,118,Portland Trail Blazers,135
Tue Feb 10 2026,Indiana Pacers,137,New York Knicks,134
Tue Feb 10 2026,Los Angeles Clippers,95,Houston Rockets,102
Tue Feb 10 2026,Dallas Mavericks,111,Phoenix Suns,120
Tue Feb 10 2026,San Antonio Spurs,136,Los Angeles Lakers,108
Wed Feb 11 2026,Atlanta Hawks,107,Charlotte Hornets,110
Wed Feb 11 2026,Washington Wizards,113,Cleveland Cavaliers,138
Wed Feb 11 2026,Milwaukee Bucks,116,Orlando Magic,108
Wed Feb 11 2026,Chicago Bulls,105,Boston Celtics,124
Wed Feb 11 2026,Indiana Pacers,115,Brooklyn Nets,110
Wed Feb 11 2026,New York Knicks,138,Philadelphia 76ers,89
Wed Feb 11 2026,Detroit Pistons,113,Toronto Raptors,95
Wed Feb 11 2026,Los Angeles Clippers,105,Houston Rockets,102
Wed Feb 11 2026,Portland Trail Blazers,109,Minnesota Timberwolves,133
Wed Feb 11 2026,Miami Heat,123,New Orleans Pelicans,111
Wed Feb 11 2026,Memphis Grizzlies,116,Denver Nuggets,122
Wed Feb 11 2026,Oklahoma City Thunder,136,Phoenix Suns,109
Wed Feb 11 2026,Sacramento Kings,93,Utah Jazz,121
Wed Feb 11 2026,San Antonio Spurs,126,Golden State Warriors,113
Thu Feb 12 2026,Milwaukee Bucks,110,Oklahoma City Thunder,93
Thu Feb 12 2026,Portland Trail Blazers,135,Utah Jazz,119
Thu Feb 12 2026,Dallas Mavericks,104,Los Angeles Lakers,124
Thu Feb 19 2026,Houston Rockets,105,Charlotte Hornets,101
Thu Feb 19 2026,Brooklyn Nets,84,Cleveland Cavaliers,112
Thu Feb 19 2026,Atlanta Hawks,117,Philadelphia 76ers,107
Thu Feb 19 2026,Indiana Pacers,105,Washington Wizards,112
Thu Feb 19 2026,Detroit Pistons,126,New York Knicks,111
Thu Feb 19 2026,Toronto Raptors,110,Chicago Bulls,101
Thu Feb 19 2026,Phoenix Suns,94,San Antonio Spurs,121
Thu Feb 19 2026,Boston Celtics,121,Golden State Warriors,110
Thu Feb 19 2026,Orlando Magic,131,Sacramento Kings,94
Thu Feb 19 2026,Denver Nuggets,114,Los Angeles Clippers,115
Fri Feb 20 2026,Cleveland Cavaliers,118,Charlotte Hornets,113
Fri Feb 20 2026,Utah Jazz,114,Memphis Grizzlies,123
Fri Feb 20 2026,Indiana Pacers,118,Washington Wizards,131
Fri Feb 20 2026,Miami Heat,128,Atlanta Hawks,97
Fri Feb 20 2026,Dallas Mavericks,111,Minnesota Timberwolves,122
Fri Feb 20 2026,Milwaukee Bucks,139,New Orleans Pelicans,118
Fri Feb 20 2026,Brooklyn Nets,86,Oklahoma City Thunder,105
Fri Feb 20 2026,Los Angeles Clippers,122,Los Angeles Lakers,125
Fri Feb 20 2026,Denver Nuggets,157,Portland Trail Blazers,103
Sat Feb 21 2026,Orlando Magic,110,Phoenix Suns,113
Sat Feb 21 2026,Philadelphia 76ers,111,New Orleans Pelicans,126
Sat Feb 21 2026,Detroit Pistons,126,Chicago Bulls,110
Sat Feb 21 2026,Memphis Grizzlies,120,Miami Heat,136
Sat Feb 21 2026,Sacramento Kings,122,San Antonio Spurs,139
Sat Feb 21 2026,Houston Rockets,106,New York Knicks,108
Sun Feb 22 2026,Cleveland Cavaliers,113,Oklahoma City Thunder,121
Sun Feb 22 2026,Brooklyn Nets,104,Atlanta Hawks,115
Sun Feb 22 2026,Denver Nuggets,117,Golden State Warriors,128
Sun Feb 22 2026,Toronto Raptors,122,Milwaukee Bucks,94
Sun Feb 22 2026,Dallas Mavericks,134,Indiana Pacers,130
Sun Feb 22 2026,Charlotte Hornets,129,Washington Wizards,112
Sun Feb 22 2026,Boston Celtics,111,Los Angeles Lakers,89
Sun Feb 22 2026,Philadelphia 76ers,135,Minnesota Timberwolves,108
Sun Feb 22 2026,New York Knicks,105,Chicago Bulls,99
Sun Feb 22 2026,Portland Trail Blazers,92,Phoenix Suns,77
Sun Feb 22 2026,Orlando Magic,111,Los Angeles Clippers,109
Mon Feb 23 2026,San Antonio Spurs,114,Detroit Pistons,103
Mon Feb 23 2026,Sacramento Kings,123,Memphis Grizzlies,114
Mon Feb 23 2026,Utah Jazz,105,Houston Rockets,125
Tue Feb 24 2026,Philadelphia 76ers,135,Indiana Pacers,114
Tue Feb 24 2026,Washington Wizards,98,Atlanta Hawks,119
Tue Feb 24 2026,Dallas Mavericks,123,Brooklyn Nets,114
Tue Feb 24 2026,New York Knicks,94,Cleveland Cavaliers,109
Tue Feb 24 2026,Oklahoma City Thunder,116,Toronto Raptors,107
Tue Feb 24 2026,Charlotte Hornets,131,Chicago Bulls,99
Tue Feb 24 2026,Miami Heat,117,Milwaukee Bucks,128
Tue Feb 24 2026,Golden State Warriors,109,New Orleans Pelicans,113
Tue Feb 24 2026,Boston Celtics,97,Phoenix Suns,81
Tue Feb 24 2026,Minnesota Timberwolves,124,Portland Trail Blazers,121
Tue Feb 24 2026,Orlando Magic,110,Los Angeles Lakers,109
Wed Feb 25 2026,Oklahoma City Thunder,116,Detroit Pistons,124
Wed Feb 25 2026,Golden State Warriors,133,Memphis Grizzlies,112
Wed Feb 25 2026,San Antonio Spurs,110,Toronto Raptors,107
Wed Feb 25 2026,Sacramento Kings,97,Houston Rockets,128
Wed Feb 25 2026,Cleveland Cavaliers,116,Milwaukee Bucks,118
Wed Feb 25 2026,Boston Celtics,84,Denver Nuggets,103
Thu Feb 26 2026,Charlotte Hornets,133,Indiana Pacers,109
Thu Feb 26 2026,Miami Heat,117,Philadelphia 76ers,124
Thu Feb 26 2026,Washington Wizards,96,Atlanta Hawks,126
Thu Feb 26 2026,San Antonio Spurs,126,Brooklyn Nets,110
Thu Feb 26 2026,Houston Rockets,113,Orlando Magic,108
Thu Feb 26 2026,Portland Trail Blazers,121,Chicago Bulls,112
Thu Feb 26 2026,Sacramento Kings,130,Dallas Mavericks,121
Thu Feb 26 2026,Los Angeles Lakers,110,Phoenix Suns,113
Thu Feb 26 2026,New Orleans Pelicans,129,Utah Jazz,118
Thu Feb 26 2026,Minnesota Timberwolves,94,Los Angeles Clippers,88
Fri Feb 27 2026,Cleveland Cavaliers,119,Detroit Pistons,122
Fri Feb 27 2026,Brooklyn Nets,111,Boston Celtics,148
Fri Feb 27 2026,New York Knicks,127,Milwaukee Bucks,98
Fri Feb 27 2026,Memphis Grizzlies,124,Dallas Mavericks,105
Fri Feb 27 2026,Denver Nuggets,121,Oklahoma City Thunder,127
Sat Feb 28 2026,Portland Trail Blazers,93,Charlotte Hornets,109
Sat Feb 28 2026,Houston Rockets,105,Miami Heat,115
Sat Feb 28 2026,Toronto Raptors,134,Washington Wizards,125
Sat Feb 28 2026,Los Angeles Lakers,129,Golden State Warriors,101
Sat Feb 28 2026,New Orleans Pelicans,115,Utah Jazz,105
Sun Mar 1 2026,San Antonio Spurs,89,New York Knicks,114
Sun Mar 1 2026,Cleveland Cavaliers,106,Brooklyn Nets,102
Sun Mar 1 2026,Milwaukee Bucks,97,Chicago Bulls,120
Sun Mar 1 2026,Minnesota Timberwolves,117,Denver Nuggets,108
Sun Mar 1 2026,Memphis Grizzlies,125,Indiana Pacers,106
Sun Mar 1 2026,Portland Trail Blazers,101,Atlanta Hawks,135
Sun Mar 1 2026,Detroit Pistons,106,Orlando Magic,92
Sun Mar 1 2026,Philadelphia 76ers,98,Boston Celtics,114
Sun Mar 1 2026,Oklahoma City Thunder,100,Dallas Mavericks,87
Sun Mar 1 2026,New Orleans Pelicans,117,Los Angeles Clippers,137
Sun Mar 1 2026,Sacramento Kings,104,Los Angeles Lakers,128
Mon Mar 2 2026,Houston Rockets,123,Washington Wizards,118
Mon Mar 2 2026,Boston Celtics,108,Milwaukee Bucks,81
Mon Mar 2 2026,Denver Nuggets,128,Utah Jazz,125
Mon Mar 2 2026,Los Angeles Clippers,114,Golden State Warriors,101
Tue Mar 3 2026,Dallas Mavericks,90,Charlotte Hornets,117
Tue Mar 3 2026,Detroit Pistons,109,Cleveland Cavaliers,113
Tue Mar 3 2026,Washington Wizards,109,Orlando Magic,126
Tue Mar 3 2026,Brooklyn Nets,98,Miami Heat,124
Tue Mar 3 2026,New York Knicks,111,Toronto Raptors,95
Tue Mar 3 2026,Oklahoma City Thunder,116,Chicago Bulls,108
Tue Mar 3 2026,Memphis Grizzlies,110,Minnesota Timberwolves,117
Tue Mar 3 2026,San Antonio Spurs,131,Philadelphia 76ers,91
Tue Mar 3 2026,New Orleans Pelicans,101,Los Angeles Lakers,110
Tue Mar 3 2026,Phoenix Suns,114,Sacramento Kings,103
Wed Mar 4 2026,Oklahoma City Thunder,103,New York Knicks,100
Wed Mar 4 2026,Charlotte Hornets,118,Boston Celtics,89
Wed Mar 4 2026,Utah Jazz,102,Philadelphia 76ers,106
Wed Mar 4 2026,Portland Trail Blazers,122,Memphis Grizzlies,114
Wed Mar 4 2026,Atlanta Hawks,131,Milwaukee Bucks,113
Wed Mar 4 2026,Indiana Pacers,107,Los Angeles Clippers,130
Thu Mar 5 2026,Dallas Mavericks,114,Orlando Magic,115
Thu Mar 5 2026,Utah Jazz,122,Washington Wizards,112
Thu Mar 5 2026,Golden State Warriors,115,Houston Rockets,113
Thu Mar 5 2026,Brooklyn Nets,110,Miami Heat,126
Thu Mar 5 2026,Toronto Raptors,107,Minnesota Timberwolves,115
Thu Mar 5 2026,Detroit Pistons,106,San Antonio Spurs,121
Thu Mar 5 2026,Chicago Bulls,105,Phoenix Suns,103
Thu Mar 5 2026,Los Angeles Lakers,113,Denver Nuggets,120
Thu Mar 5 2026,New Orleans Pelicans,133,Sacramento Kings,123
Fri Mar 6 2026,Dallas Mavericks,100,Boston Celtics,120
Fri Mar 6 2026,Miami Heat,128,Charlotte Hornets,120
Fri Mar 6 2026,Portland Trail Blazers,99,Houston Rockets,106
Fri Mar 6 2026,New York Knicks,142,Denver Nuggets,103
Fri Mar 6 2026,New Orleans Pelicans,116,Phoenix Suns,118
Fri Mar 6 2026,Los Angeles Clippers,112,San Antonio Spurs,116
Fri Mar 6 2026,Indiana Pacers,117,Los Angeles Lakers,128
Sat Mar 7 2026,Orlando Magic,119,Minnesota Timberwolves,92
Sat Mar 7 2026,Philadelphia 76ers,116,Atlanta Hawks,125
Sat Mar 7 2026,Brooklyn Nets,107,Detroit Pistons,105
Sat Mar 7 2026,Los Angeles Clippers,123,Memphis Grizzlies,120
Sat Mar 7 2026,Utah Jazz,99,Milwaukee Bucks,113
Sat Mar 7 2026,Golden State Warriors,97,Oklahoma City Thunder,104
Sun Mar 8 2026,Boston Celtics,109,Cleveland Cavaliers,98
Sun Mar 8 2026,New York Knicks,97,Los Angeles Lakers,110
Sun Mar 8 2026,Detroit Pistons,110,Miami Heat,121
Sun Mar 8 2026,Dallas Mavericks,92,Toronto Raptors,122
Sun Mar 8 2026,Washington Wizards,118,New Orleans Pelicans,138
Sun Mar 8 2026,Orlando Magic,130,Milwaukee Bucks,91
Sun Mar 8 2026,Houston Rockets,120,San Antonio Spurs,145
Sun Mar 8 2026,Indiana Pacers,111,Portland Trail Blazers,131
Sun Mar 8 2026,Chicago Bulls,110,Sacramento Kings,126
Sun Mar 8 2026,Charlotte Hornets,99,Phoenix Suns,111
Mon Mar 9 2026,Philadelphia 76ers,101,Cleveland Cavaliers,115
Mon Mar 9 2026,Memphis Grizzlies,115,Brooklyn Nets,126
Mon Mar 9 2026,Denver Nuggets,126,Oklahoma City Thunder,129
Mon Mar 9 2026,Golden State Warriors,116,Utah Jazz,119
Mon Mar 9 2026,New York Knicks,118,Los Angeles Clippers,126
Tue Mar 10 2026,Memphis Grizzlies,129,Philadelphia 76ers,139
Tue Mar 10 2026,Dallas Mavericks,112,Atlanta Hawks,124
Tue Mar 10 2026,Detroit Pistons,138,Brooklyn Nets,100
Tue Mar 10 2026,Washington Wizards,129,Miami Heat,150
Tue Mar 10 2026,Toronto Raptors,99,Houston Rockets,113
Tue Mar 10 2026,Phoenix Suns,129,Milwaukee Bucks,114
Tue Mar 10 2026,Boston Celtics,116,San Antonio Spurs,125
Tue Mar 10 2026,Chicago Bulls,130,Golden State Warriors,124
Tue Mar 10 2026,Charlotte Hornets,103,Portland Trail Blazers,101
Tue Mar 10 2026,Indiana Pacers,109,Sacramento Kings,114
Tue Mar 10 2026,Minnesota Timberwolves,106,Los Angeles Lakers,120
Wed Mar 11 2026,Cleveland Cavaliers,122,Orlando Magic,128
Wed Mar 11 2026,Toronto Raptors,111,New Orleans Pelicans,122
Wed Mar 11 2026,New York Knicks,134,Utah Jazz,117
Wed Mar 11 2026,Houston Rockets,93,Denver Nuggets,129
Wed Mar 11 2026,Charlotte Hornets,117,Sacramento Kings,109
Wed Mar 11 2026,Minnesota Timberwolves,128,Los Angeles Clippers,153
Thu Mar 12 2026,Philadelphia 76ers,109,Detroit Pistons,131
Thu Mar 12 2026,Phoenix Suns,123,Indiana Pacers,108
Thu Mar 12 2026,Washington Wizards,131,Orlando Magic,136
Thu Mar 12 2026,Brooklyn Nets,97,Atlanta Hawks,108
Thu Mar 12 2026,Milwaukee Bucks,105,Miami Heat,112
Thu Mar 12 2026,Dallas Mavericks,120,Memphis Grizzlies,112
Thu Mar 12 2026,Denver Nuggets,136,San Antonio Spurs,131
Thu Mar 12 2026,Boston Celtics,102,Oklahoma City Thunder,104
Thu Mar 12 2026,Chicago Bulls,130,Los Angeles Lakers,142
Fri Mar 13 2026,Cleveland Cavaliers,138,Dallas Mavericks,105
Fri Mar 13 2026,Memphis Grizzlies,110,Detroit Pistons,126
Fri Mar 13 2026,New York Knicks,101,Indiana Pacers,92
Fri Mar 13 2026,Phoenix Suns,115,Toronto Raptors,122
Fri Mar 13 2026,New Orleans Pelicans,105,Houston Rockets,107
Fri Mar 13 2026,Minnesota Timberwolves,127,Golden State Warriors,117
Fri Mar 13 2026,Utah Jazz,114,Portland Trail Blazers,124
Fri Mar 13 2026,Chicago Bulls,108,Los Angeles Clippers,119
Sat Mar 14 2026,Brooklyn Nets,97,Philadelphia 76ers,104
Sat Mar 14 2026,Milwaukee Bucks,99,Atlanta Hawks,122
Sat Mar 14 2026,Charlotte Hornets,102,San Antonio Spurs,115
Sat Mar 14 2026,Washington Wizards,100,Boston Celtics,111
Sat Mar 14 2026,Orlando Magic,121,Miami Heat,117
Sat Mar 14 2026,Denver Nuggets,125,Los Angeles Lakers,127
Sat Mar 14 2026,Sacramento Kings,118,Los Angeles Clippers,109
Sun Mar 15 2026,Minnesota Timberwolves,103,Oklahoma City Thunder,116
Sun Mar 15 2026,Dallas Mavericks,130,Cleveland Cavaliers,120
Sun Mar 15 2026,Indiana Pacers,123,Milwaukee Bucks,134
Sun Mar 15 2026,Detroit Pistons,108,Toronto Raptors,119
Sun Mar 15 2026,Portland Trail Blazers,103,Philadelphia 76ers,109
Sun Mar 15 2026,Golden State Warriors,107,New York Knicks,110
Sun Mar 15 2026,Utah Jazz,111,Sacramento Kings,116
Mon Mar 16 2026,Orlando Magic,112,Atlanta Hawks,124
Mon Mar 16 2026,Golden State Warriors,125,Washington Wizards,117
Mon Mar 16 2026,Phoenix Suns,112,Boston Celtics,120
Mon Mar 16 2026,Portland Trail Blazers,114,Brooklyn Nets,95
Mon Mar 16 2026,Memphis Grizzlies,107,Chicago Bulls,132
Mon Mar 16 2026,Dallas Mavericks,111,New Orleans Pelicans,129
Mon Mar 16 2026,Los Angeles Lakers,100,Houston Rockets,92
Mon Mar 16 2026,San Antonio Spurs,119,Los Angeles Clippers,115
Tue Mar 17 2026,Miami Heat,106,Charlotte Hornets,136
Tue Mar 17 2026,Oklahoma City Thunder,113,Orlando Magic,108
Tue Mar 17 2026,Detroit Pistons,130,Washington Wizards,117
Tue Mar 17 2026,Indiana Pacers,110,New York Knicks,136
Tue Mar 17 2026,Cleveland Cavaliers,123,Milwaukee Bucks,116
Tue Mar 17 2026,Phoenix Suns,104,Minnesota Timberwolves,116
Tue Mar 17 2026,Philadelphia 76ers,96,Denver Nuggets,124
Tue Mar 17 2026,San Antonio Spurs,132,Sacramento Kings,104
Wed Mar 18 2026,Golden State Warriors,99,Boston Celtics,120
Wed Mar 18 2026,Oklahoma City Thunder,121,Brooklyn Nets,92
Wed Mar 18 2026,Portland Trail Blazers,127,Indiana Pacers,119
Wed Mar 18 2026,Toronto Raptors,139,Chicago Bulls,109
Wed Mar 18 2026,Utah Jazz,111,Minnesota Timberwolves,147
Wed Mar 18 2026,Los Angeles Clippers,109,New Orleans Pelicans,124
Wed Mar 18 2026,Atlanta Hawks,135,Dallas Mavericks,120
Wed Mar 18 2026,Denver Nuggets,118,Memphis Grizzlies,125
Wed Mar 18 2026,Los Angeles Lakers,124,Houston Rockets,116
Thu Mar 19 2026,Orlando Magic,111,Charlotte Hornets,130
Thu Mar 19 2026,Detroit Pistons,117,Washington Wizards,95
Thu Mar 19 2026,Cleveland Cavaliers,115,Chicago Bulls,110
Thu Mar 19 2026,Los Angeles Lakers,134,Miami Heat,126
Thu Mar 19 2026,Los Angeles Clippers,99,New Orleans Pelicans,105
Thu Mar 19 2026,Phoenix Suns,100,San Antonio Spurs,101
Thu Mar 19 2026,Milwaukee Bucks,96,Utah Jazz,128
Thu Mar 19 2026,Philadelphia 76ers,139,Sacramento Kings,118
Fri Mar 20 2026,New York Knicks,93,Brooklyn Nets,92
Fri Mar 20 2026,Golden State Warriors,101,Detroit Pistons,115
Fri Mar 20 2026,Atlanta Hawks,95,Houston Rockets,117
Fri Mar 20 2026,Boston Celtics,117,Memphis Grizzlies,112
Fri Mar 20 2026,Portland Trail Blazers,108,Minnesota Timberwolves,104
Fri Mar 20 2026,Toronto Raptors,115,Denver Nuggets,121
Sat Mar 21 2026,Oklahoma City Thunder,132,Washington Wizards,111
Sat Mar 21 2026,Memphis Grizzlies,101,Charlotte Hornets,124
Sat Mar 21 2026,Cleveland Cavaliers,111,New Orleans Pelicans,106
Sat Mar 21 2026,Los Angeles Lakers,105,Orlando Magic,104
Sat Mar 21 2026,Golden State Warriors,110,Atlanta Hawks,126
Sat Mar 21 2026,Miami Heat,122,Houston Rockets,123
Sat Mar 21 2026,Indiana Pacers,119,San Antonio Spurs,134
Sat Mar 21 2026,Los Angeles Clippers,138,Dallas Mavericks,131
Sat Mar 21 2026,Philadelphia 76ers,126,Utah Jazz,116
Sat Mar 21 2026,Milwaukee Bucks,108,Phoenix Suns,105
Sun Mar 22 2026,Portland Trail Blazers,112,Denver Nuggets,128
Sun Mar 22 2026,Brooklyn Nets,122,Sacramento Kings,126
Sun Mar 22 2026,Washington Wizards,113,New York Knicks,145
Sun Mar 22 2026,Minnesota Timberwolves,102,Boston Celtics,92
Sun Mar 22 2026,Toronto Raptors,98,Phoenix Suns,120
Mon Mar 23 2026,Los Angeles Lakers,110,Detroit Pistons,113
Mon Mar 23 2026,San Antonio Spurs,136,Miami Heat,111
Mon Mar 23 2026,Indiana Pacers,128,Orlando Magic,126
Mon Mar 23 2026,Oklahoma City Thunder,123,Philadelphia 76ers,103
Mon Mar 23 2026,Memphis Grizzlies,107,Atlanta Hawks,146
Mon Mar 23 2026,Houston Rockets,124,Chicago Bulls,132
Mon Mar 23 2026,Toronto Raptors,143,Utah Jazz,127
Mon Mar 23 2026,Golden State Warriors,137,Dallas Mavericks,131
Mon Mar 23 2026,Brooklyn Nets,99,Portland Trail Blazers,134
Mon Mar 23 2026,Milwaukee Bucks,96,Los Angeles Clippers,129
Tue Mar 24 2026,Sacramento Kings,90,Charlotte Hornets,134
Tue Mar 24 2026,New Orleans Pelicans,116,New York Knicks,121
Tue Mar 24 2026,Orlando Magic,131,Cleveland Cavaliers,136
Tue Mar 24 2026,Denver Nuggets,125,Phoenix Suns,123
Wed Mar 25 2026,Atlanta Hawks,130,Detroit Pistons,129
Wed Mar 25 2026,Los Angeles Lakers,137,Indiana Pacers,130
Wed Mar 25 2026,Chicago Bulls,137,Philadelphia 76ers,157
Wed Mar 25 2026,Oklahoma City Thunder,109,Boston Celtics,119
Wed Mar 25 2026,Miami Heat,120,Cleveland Cavaliers,103
Wed Mar 25 2026,San Antonio Spurs,123,Memphis Grizzlies,98
Wed Mar 25 2026,Washington Wizards,133,Utah Jazz,110
Wed Mar 25 2026,Houston Rockets,108,Minnesota Timberwolves,110
Wed Mar 25 2026,Dallas Mavericks,135,Denver Nuggets,142
Wed Mar 25 2026,Brooklyn Nets,106,Golden State Warriors,109
Wed Mar 25 2026,Milwaukee Bucks,99,Portland Trail Blazers,130
Wed Mar 25 2026,Toronto Raptors,94,Los Angeles Clippers,119
Thu Mar 26 2026,New York Knicks,103,Charlotte Hornets,114
Thu Mar 26 2026,New Orleans Pelicans,108,Detroit Pistons,129
Thu Mar 26 2026,Sacramento Kings,117,Orlando Magic,121
Fri Mar 27 2026,Los Angeles Clippers,114,Indiana Pacers,113
Fri Mar 27 2026,Atlanta Hawks,102,Boston Celtics,109
Fri Mar 27 2026,Miami Heat,128,Cleveland Cavaliers,149
Fri Mar 27 2026,Houston Rockets,119,Memphis Grizzlies,109
Fri Mar 27 2026,Chicago Bulls,113,Oklahoma City Thunder,131
Fri Mar 27 2026,New Orleans Pelicans,106,Toronto Raptors,119
Fri Mar 27 2026,Utah Jazz,129,Denver Nuggets,135
Fri Mar 27 2026,Washington Wizards,126,Golden State Warriors,131
Fri Mar 27 2026,Dallas Mavericks,100,Portland Trail Blazers,93
Fri Mar 27 2026,Brooklyn Nets,99,Los Angeles Lakers,116
Sat Mar 28 2026,San Antonio Spurs,127,Milwaukee Bucks,95
Sat Mar 28 2026,Detroit Pistons,109,Minnesota Timberwolves,87
Sat Mar 28 2026,Philadelphia 76ers,118,Charlotte Hornets,114
Sat Mar 28 2026,Sacramento Kings,113,Atlanta Hawks,123
Sat Mar 28 2026,Chicago Bulls,124,Memphis Grizzlies,125
Sat Mar 28 2026,Utah Jazz,109,Phoenix Suns,134
Sun Mar 29 2026,Los Angeles Clippers,127,Milwaukee Bucks,113
Sun Mar 29 2026,Miami Heat,118,Indiana Pacers,135
Sun Mar 29 2026,Sacramento Kings,99,Brooklyn Nets,116
Sun Mar 29 2026,Boston Celtics,114,Charlotte Hornets,99
Sun Mar 29 2026,Washington Wizards,88,Portland Trail Blazers,123
Sun Mar 29 2026,Orlando Magic,87,Toronto Raptors,139
Sun Mar 29 2026,Houston Rockets,134,New Orleans Pelicans,102
Sun Mar 29 2026,New York Knicks,100,Oklahoma City Thunder,111
Sun Mar 29 2026,Golden State Warriors,93,Denver Nuggets,116
Mon Mar 30 2026,Philadelphia 76ers,109,Miami Heat,119
Mon Mar 30 2026,Boston Celtics,102,Atlanta Hawks,112
Mon Mar 30 2026,Phoenix Suns,131,Memphis Grizzlies,105
Mon Mar 30 2026,Chicago Bulls,114,San Antonio Spurs,129
Mon Mar 30 2026,Minnesota Timberwolves,124,Dallas Mavericks,94
Mon Mar 30 2026,Cleveland Cavaliers,122,Utah Jazz,113
Mon Mar 30 2026,Detroit Pistons,110,Oklahoma City Thunder,114
Mon Mar 30 2026,Washington Wizards,101,Los Angeles Lakers,120
Tue Mar 31 2026,Phoenix Suns,111,Orlando Magic,115
Tue Mar 31 2026,Charlotte Hornets,117,Brooklyn Nets,86
Tue Mar 31 2026,Toronto Raptors,116,Detroit Pistons,127
Tue Mar 31 2026,New York Knicks,94,Houston Rockets,111
Tue Mar 31 2026,Dallas Mavericks,99,Milwaukee Bucks,123
Tue Mar 31 2026,Cleveland Cavaliers,113,Los Angeles Lakers,127
Tue Mar 31 2026,Portland Trail Blazers,114,Los Angeles Clippers,104
Wed Apr 1 2026,Atlanta Hawks,130,Orlando Magic,101
Wed Apr 1 2026,Philadelphia 76ers,153,Washington Wizards,131
Wed Apr 1 2026,Boston Celtics,147,Miami Heat,129
Wed Apr 1 2026,Indiana Pacers,145,Chicago Bulls,126
Wed Apr 1 2026,Milwaukee Bucks,113,Houston Rockets,119
Wed Apr 1 2026,New York Knicks,130,Memphis Grizzlies,119
Wed Apr 1 2026,Sacramento Kings,123,Toronto Raptors,115
Wed Apr 1 2026,Denver Nuggets,130,Utah Jazz,117
Wed Apr 1 2026,San Antonio Spurs,127,Golden State Warriors,113
Thu Apr 2 2026,Phoenix Suns,107,Charlotte Hornets,127
Thu Apr 2 2026,Minnesota Timberwolves,108,Detroit Pistons,113
Thu Apr 2 2026,Los Angeles Lakers,96,Oklahoma City Thunder,139
Thu Apr 2 2026,Cleveland Cavaliers,118,Golden State Warriors,111
Thu Apr 2 2026,New Orleans Pelicans,106,Portland Trail Blazers,118
Thu Apr 2 2026,San Antonio Spurs,118,Los Angeles Clippers,99
Fri Apr 3 2026,Indiana Pacers,108,Charlotte Hornets,129
Fri Apr 3 2026,Minnesota Timberwolves,103,Philadelphia 76ers,115
Fri Apr 3 2026,Atlanta Hawks,141,Brooklyn Nets,107
Fri Apr 3 2026,Chicago Bulls,96,New York Knicks,136
Fri Apr 3 2026,Utah Jazz,106,Houston Rockets,140
Fri Apr 3 2026,Toronto Raptors,128,Memphis Grizzlies,96
Fri Apr 3 2026,Boston Celtics,133,Milwaukee Bucks,101
Fri Apr 3 2026,Orlando Magic,138,Dallas Mavericks,127
Fri Apr 3 2026,New Orleans Pelicans,113,Sacramento Kings,117
Sat Apr 4 2026,San Antonio Spurs,134,Denver Nuggets,136
Sat Apr 4 2026,Washington Wizards,136,Miami Heat,152
Sat Apr 4 2026,Detroit Pistons,116,Philadelphia 76ers,93
Sun Apr 5 2026,Toronto Raptors,101,Boston Celtics,115
Sun Apr 5 2026,Washington Wizards,115,Brooklyn Nets,121
Sun Apr 5 2026,Phoenix Suns,120,Chicago Bulls,110
Sun Apr 5 2026,Memphis Grizzlies,115,Milwaukee Bucks,131
Sun Apr 5 2026,Indiana Pacers,108,Cleveland Cavaliers,117
Sun Apr 5 2026,Charlotte Hornets,122,Minnesota Timberwolves,108
Sun Apr 5 2026,Orlando Magic,112,New Orleans Pelicans,108
Sun Apr 5 2026,Utah Jazz,111,Oklahoma City Thunder,146
Sun Apr 5 2026,Los Angeles Lakers,128,Dallas Mavericks,134
Sun Apr 5 2026,Los Angeles Clippers,138,Sacramento Kings,109
Sun Apr 5 2026,Houston Rockets,117,Golden State Warriors,116
Mon Apr 6 2026,New York Knicks,108,Atlanta Hawks,105
Mon Apr 6 2026,Detroit Pistons,107,Orlando Magic,123
Mon Apr 6 2026,Cleveland Cavaliers,142,Memphis Grizzlies,126
Mon Apr 6 2026,Philadelphia 76ers,102,San Antonio Spurs,115
Mon Apr 6 2026,Portland Trail Blazers,132,Denver Nuggets,137
Tue Apr 7 2026,Minnesota Timberwolves,124,Indiana Pacers,104
Tue Apr 7 2026,Chicago Bulls,129,Washington Wizards,98
Tue Apr 7 2026,Milwaukee Bucks,90,Brooklyn Nets,96
Tue Apr 7 2026,Miami Heat,95,Toronto Raptors,121
Tue Apr 7 2026,Charlotte Hornets,102,Boston Celtics,113
Tue Apr 7 2026,Utah Jazz,137,New Orleans Pelicans,156
Tue Apr 7 2026,Sacramento Kings,105,Golden State Warriors,110
Tue Apr 7 2026,Dallas Mavericks,103,Los Angeles Clippers,116
Tue Apr 7 2026,Oklahoma City Thunder,123,Los Angeles Lakers,87
Tue Apr 7 2026,Houston Rockets,119,Phoenix Suns,105
Wed Apr 8 2026,Atlanta Hawks,116,Cleveland Cavaliers,122
Wed Apr 8 2026,Milwaukee Bucks,111,Detroit Pistons,137
Wed Apr 8 2026,Minnesota Timberwolves,120,Orlando Magic,132
Wed Apr 8 2026,Memphis Grizzlies,119,Denver Nuggets,136
Wed Apr 8 2026,Portland Trail Blazers,101,San Antonio Spurs,112
Wed Apr 8 2026,Oklahoma City Thunder,128,Los Angeles Clippers,110
Wed Apr 8 2026,Dallas Mavericks,107,Phoenix Suns,112
Thu Apr 9 2026,Miami Heat,114,Toronto Raptors,128
Thu Apr 9 2026,Chicago Bulls,119,Washington Wizards,108
Thu Apr 9 2026,Indiana Pacers,123,Brooklyn Nets,94
Thu Apr 9 2026,Boston Celtics,106,New York Knicks,112
Thu Apr 9 2026,Philadelphia 76ers,102,Houston Rockets,113
Thu Apr 9 2026,Los Angeles Lakers,119,Golden State Warriors,103
Fri Apr 10 2026,Cleveland Cavaliers,102,Atlanta Hawks,124
Fri Apr 10 2026,Detroit Pistons,118,Charlotte Hornets,100
Fri Apr 10 2026,Miami Heat,140,Washington Wizards,117
Fri Apr 10 2026,New Orleans Pelicans,118,Boston Celtics,144
Fri Apr 10 2026,Philadelphia 76ers,105,Indiana Pacers,94
Fri Apr 10 2026,Toronto Raptors,95,New York Knicks,112
Fri Apr 10 2026,Orlando Magic,127,Chicago Bulls,103
Fri Apr 10 2026,Brooklyn Nets,108,Milwaukee Bucks,125
Fri Apr 10 2026,Dallas Mavericks,120,San Antonio Spurs,139
Fri Apr 10 2026,Oklahoma City Thunder,107,Denver Nuggets,127
Fri Apr 10 2026,Minnesota Timberwolves,136,Houston Rockets,132
Fri Apr 10 2026,Memphis Grizzlies,101,Utah Jazz,147
Fri Apr 10 2026,Los Angeles Clippers,97,Portland Trail Blazers,116
Fri Apr 10 2026,Golden State Warriors,118,Sacramento Kings,124
Fri Apr 10 2026,Phoenix Suns,73,Los Angeles Lakers,101
Sun Apr 12 2026,Orlando Magic,108,Boston Celtics,113
Sun Apr 12 2026,Washington Wizards,117,Cleveland Cavaliers,130
Sun Apr 12 2026,Detroit Pistons,133,Indiana Pacers,121
Sun Apr 12 2026,Atlanta Hawks,117,Miami Heat,143
Sun Apr 12 2026,Charlotte Hornets,110,New York Knicks,96
Sun Apr 12 2026,Milwaukee Bucks,106,Philadelphia 76ers,126
Sun Apr 12 2026,Brooklyn Nets,101,Toronto Raptors,136
Sun Apr 12 2026,Chicago Bulls,128,Dallas Mavericks,149
Sun Apr 12 2026,Memphis Grizzlies,101,Houston Rockets,132
Sun Apr 12 2026,Golden State Warriors,110,Los Angeles Clippers,115
Sun Apr 12 2026,Utah Jazz,107,Los Angeles Lakers,131
Sun Apr 12 2026,New Orleans Pelicans,126,Minnesota Timberwolves,132
Sun Apr 12 2026,Phoenix Suns,135,Oklahoma City Thunder,103
Sun Apr 12 2026,Sacramento Kings,110,Portland Trail Blazers,122
Sun Apr 12 2026,Denver Nuggets,128,San Antonio Spurs,118